Type,Air temperature [K],Process temperature [K],Rotational speed [rpm],Torque [Nm],Tool wear [min],Machine failure,TWF,HDF,PWF,OSF,RNF,temperature difference,tool_wear_group,torque_group,power,high_wear_risk
M,298.1,308.6,1551,42.8,0,0,0,0,0,0,0,10.5,Low,Medium,66382.79999999999,0
L,298.2,308.7,1408,46.3,3,0,0,0,0,0,0,10.5,Low,Medium,65190.399999999994,0
L,298.1,308.5,1498,49.4,5,0,0,0,0,0,0,10.399999999999977,Low,Medium,74001.2,0
L,298.2,308.6,1433,39.5,7,0,0,0,0,0,0,10.400000000000034,Low,Medium,56603.5,0
L,298.2,308.7,1408,40.0,9,0,0,0,0,0,0,10.5,Low,Medium,56320.0,0
M,298.1,308.6,1425,41.9,11,0,0,0,0,0,0,10.5,Low,Medium,59707.5,0
L,298.1,308.6,1558,42.4,14,0,0,0,0,0,0,10.5,Low,Medium,66059.2,0
L,298.1,308.6,1527,40.2,16,0,0,0,0,0,0,10.5,Low,Medium,61385.4,0
M,298.3,308.7,1667,28.6,18,0,0,0,0,0,0,10.399999999999977,Low,Medium,47676.200000000004,0
M,298.5,309.0,1741,28.0,21,0,0,0,0,0,0,10.5,Low,Low,48748.0,0
H,298.4,308.9,1782,23.9,24,0,0,0,0,0,0,10.5,Low,Low,42589.799999999996,0
H,298.6,309.1,1423,44.3,29,0,0,0,0,0,0,10.5,Low,Medium,63038.899999999994,0
M,298.6,309.1,1339,51.1,34,0,0,0,0,0,0,10.5,Low,Medium,68422.90000000001,0
M,298.6,309.2,1742,30.0,37,0,0,0,0,0,0,10.599999999999966,Low,Medium,52260.0,0
L,298.6,309.2,2035,19.6,40,0,0,0,0,0,0,10.599999999999966,Low,Low,39886.0,0
L,298.6,309.2,1542,48.4,42,0,0,0,0,0,0,10.599999999999966,Low,Medium,74632.8,0
M,298.6,309.2,1311,46.6,44,0,0,0,0,0,0,10.599999999999966,Low,Medium,61092.6,0
M,298.7,309.2,1410,45.6,47,0,0,0,0,0,0,10.5,Low,Medium,64296.0,0
H,298.8,309.2,1306,54.5,50,0,0,0,0,0,0,10.399999999999977,Low,High,71177.0,0
M,298.9,309.3,1632,32.5,55,0,0,0,0,0,0,10.400000000000034,Low,Medium,53040.0,0
H,298.9,309.3,1375,42.7,58,0,0,0,0,0,0,10.400000000000034,Low,Medium,58712.50000000001,0
L,298.8,309.3,1450,44.8,63,0,0,0,0,0,0,10.5,Low,Medium,64959.99999999999,0
M,298.9,309.3,1581,30.7,65,0,0,0,0,0,0,10.400000000000034,Low,Medium,48536.7,0
L,299.0,309.4,1758,25.7,68,0,0,0,0,0,0,10.399999999999977,Low,Low,45180.6,0
M,299.0,309.4,1561,37.3,70,0,0,0,0,0,0,10.399999999999977,Low,Medium,58225.299999999996,0
L,299.0,309.5,1861,23.3,73,0,0,0,0,0,0,10.5,Low,Low,43361.3,0
L,299.1,309.5,1512,39.0,75,0,0,0,0,0,0,10.399999999999977,Low,Medium,58968.0,0
H,299.1,309.4,1811,24.6,77,0,0,0,0,0,0,10.299999999999955,Low,Low,44550.600000000006,0
L,299.1,309.4,1439,44.2,82,0,0,0,0,0,0,10.299999999999955,Low,Medium,63603.8,0
L,299.0,309.4,1693,30.1,84,0,0,0,0,0,0,10.399999999999977,Low,Medium,50959.3,0
M,299.1,309.5,1339,48.2,86,0,0,0,0,0,0,10.399999999999977,Medium,Medium,64539.8,0
L,299.0,309.4,1798,25.5,89,0,0,0,0,0,0,10.399999999999977,Medium,Low,45849.0,0
L,299.0,309.4,1419,48.3,91,0,0,0,0,0,0,10.399999999999977,Medium,Medium,68537.7,0
L,298.9,309.3,1665,32.5,93,0,0,0,0,0,0,10.400000000000034,Medium,Medium,54112.5,0
M,298.8,309.1,1559,34.7,95,0,0,0,0,0,0,10.300000000000011,Medium,Medium,54097.3,0
M,298.8,309.2,1452,48.6,98,0,0,0,0,0,0,10.399999999999977,Medium,Medium,70567.2,0
M,298.9,309.2,1581,36.7,101,0,0,0,0,0,0,10.300000000000011,Medium,Medium,58022.700000000004,0
L,298.8,309.1,1439,39.2,104,0,0,0,0,0,0,10.300000000000011,Medium,Medium,56408.8,0
H,298.9,309.2,1379,50.7,106,0,0,0,0,0,0,10.300000000000011,Medium,Medium,69915.3,0
L,298.8,309.1,1350,52.5,111,0,0,0,0,0,0,10.300000000000011,Medium,High,70875.0,0
L,298.8,309.1,1362,45.4,113,0,0,0,0,0,0,10.300000000000011,Medium,Medium,61834.799999999996,0
L,298.8,309.1,1368,50.8,115,0,0,0,0,0,0,10.300000000000011,Medium,Medium,69494.4,0
M,298.8,309.1,1368,49.1,117,0,0,0,0,0,0,10.300000000000011,Medium,Medium,67168.8,0
H,298.8,309.2,1372,48.5,120,0,0,0,0,0,0,10.399999999999977,Medium,Medium,66542.0,0
M,298.8,309.1,1472,47.5,125,0,0,0,0,0,0,10.300000000000011,Medium,Medium,69920.0,0
L,298.8,309.1,1489,49.1,128,0,0,0,0,0,0,10.300000000000011,Medium,Medium,73109.90000000001,0
M,298.7,309.0,1843,25.8,130,0,0,0,0,0,0,10.300000000000011,Medium,Low,47549.4,0
L,298.8,309.1,1418,46.3,133,0,0,0,0,0,0,10.300000000000011,Medium,Medium,65653.4,0
H,298.8,309.2,1425,53.9,135,0,0,0,0,0,0,10.399999999999977,Medium,High,76807.5,0
M,298.9,309.2,1412,44.1,140,0,0,0,0,0,0,10.300000000000011,Medium,Medium,62269.200000000004,0
L,298.9,309.1,2861,4.6,143,1,0,0,1,0,0,10.200000000000045,Medium,Low,13160.599999999999,0
L,298.9,309.1,1383,54.9,145,0,0,0,0,0,0,10.200000000000045,Medium,High,75926.7,0
H,298.8,309.0,1497,43.8,147,0,0,0,0,0,0,10.199999999999989,Medium,Medium,65568.59999999999,0
L,298.7,309.0,1565,35.1,152,0,0,0,0,0,0,10.300000000000011,Medium,Medium,54931.5,0
L,298.7,309.0,1691,30.1,154,0,0,0,0,0,0,10.300000000000011,Medium,Medium,50899.100000000006,0
L,298.8,309.1,1512,40.7,156,0,0,0,0,0,0,10.300000000000011,Medium,Medium,61538.4,0
L,298.8,309.1,1477,42.4,158,0,0,0,0,0,0,10.300000000000011,Medium,Medium,62624.799999999996,0
L,298.8,309.1,1513,40.3,160,0,0,0,0,0,0,10.300000000000011,Medium,Medium,60973.899999999994,0
M,298.8,309.0,1661,29.5,162,0,0,0,0,0,0,10.199999999999989,Medium,Medium,48999.5,0
L,298.8,309.1,1378,54.4,165,0,0,0,0,0,0,10.300000000000011,Medium,High,74963.2,0
L,298.8,309.1,1393,52.6,167,0,0,0,0,0,0,10.300000000000011,Medium,High,73271.8,0
M,298.8,309.0,1592,38.2,169,0,0,0,0,0,0,10.199999999999989,High,Medium,60814.4,0
L,298.8,309.0,1829,22.9,172,0,0,0,0,0,0,10.199999999999989,High,Low,41884.1,0
M,298.9,309.0,1812,25.9,174,0,0,0,0,0,0,10.100000000000023,High,Low,46930.799999999996,0
L,299.0,309.1,1523,38.6,177,0,0,0,0,0,0,10.100000000000023,High,Medium,58787.8,0
L,299.0,309.1,1394,45.1,179,0,0,0,0,0,0,10.100000000000023,High,Medium,62869.4,0
M,298.9,308.9,1679,28.7,181,0,0,0,0,0,0,10.0,High,Medium,48187.299999999996,0
H,298.8,308.9,1466,44.1,184,0,0,0,0,0,0,10.099999999999966,High,Medium,64650.6,0
L,298.8,308.9,1527,32.4,189,0,0,0,0,0,0,10.099999999999966,High,Medium,49474.799999999996,0
L,298.9,309.0,1410,65.7,191,1,0,0,1,1,0,10.100000000000023,High,High,92637.0,0
M,298.9,309.0,1924,22.6,193,0,0,0,0,0,0,10.100000000000023,High,Low,43482.4,0
L,298.9,309.1,1452,45.5,196,0,0,0,0,0,0,10.200000000000045,High,Medium,66066.0,0
L,298.9,309.1,1369,44.4,198,0,0,0,0,0,0,10.200000000000045,High,Medium,60783.6,0
L,299.0,309.1,1592,35.0,200,0,0,0,0,0,0,10.100000000000023,High,Medium,55720.0,1
L,298.9,309.0,1601,32.3,202,0,0,0,0,0,0,10.100000000000023,High,Medium,51712.299999999996,1
L,298.8,308.9,1379,46.7,204,0,0,0,0,0,0,10.099999999999966,High,Medium,64399.3,1
L,298.8,308.9,1461,47.9,206,0,0,0,0,0,0,10.099999999999966,High,Medium,69981.9,1
L,298.8,308.9,1455,41.3,208,1,1,0,0,0,0,10.099999999999966,High,Medium,60091.49999999999,1
L,298.8,308.9,1398,51.5,0,0,0,0,0,0,0,10.099999999999966,Low,Medium,71997.0,0
L,298.8,308.9,1402,37.9,2,0,0,0,0,0,0,10.099999999999966,Low,Medium,53135.799999999996,0
H,298.8,308.8,1445,49.9,4,0,0,0,0,0,0,10.0,Low,Medium,72105.5,0
L,298.9,308.9,1450,47.5,9,0,0,0,0,0,0,10.0,Low,Medium,68875.0,0
L,298.9,308.9,1453,40.8,11,0,0,0,0,0,0,10.0,Low,Medium,59282.399999999994,0
L,299.0,309.0,1469,40.1,13,0,0,0,0,0,0,10.0,Low,Medium,58906.9,0
L,298.9,308.9,1422,47.6,15,0,0,0,0,0,0,10.0,Low,Medium,67687.2,0
M,299.0,309.0,1804,26.8,17,0,0,0,0,0,0,10.0,Low,Low,48347.200000000004,0
H,299.0,309.0,1436,43.9,20,0,0,0,0,0,0,10.0,Low,Medium,63040.4,0
L,299.0,309.0,1544,31.8,25,0,0,0,0,0,0,10.0,Low,Medium,49099.200000000004,0
M,299.0,309.0,1419,45.2,27,0,0,0,0,0,0,10.0,Low,Medium,64138.8,0
M,298.9,308.9,1487,39.5,30,0,0,0,0,0,0,10.0,Low,Medium,58736.5,0
L,298.9,308.9,1753,25.8,33,0,0,0,0,0,0,10.0,Low,Low,45227.4,0
L,298.9,308.9,1830,24.9,35,0,0,0,0,0,0,10.0,Low,Low,45567.0,0
M,298.9,308.9,1727,27.1,37,0,0,0,0,0,0,10.0,Low,Low,46801.700000000004,0
L,299.1,309.0,1450,43.0,40,0,0,0,0,0,0,9.899999999999977,Low,Medium,62350.0,0
L,299.0,308.9,1622,31.9,42,0,0,0,0,0,0,9.899999999999977,Low,Medium,51741.799999999996,0
M,299.0,309.0,1351,52.2,44,0,0,0,0,0,0,10.0,Low,Medium,70522.2,0
M,299.0,309.0,1575,35.3,47,0,0,0,0,0,0,10.0,Low,Medium,55597.49999999999,0
M,298.9,308.9,1750,29.9,50,0,0,0,0,0,0,10.0,Low,Medium,52325.0,0
L,298.9,308.8,1529,32.7,53,0,0,0,0,0,0,9.900000000000034,Low,Medium,49998.3,0
L,298.8,308.8,1523,44.4,55,0,0,0,0,0,0,10.0,Low,Medium,67621.2,0
L,298.8,308.9,1852,25.0,57,0,0,0,0,0,0,10.099999999999966,Low,Low,46300.0,0
L,298.8,308.8,1991,20.7,59,0,0,0,0,0,0,10.0,Low,Low,41213.7,0
L,298.8,308.8,1555,40.6,61,0,0,0,0,0,0,10.0,Low,Medium,63133.0,0
M,298.8,308.8,1441,40.5,63,0,0,0,0,0,0,10.0,Low,Medium,58360.5,0
L,298.8,308.7,1450,43.4,66,0,0,0,0,0,0,9.899999999999977,Low,Medium,62930.0,0
L,298.8,308.7,1591,31.1,68,0,0,0,0,0,0,9.899999999999977,Low,Medium,49480.100000000006,0
L,298.8,308.7,1445,48.5,70,0,0,0,0,0,0,9.899999999999977,Low,Medium,70082.5,0
M,298.8,308.8,1497,46.8,72,0,0,0,0,0,0,10.0,Low,Medium,70059.59999999999,0
H,298.9,308.8,1621,32.7,75,0,0,0,0,0,0,9.900000000000034,Low,Medium,53006.700000000004,0
L,298.9,308.7,1572,34.1,80,0,0,0,0,0,0,9.800000000000011,Low,Medium,53605.200000000004,0
L,298.8,308.6,1872,22.5,82,0,0,0,0,0,0,9.800000000000011,Low,Low,42120.0,0
H,298.7,308.6,1499,43.5,84,0,0,0,0,0,0,9.900000000000034,Low,Medium,65206.5,0
M,298.8,308.7,1498,39.5,89,0,0,0,0,0,0,9.899999999999977,Medium,Medium,59171.0,0
M,298.8,308.6,1486,41.9,92,0,0,0,0,0,0,9.800000000000011,Medium,Medium,62263.4,0
L,298.8,308.6,1680,29.4,95,0,0,0,0,0,0,9.800000000000011,Medium,Medium,49392.0,0
L,298.8,308.6,1431,45.7,97,0,0,0,0,0,0,9.800000000000011,Medium,Medium,65396.700000000004,0
L,298.9,308.7,1564,34.1,99,0,0,0,0,0,0,9.800000000000011,Medium,Medium,53332.4,0
L,298.8,308.6,1599,33.0,101,0,0,0,0,0,0,9.800000000000011,Medium,Medium,52767.0,0
M,298.8,308.6,1707,28.1,103,0,0,0,0,0,0,9.800000000000011,Medium,Medium,47966.700000000004,0
L,298.7,308.5,1467,40.7,106,0,0,0,0,0,0,9.800000000000011,Medium,Medium,59706.9,0
L,298.9,308.7,1433,44.7,108,0,0,0,0,0,0,9.800000000000011,Medium,Medium,64055.100000000006,0
L,298.9,308.7,1558,41.2,110,0,0,0,0,0,0,9.800000000000011,Medium,Medium,64189.600000000006,0
L,299.0,308.8,1310,50.7,112,0,0,0,0,0,0,9.800000000000011,Medium,Medium,66417.0,0
L,298.9,308.7,1546,43.4,114,0,0,0,0,0,0,9.800000000000011,Medium,Medium,67096.4,0
L,298.9,308.7,1727,29.4,116,0,0,0,0,0,0,9.800000000000011,Medium,Medium,50773.799999999996,0
L,298.9,308.6,1560,32.2,118,0,0,0,0,0,0,9.700000000000045,Medium,Medium,50232.00000000001,0
L,299.0,308.6,1329,60.5,120,0,0,0,0,0,0,9.600000000000023,Medium,High,80404.5,0
L,298.9,308.6,1413,46.5,122,0,0,0,0,0,0,9.700000000000045,Medium,Medium,65704.5,0
L,299.0,308.6,1587,38.6,124,0,0,0,0,0,0,9.600000000000023,Medium,Medium,61258.200000000004,0
L,298.9,308.5,1559,34.3,126,0,0,0,0,0,0,9.600000000000023,Medium,Medium,53473.7,0
L,298.8,308.4,1473,41.1,128,0,0,0,0,0,0,9.599999999999966,Medium,Medium,60540.3,0
L,298.8,308.4,1737,27.7,130,0,0,0,0,0,0,9.599999999999966,Medium,Low,48114.9,0
M,298.7,308.4,1441,43.2,132,0,0,0,0,0,0,9.699999999999989,Medium,Medium,62251.200000000004,0
M,298.7,308.4,1430,49.6,135,0,0,0,0,0,0,9.699999999999989,Medium,Medium,70928.0,0
L,298.8,308.4,1369,53.0,138,0,0,0,0,0,0,9.599999999999966,Medium,High,72557.0,0
M,298.8,308.5,1711,28.5,140,0,0,0,0,0,0,9.699999999999989,Medium,Medium,48763.5,0
H,298.7,308.5,1420,45.7,143,0,0,0,0,0,0,9.800000000000011,Medium,Medium,64894.00000000001,0
L,298.7,308.6,1297,55.3,148,0,0,0,0,0,0,9.900000000000034,Medium,High,71724.09999999999,0
H,298.8,308.6,1449,49.4,150,0,0,0,0,0,0,9.800000000000011,Medium,Medium,71580.59999999999,0
L,298.8,308.6,1268,55.8,155,0,0,0,0,0,0,9.800000000000011,Medium,High,70754.4,0
L,298.8,308.6,1511,36.1,157,0,0,0,0,0,0,9.800000000000011,Medium,Medium,54547.1,0
L,298.7,308.5,1544,35.2,159,0,0,0,0,0,0,9.800000000000011,Medium,Medium,54348.8,0
M,298.6,308.4,1778,28.2,161,0,0,0,0,0,0,9.799999999999955,Medium,Medium,50139.6,0
H,298.6,308.4,1407,50.5,164,0,0,0,0,0,0,9.799999999999955,Medium,Medium,71053.5,0
M,298.6,308.4,1391,42.4,169,0,0,0,0,0,0,9.799999999999955,High,Medium,58978.4,0
L,298.5,308.4,1513,33.6,172,0,0,0,0,0,0,9.899999999999977,High,Medium,50836.8,0
H,298.5,308.4,1612,36.1,174,0,0,0,0,0,0,9.899999999999977,High,Medium,58193.200000000004,0
L,298.4,308.4,1515,40.1,179,0,0,0,0,0,0,10.0,High,Medium,60751.5,0
M,298.3,308.3,1379,48.0,181,0,0,0,0,0,0,10.0,High,Medium,66192.0,0
L,298.4,308.3,1473,39.9,184,0,0,0,0,0,0,9.900000000000034,High,Medium,58772.7,0
L,298.4,308.3,1422,42.7,186,0,0,0,0,0,0,9.900000000000034,High,Medium,60719.4,0
M,298.4,308.2,1463,37.6,188,0,0,0,0,0,0,9.800000000000011,High,Medium,55008.8,0
M,298.4,308.2,1584,41.0,191,0,0,0,0,0,0,9.800000000000011,High,Medium,64944.0,0
L,298.4,308.2,1850,27.0,194,0,0,0,0,0,0,9.800000000000011,High,Low,49950.0,0
L,298.4,308.2,1528,36.2,196,0,0,0,0,0,0,9.800000000000011,High,Medium,55313.600000000006,0
H,298.4,308.2,1987,19.8,198,0,0,0,0,0,0,9.800000000000011,High,Low,39342.6,0
M,298.4,308.1,1495,46.0,203,0,0,0,0,0,0,9.700000000000045,High,Medium,68770.0,1
H,298.4,308.2,1478,43.5,206,0,0,0,0,0,0,9.800000000000011,High,Medium,64293.0,1
M,298.4,308.2,1499,40.0,211,0,0,0,0,0,0,9.800000000000011,High,Medium,59960.0,1
L,298.4,308.2,1471,47.0,214,0,0,0,0,0,0,9.800000000000011,High,Medium,69137.0,1
L,298.4,308.2,1282,60.7,216,1,0,0,0,1,0,9.800000000000011,High,High,77817.40000000001,1
L,298.3,308.1,1412,52.3,218,1,0,0,0,1,0,9.800000000000011,High,Medium,73847.59999999999,1
L,298.3,308.1,1586,35.5,0,0,0,0,0,0,0,9.800000000000011,Low,Medium,56303.0,0
M,298.4,308.2,1468,43.8,2,0,0,0,0,0,0,9.800000000000011,Low,Medium,64298.399999999994,0
M,298.5,308.3,1440,43.6,5,0,0,0,0,0,0,9.800000000000011,Low,Medium,62784.0,0
L,298.5,308.4,1733,26.0,8,0,0,0,0,0,0,9.899999999999977,Low,Low,45058.0,0
H,298.4,308.2,1612,32.6,10,0,0,0,0,0,0,9.800000000000011,Low,Medium,52551.200000000004,0
H,298.4,308.3,1458,42.9,15,0,0,0,0,0,0,9.900000000000034,Low,Medium,62548.2,0
L,298.4,308.3,1433,62.3,20,1,0,0,1,0,0,9.900000000000034,Low,High,89275.9,0
L,298.4,308.3,1318,59.1,22,0,0,0,0,0,0,9.900000000000034,Low,High,77893.8,0
M,298.4,308.2,1610,35.0,24,0,0,0,0,0,0,9.800000000000011,Low,Medium,56350.0,0
L,298.2,308.1,1462,50.8,27,0,0,0,0,0,0,9.900000000000034,Low,Medium,74269.59999999999,0
M,298.1,308.0,1924,20.8,29,0,0,0,0,0,0,9.899999999999977,Low,Low,40019.200000000004,0
M,298.2,308.0,1591,33.7,32,0,0,0,0,0,0,9.800000000000011,Low,Medium,53616.700000000004,0
L,298.2,308.1,1306,58.3,35,0,0,0,0,0,0,9.900000000000034,Low,High,76139.8,0
L,298.2,308.1,1382,43.5,37,0,0,0,0,0,0,9.900000000000034,Low,Medium,60117.0,0
L,298.2,308.1,1618,34.7,39,0,0,0,0,0,0,9.900000000000034,Low,Medium,56144.600000000006,0
L,298.2,308.2,1988,21.4,41,0,0,0,0,0,0,10.0,Low,Low,42543.2,0
L,298.2,308.2,1436,50.2,43,0,0,0,0,0,0,10.0,Low,Medium,72087.2,0
L,298.2,308.3,1304,49.8,45,0,0,0,0,0,0,10.100000000000023,Low,Medium,64939.2,0
L,298.2,308.3,1475,49.9,47,0,0,0,0,0,0,10.100000000000023,Low,Medium,73602.5,0
H,298.2,308.3,1824,24.2,49,0,0,0,0,0,0,10.100000000000023,Low,Low,44140.799999999996,0
M,298.1,308.2,1342,48.1,54,0,0,0,0,0,0,10.099999999999966,Low,Medium,64550.200000000004,0
L,298.1,308.2,1485,40.7,57,0,0,0,0,0,0,10.099999999999966,Low,Medium,60439.50000000001,0
L,298.2,308.2,1667,30.6,59,0,0,0,0,0,0,10.0,Low,Medium,51010.200000000004,0
L,298.2,308.2,1446,38.2,61,0,0,0,0,0,0,10.0,Low,Medium,55237.200000000004,0
L,298.1,308.3,1301,56.0,63,0,0,0,0,0,0,10.199999999999989,Low,High,72856.0,0
L,298.2,308.4,1379,43.1,65,0,0,0,0,0,0,10.199999999999989,Low,Medium,59434.9,0
L,298.3,308.5,1606,33.6,67,0,0,0,0,0,0,10.199999999999989,Low,Medium,53961.600000000006,0
M,298.3,308.4,1539,43.4,69,0,0,0,0,0,0,10.099999999999966,Low,Medium,66792.59999999999,0
L,298.2,308.4,1477,49.9,72,0,0,0,0,0,0,10.199999999999989,Low,Medium,73702.3,0
L,298.2,308.4,1666,34.6,74,0,0,0,0,0,0,10.199999999999989,Low,Medium,57643.600000000006,0
H,298.2,308.4,1398,51.8,76,0,0,0,0,0,0,10.199999999999989,Low,Medium,72416.4,0
H,298.2,308.4,1678,34.6,81,0,0,0,0,0,0,10.199999999999989,Low,Medium,58058.8,0
M,298.2,308.5,2678,10.7,86,1,0,0,1,0,0,10.300000000000011,Medium,Low,28654.6,0
L,298.3,308.5,1453,42.9,89,0,0,0,0,0,0,10.199999999999989,Medium,Medium,62333.7,0
H,298.3,308.6,1432,49.5,91,0,0,0,0,0,0,10.300000000000011,Medium,Medium,70884.0,0
M,298.4,308.6,1527,40.9,96,0,0,0,0,0,0,10.200000000000045,Medium,Medium,62454.299999999996,0
L,298.4,308.7,1588,35.0,99,0,0,0,0,0,0,10.300000000000011,Medium,Medium,55580.0,0
L,298.4,308.6,1433,47.1,101,0,0,0,0,0,0,10.200000000000045,Medium,Medium,67494.3,0
L,298.4,308.6,1609,35.0,103,0,0,0,0,0,0,10.200000000000045,Medium,Medium,56315.0,0
L,298.3,308.5,1575,41.2,105,0,0,0,0,0,0,10.199999999999989,Medium,Medium,64890.00000000001,0
M,298.4,308.5,1636,35.7,107,0,0,0,0,0,0,10.100000000000023,Medium,Medium,58405.200000000004,0
L,298.4,308.5,1490,37.9,110,0,0,0,0,0,0,10.100000000000023,Medium,Medium,56471.0,0
L,298.4,308.5,1741,32.8,112,0,0,0,0,0,0,10.100000000000023,Medium,Medium,57104.799999999996,0
M,298.5,308.6,1344,53.0,114,0,0,0,0,0,0,10.100000000000023,Medium,High,71232.0,0
L,298.5,308.7,1609,35.3,117,0,0,0,0,0,0,10.199999999999989,Medium,Medium,56797.7,0
M,298.4,308.7,1421,60.7,119,1,0,0,1,0,0,10.300000000000011,Medium,High,86254.7,0
L,298.4,308.6,1591,36.7,122,0,0,0,0,0,0,10.200000000000045,Medium,Medium,58389.700000000004,0
L,298.4,308.6,1477,44.0,124,0,0,0,0,0,0,10.200000000000045,Medium,Medium,64988.0,0
L,298.4,308.7,1523,36.1,126,0,0,0,0,0,0,10.300000000000011,Medium,Medium,54980.3,0
L,298.5,308.7,1575,33.9,128,0,0,0,0,0,0,10.199999999999989,Medium,Medium,53392.5,0
H,298.4,308.7,1344,52.9,130,0,0,0,0,0,0,10.300000000000011,Medium,High,71097.59999999999,0
L,298.4,308.7,1386,44.9,135,0,0,0,0,0,0,10.300000000000011,Medium,Medium,62231.4,0
M,298.3,308.6,1589,37.1,137,0,0,0,0,0,0,10.300000000000011,Medium,Medium,58951.9,0
L,298.3,308.6,1548,40.3,140,0,0,0,0,0,0,10.300000000000011,Medium,Medium,62384.399999999994,0
L,298.3,308.6,1499,38.3,142,0,0,0,0,0,0,10.300000000000011,Medium,Medium,57411.7,0
L,298.3,308.5,1664,31.6,144,0,0,0,0,0,0,10.199999999999989,Medium,Medium,52582.4,0
L,298.3,308.6,1447,38.1,146,0,0,0,0,0,0,10.300000000000011,Medium,Medium,55130.700000000004,0
M,298.3,308.5,1434,46.2,148,0,0,0,0,0,0,10.199999999999989,Medium,Medium,66250.8,0
L,298.3,308.5,1416,52.7,151,0,0,0,0,0,0,10.199999999999989,Medium,High,74623.2,0
H,298.4,308.5,1827,24.3,153,0,0,0,0,0,0,10.100000000000023,Medium,Low,44396.1,0
L,298.4,308.6,1304,45.0,158,0,0,0,0,0,0,10.200000000000045,Medium,Medium,58680.0,0
L,298.4,308.6,1569,34.4,160,0,0,0,0,0,0,10.200000000000045,Medium,Medium,53973.6,0
L,298.3,308.6,1584,29.3,162,0,0,0,0,0,0,10.300000000000011,Medium,Medium,46411.200000000004,0
L,298.3,308.5,1362,53.8,164,0,0,0,0,0,0,10.199999999999989,Medium,High,73275.59999999999,0
L,298.3,308.4,1329,49.2,166,0,0,0,0,0,0,10.099999999999966,Medium,Medium,65386.8,0
L,298.3,308.5,1539,36.1,168,0,0,0,0,0,0,10.199999999999989,Medium,Medium,55557.9,0
M,298.3,308.5,1629,37.1,170,0,0,0,0,0,0,10.199999999999989,High,Medium,60435.9,0
L,298.3,308.5,1538,32.2,173,0,0,0,0,0,0,10.199999999999989,High,Medium,49523.600000000006,0
L,298.3,308.6,1570,34.8,175,0,0,0,0,0,0,10.300000000000011,High,Medium,54635.99999999999,0
L,298.3,308.4,1408,43.1,177,0,0,0,0,0,0,10.099999999999966,High,Medium,60684.8,0
L,298.2,308.4,1424,47.6,179,0,0,0,0,0,0,10.199999999999989,High,Medium,67782.40000000001,0
L,298.2,308.4,1512,34.9,181,0,0,0,0,0,0,10.199999999999989,High,Medium,52768.799999999996,0
L,298.2,308.4,1478,42.9,183,0,0,0,0,0,0,10.199999999999989,High,Medium,63406.2,0
M,298.1,308.3,1680,33.7,185,0,0,0,0,0,0,10.199999999999989,High,Medium,56616.00000000001,0
L,298.1,308.3,1495,38.7,188,0,0,0,0,0,0,10.199999999999989,High,Medium,57856.50000000001,0
M,298.0,308.1,1552,36.6,190,0,0,0,0,0,0,10.100000000000023,High,Medium,56803.200000000004,0
L,297.9,308.1,1393,50.3,193,0,0,0,0,0,0,10.200000000000045,High,Medium,70067.9,0
L,298.0,308.2,1611,30.6,195,0,0,0,0,0,0,10.199999999999989,High,Medium,49296.600000000006,0
M,298.0,308.1,1339,51.6,197,0,0,0,0,0,0,10.100000000000023,High,Medium,69092.40000000001,0
L,298.0,308.1,1777,24.3,200,0,0,0,0,0,0,10.100000000000023,High,Low,43181.1,1
L,298.0,308.2,1348,58.8,202,1,0,0,0,1,0,10.199999999999989,High,High,79262.4,1
L,298.0,308.2,1442,44.1,204,0,0,0,0,0,0,10.199999999999989,High,Medium,63592.200000000004,1
M,298.0,308.2,1395,49.1,206,0,0,0,0,0,0,10.199999999999989,High,Medium,68494.5,1
M,297.9,308.1,1627,31.4,209,0,0,0,0,0,0,10.200000000000045,High,Medium,51087.799999999996,1
L,297.9,308.1,1585,33.5,212,0,0,0,0,0,0,10.200000000000045,High,Medium,53097.5,1
L,298.0,308.2,1469,45.5,214,0,0,0,0,0,0,10.199999999999989,High,Medium,66839.5,1
L,298.0,308.3,1362,56.8,216,1,0,0,0,1,0,10.300000000000011,High,High,77361.59999999999,1
L,298.0,308.3,1405,56.2,218,1,0,0,0,1,0,10.300000000000011,High,High,78961.0,1
L,298.0,308.3,1662,32.7,0,0,0,0,0,0,0,10.300000000000011,Low,Medium,54347.4,0
M,298.0,308.2,1466,42.6,2,0,0,0,0,0,0,10.199999999999989,Low,Medium,62451.6,0
L,298.0,308.2,1620,35.8,5,0,0,0,0,0,0,10.199999999999989,Low,Medium,57995.99999999999,0
L,298.0,308.2,1357,48.2,7,0,0,0,0,0,0,10.199999999999989,Low,Medium,65407.4,0
L,298.0,308.2,1514,37.9,9,0,0,0,0,0,0,10.199999999999989,Low,Medium,57380.6,0
L,298.0,308.2,1489,40.4,11,0,0,0,0,0,0,10.199999999999989,Low,Medium,60155.6,0
L,298.1,308.3,1331,63.0,13,0,0,0,0,0,0,10.199999999999989,Low,High,83853.0,0
L,298.0,308.0,1615,29.5,15,0,0,0,0,0,0,10.0,Low,Medium,47642.5,0
L,298.1,308.2,1482,37.9,17,0,0,0,0,0,0,10.099999999999966,Low,Medium,56167.799999999996,0
M,298.1,308.2,1420,63.9,19,1,0,0,1,0,0,10.099999999999966,Low,High,90738.0,0
M,298.2,308.3,1522,49.1,22,0,0,0,0,0,0,10.100000000000023,Low,Medium,74730.2,0
L,298.1,308.2,1654,32.1,25,0,0,0,0,0,0,10.099999999999966,Low,Medium,53093.4,0
M,298.1,308.2,1736,26.8,27,0,0,0,0,0,0,10.099999999999966,Low,Low,46524.8,0
M,298.0,308.1,1587,32.3,30,0,0,0,0,0,0,10.100000000000023,Low,Medium,51260.1,0
L,298.1,308.2,1390,47.5,33,0,0,0,0,0,0,10.099999999999966,Low,Medium,66025.0,0
L,298.0,308.1,1454,37.1,35,0,0,0,0,0,0,10.100000000000023,Low,Medium,53943.4,0
H,298.0,308.1,1440,43.7,37,0,0,0,0,0,0,10.100000000000023,Low,Medium,62928.00000000001,0
L,297.9,308.0,1954,21.1,42,0,0,0,0,0,0,10.100000000000023,Low,Low,41229.4,0
H,297.9,308.0,1800,24.8,44,0,0,0,0,0,0,10.100000000000023,Low,Low,44640.0,0
L,298.0,308.0,1524,37.0,49,0,0,0,0,0,0,10.0,Low,Medium,56388.0,0
H,298.0,308.0,1520,39.6,51,0,0,0,0,0,0,10.0,Low,Medium,60192.0,0
M,298.1,308.1,1452,40.8,56,0,0,0,0,0,0,10.0,Low,Medium,59241.6,0
L,298.1,308.1,1484,40.4,59,0,0,0,0,0,0,10.0,Low,Medium,59953.6,0
L,298.1,308.0,1426,46.0,61,0,0,0,0,0,0,9.899999999999977,Low,Medium,65596.0,0
L,298.1,308.0,1652,28.5,63,0,0,0,0,0,0,9.899999999999977,Low,Medium,47082.0,0
L,298.0,308.0,1401,54.7,65,0,0,0,0,0,0,10.0,Low,High,76634.7,0
M,298.0,307.9,1750,26.6,67,0,0,0,0,0,0,9.899999999999977,Low,Low,46550.0,0
H,298.0,308.0,1479,50.7,70,0,0,0,0,0,0,10.0,Low,Medium,74985.3,0
M,298.0,308.0,1620,29.4,75,0,0,0,0,0,0,10.0,Low,Medium,47628.0,0
L,298.0,308.1,1819,23.4,78,0,0,0,0,0,0,10.100000000000023,Low,Low,42564.6,0
M,298.1,308.1,1456,43.7,80,0,0,0,0,0,0,10.0,Low,Medium,63627.200000000004,0
L,298.1,308.0,1626,36.5,83,0,0,0,0,0,0,9.899999999999977,Low,Medium,59349.0,0
M,298.1,308.1,1390,49.8,85,0,0,0,0,0,0,10.0,Medium,Medium,69222.0,0
L,298.2,308.2,1469,43.0,88,0,0,0,0,0,0,10.0,Medium,Medium,63167.0,0
L,298.2,308.3,2051,19.2,90,0,0,0,0,0,0,10.100000000000023,Medium,Low,39379.2,0
L,298.2,308.3,1568,36.0,92,0,0,0,0,0,0,10.100000000000023,Medium,Medium,56448.0,0
L,298.2,308.3,1589,33.2,94,0,0,0,0,0,0,10.100000000000023,Medium,Medium,52754.8,0
L,298.2,308.3,1805,31.6,96,0,0,0,0,0,0,10.100000000000023,Medium,Medium,57038.0,0
H,298.2,308.4,1385,42.2,98,0,0,0,0,0,0,10.199999999999989,Medium,Medium,58447.00000000001,0
L,298.1,308.4,1436,46.7,103,0,0,0,0,0,0,10.299999999999955,Medium,Medium,67061.2,0
L,298.1,308.4,1438,45.6,105,0,0,0,0,0,0,10.299999999999955,Medium,Medium,65572.8,0
L,298.0,308.3,1473,42.6,107,0,0,0,0,0,0,10.300000000000011,Medium,Medium,62749.8,0
L,298.1,308.4,1335,40.2,109,0,0,0,0,0,0,10.299999999999955,Medium,Medium,53667.00000000001,0
H,298.1,308.5,1392,44.8,111,0,0,0,0,0,0,10.399999999999977,Medium,Medium,62361.6,0
M,298.1,308.5,1372,51.1,116,0,0,0,0,0,0,10.399999999999977,Medium,Medium,70109.2,0
M,298.1,308.6,1716,30.7,119,0,0,0,0,0,0,10.5,Medium,Medium,52681.2,0
L,298.0,308.5,1395,46.2,122,0,0,0,0,0,0,10.5,Medium,Medium,64449.00000000001,0
L,298.0,308.5,1713,25.3,124,0,0,0,0,0,0,10.5,Medium,Low,43338.9,0
H,297.9,308.5,2129,18.7,126,0,0,0,0,0,0,10.600000000000023,Medium,Low,39812.299999999996,0
M,297.8,308.3,1567,35.6,131,0,0,0,0,0,0,10.5,Medium,Medium,55785.200000000004,0
L,297.8,308.4,1622,38.3,134,0,0,0,0,0,0,10.599999999999966,Medium,Medium,62122.6,0
L,297.7,308.4,1740,27.1,136,0,0,0,0,0,0,10.699999999999989,Medium,Low,47154.0,0
H,297.8,308.4,1512,35.1,138,0,0,0,0,0,0,10.599999999999966,Medium,Medium,53071.200000000004,0
M,297.8,308.4,1479,43.5,143,0,0,0,0,0,0,10.599999999999966,Medium,Medium,64336.5,0
L,297.8,308.4,1737,27.5,146,0,0,0,0,0,0,10.599999999999966,Medium,Low,47767.5,0
L,297.8,308.4,2129,19.2,148,0,0,0,0,0,0,10.599999999999966,Medium,Low,40876.799999999996,0
L,297.8,308.4,1374,47.1,150,0,0,0,0,0,0,10.599999999999966,Medium,Medium,64715.4,0
M,297.8,308.4,1579,36.6,152,0,0,0,0,0,0,10.599999999999966,Medium,Medium,57791.4,0
L,297.9,308.5,1305,47.2,155,0,0,0,0,0,0,10.600000000000023,Medium,Medium,61596.00000000001,0
M,297.9,308.5,1449,40.8,157,0,0,0,0,0,0,10.600000000000023,Medium,Medium,59119.2,0
H,298.0,308.6,1526,41.8,160,0,0,0,0,0,0,10.600000000000023,Medium,Medium,63786.799999999996,0
M,298.0,308.6,1453,44.1,165,0,0,0,0,0,0,10.600000000000023,Medium,Medium,64077.3,0
L,297.9,308.6,1468,36.0,168,0,0,0,0,0,0,10.700000000000045,Medium,Medium,52848.0,0
L,298.0,308.6,1313,50.8,170,0,0,0,0,0,0,10.600000000000023,High,Medium,66700.4,0
M,297.9,308.5,1300,53.0,172,0,0,0,0,0,0,10.600000000000023,High,High,68900.0,0
L,297.9,308.4,1646,40.6,175,0,0,0,0,0,0,10.5,High,Medium,66827.6,0
L,297.8,308.4,1714,33.2,177,0,0,0,0,0,0,10.599999999999966,High,Medium,56904.8,0
L,297.8,308.4,1685,28.4,179,0,0,0,0,0,0,10.599999999999966,High,Medium,47854.0,0
L,297.8,308.4,1512,39.9,181,0,0,0,0,0,0,10.599999999999966,High,Medium,60328.799999999996,0
L,297.8,308.4,1612,32.1,183,0,0,0,0,0,0,10.599999999999966,High,Medium,51745.200000000004,0
H,297.8,308.4,1550,38.2,185,0,0,0,0,0,0,10.599999999999966,High,Medium,59210.00000000001,0
L,297.8,308.4,1518,32.5,190,0,0,0,0,0,0,10.599999999999966,High,Medium,49335.0,0
L,297.8,308.5,1448,40.0,192,0,0,0,0,0,0,10.699999999999989,High,Medium,57920.0,0
L,297.8,308.5,1561,46.3,194,0,0,0,0,0,0,10.699999999999989,High,Medium,72274.29999999999,0
M,297.8,308.5,1488,41.9,196,0,0,0,0,0,0,10.699999999999989,High,Medium,62347.2,0
L,297.8,308.5,1699,27.8,199,0,0,0,0,0,0,10.699999999999989,High,Low,47232.200000000004,0
L,297.7,308.5,1501,41.4,201,0,0,0,0,0,0,10.800000000000011,High,Medium,62141.4,1
L,297.7,308.5,1373,56.7,203,1,0,0,0,1,0,10.800000000000011,High,High,77849.1,1
H,297.6,308.4,1703,31.4,205,0,0,0,0,0,0,10.799999999999955,High,Medium,53474.2,1
H,297.7,308.5,1720,29.9,210,0,0,0,0,0,0,10.800000000000011,High,Medium,51428.0,1
M,297.6,308.4,1398,41.9,215,0,0,0,0,0,0,10.799999999999955,High,Medium,58576.2,1
M,297.6,308.4,1391,51.9,218,0,0,0,0,0,0,10.799999999999955,High,Medium,72192.9,1
M,297.6,308.3,1538,40.2,0,0,0,0,0,0,0,10.699999999999989,Low,Medium,61827.600000000006,0
L,297.5,308.2,1647,31.3,3,0,0,0,0,0,0,10.699999999999989,Low,Medium,51551.1,0
M,297.5,308.1,1469,44.8,5,0,0,0,0,0,0,10.600000000000023,Low,Medium,65811.2,0
L,297.4,308.1,1749,25.9,8,0,0,0,0,0,0,10.700000000000045,Low,Low,45299.1,0
M,297.6,308.2,1995,20.5,10,0,0,0,0,0,0,10.599999999999966,Low,Low,40897.5,0
L,297.6,308.3,1742,27.7,13,0,0,0,0,0,0,10.699999999999989,Low,Low,48253.4,0
L,297.5,308.2,1563,38.2,15,0,0,0,0,0,0,10.699999999999989,Low,Medium,59706.600000000006,0
M,297.5,308.2,1713,32.2,17,0,0,0,0,0,0,10.699999999999989,Low,Medium,55158.600000000006,0
L,297.4,308.1,1474,39.4,20,0,0,0,0,0,0,10.700000000000045,Low,Medium,58075.6,0
M,297.4,308.2,1530,32.6,22,0,0,0,0,0,0,10.800000000000011,Low,Medium,49878.0,0
L,297.4,308.2,1471,46.5,25,0,0,0,0,0,0,10.800000000000011,Low,Medium,68401.5,0
L,297.5,308.3,1388,48.6,27,0,0,0,0,0,0,10.800000000000011,Low,Medium,67456.8,0
M,297.5,308.2,2448,13.8,29,0,0,0,0,0,0,10.699999999999989,Low,Low,33782.4,0
L,297.5,308.3,1585,32.9,32,0,0,0,0,0,0,10.800000000000011,Low,Medium,52146.5,0
M,297.5,308.3,1459,45.2,34,0,0,0,0,0,0,10.800000000000011,Low,Medium,65946.8,0
L,297.5,308.3,1544,40.8,37,0,0,0,0,0,0,10.800000000000011,Low,Medium,62995.2,0
L,297.6,308.3,1617,31.7,39,0,0,0,0,0,0,10.699999999999989,Low,Medium,51258.9,0
L,297.6,308.3,1595,34.3,41,0,0,0,0,0,0,10.699999999999989,Low,Medium,54708.49999999999,0
H,297.6,308.3,1400,44.3,43,0,0,0,0,0,0,10.699999999999989,Low,Medium,62019.99999999999,0
M,297.6,308.4,1611,31.0,48,0,0,0,0,0,0,10.799999999999955,Low,Medium,49941.0,0
M,297.6,308.4,1507,46.0,51,0,0,0,0,0,0,10.799999999999955,Low,Medium,69322.0,0
H,297.5,308.3,1674,30.0,54,0,0,0,0,0,0,10.800000000000011,Low,Medium,50220.0,0
L,297.6,308.3,1658,34.3,59,0,0,0,0,0,0,10.699999999999989,Low,Medium,56869.399999999994,0
L,297.6,308.3,1623,36.9,61,0,0,0,0,0,0,10.699999999999989,Low,Medium,59888.7,0
M,297.6,308.4,1398,48.9,63,0,0,0,0,0,0,10.799999999999955,Low,Medium,68362.2,0
L,297.6,308.4,1517,34.2,66,0,0,0,0,0,0,10.799999999999955,Low,Medium,51881.4,0
M,297.6,308.3,1467,36.7,68,0,0,0,0,0,0,10.699999999999989,Low,Medium,53838.9,0
M,297.6,308.3,1567,34.6,71,0,0,0,0,0,0,10.699999999999989,Low,Medium,54218.200000000004,0
M,297.5,308.3,1521,38.2,74,0,0,0,0,0,0,10.800000000000011,Low,Medium,58102.200000000004,0
L,297.5,308.3,1596,36.8,77,0,0,0,0,0,0,10.800000000000011,Low,Medium,58732.799999999996,0
H,297.6,308.3,1640,30.9,79,0,0,0,0,0,0,10.699999999999989,Low,Medium,50676.0,0
L,297.6,308.3,1438,47.8,84,0,0,0,0,0,0,10.699999999999989,Low,Medium,68736.4,0
L,297.6,308.4,1407,55.2,86,0,0,0,0,0,0,10.799999999999955,Medium,High,77666.40000000001,0
L,297.6,308.4,1353,57.5,88,0,0,0,0,0,0,10.799999999999955,Medium,High,77797.5,0
M,297.6,308.5,1552,40.9,90,0,0,0,0,0,0,10.899999999999977,Medium,Medium,63476.799999999996,0
M,297.6,308.4,1569,38.3,93,0,0,0,0,0,0,10.799999999999955,Medium,Medium,60092.7,0
L,297.5,308.4,1489,39.5,96,0,0,0,0,0,0,10.899999999999977,Medium,Medium,58815.5,0
H,297.5,308.4,1587,36.1,98,0,0,0,0,0,0,10.899999999999977,Medium,Medium,57290.700000000004,0
M,297.5,308.3,1622,37.2,103,0,0,0,0,0,0,10.800000000000011,Medium,Medium,60338.4,0
L,297.5,308.4,1604,38.1,106,0,0,0,0,0,0,10.899999999999977,Medium,Medium,61112.4,0
M,297.4,308.3,1405,51.7,108,0,0,0,0,0,0,10.900000000000034,Medium,Medium,72638.5,0
L,297.4,308.3,1412,42.0,111,0,0,0,0,0,0,10.900000000000034,Medium,Medium,59304.0,0
L,297.4,308.3,1431,43.0,113,0,0,0,0,0,0,10.900000000000034,Medium,Medium,61533.0,0
L,297.4,308.2,1533,37.4,115,0,0,0,0,0,0,10.800000000000011,Medium,Medium,57334.2,0
M,297.4,308.2,1401,51.9,117,0,0,0,0,0,0,10.800000000000011,Medium,Medium,72711.9,0
M,297.4,308.2,1424,53.9,120,0,0,0,0,0,0,10.800000000000011,Medium,High,76753.59999999999,0
L,297.3,308.2,1754,29.4,123,0,0,0,0,0,0,10.899999999999977,Medium,Medium,51567.6,0
L,297.3,308.2,1754,26.8,125,0,0,0,0,0,0,10.899999999999977,Medium,Low,47007.200000000004,0
L,297.5,308.3,2564,12.8,127,1,0,0,1,0,0,10.800000000000011,Medium,Low,32819.200000000004,0
L,297.5,308.5,1546,40.4,129,0,0,0,0,0,0,11.0,Medium,Medium,62458.399999999994,0
L,297.5,308.5,1335,48.0,131,0,0,0,0,0,0,11.0,Medium,Medium,64080.0,0
M,297.5,308.6,1842,27.0,133,0,0,0,0,0,0,11.100000000000023,Medium,Low,49734.0,0
L,297.5,308.5,1712,26.8,136,0,0,0,0,0,0,11.0,Medium,Low,45881.6,0
M,297.6,308.6,1414,45.4,138,0,0,0,0,0,0,11.0,Medium,Medium,64195.6,0
L,297.6,308.7,1319,50.9,141,0,0,0,0,0,0,11.099999999999966,Medium,Medium,67137.09999999999,0
L,297.7,308.7,1249,60.4,143,0,0,0,0,0,0,11.0,Medium,High,75439.59999999999,0
L,297.6,308.7,1455,48.2,145,0,0,0,0,0,0,11.099999999999966,Medium,Medium,70131.0,0
M,297.6,308.7,1408,54.8,147,0,0,0,0,0,0,11.099999999999966,Medium,High,77158.4,0
L,297.6,308.7,1460,46.7,150,0,0,0,0,0,0,11.099999999999966,Medium,Medium,68182.0,0
L,297.6,308.6,1491,38.1,152,0,0,0,0,0,0,11.0,Medium,Medium,56807.1,0
M,297.6,308.5,1490,43.4,154,0,0,0,0,0,0,10.899999999999977,Medium,Medium,64666.0,0
M,297.5,308.4,1350,52.2,157,0,0,0,0,0,0,10.899999999999977,Medium,Medium,70470.0,0
L,297.5,308.4,1528,39.9,160,0,0,0,0,0,0,10.899999999999977,Medium,Medium,60967.2,0
L,297.4,308.3,1571,37.7,162,0,0,0,0,0,0,10.900000000000034,Medium,Medium,59226.700000000004,0
L,297.4,308.3,1490,42.6,164,0,0,0,0,0,0,10.900000000000034,Medium,Medium,63474.0,0
M,297.4,308.3,1774,28.9,166,0,0,0,0,0,0,10.900000000000034,Medium,Medium,51268.6,0
H,297.4,308.3,1502,43.6,169,0,0,0,0,0,0,10.900000000000034,High,Medium,65487.200000000004,0
L,297.4,308.4,1392,49.7,174,0,0,0,0,0,0,11.0,High,Medium,69182.40000000001,0
L,297.4,308.5,2100,16.9,176,0,0,0,0,0,0,11.100000000000023,High,Low,35490.0,0
L,297.5,308.5,1722,30.4,178,0,0,0,0,0,0,11.0,High,Medium,52348.799999999996,0
L,297.4,308.6,1678,32.3,180,0,0,0,0,0,0,11.200000000000045,High,Medium,54199.399999999994,0
L,297.3,308.6,1273,59.8,182,0,0,0,0,0,0,11.300000000000011,High,High,76125.4,0
L,297.3,308.6,1297,45.9,184,0,0,0,0,0,0,11.300000000000011,High,Medium,59532.299999999996,0
L,297.3,308.5,1350,57.6,186,0,0,0,0,0,0,11.199999999999989,High,High,77760.0,0
L,297.4,308.6,1439,51.9,188,0,0,0,0,0,0,11.200000000000045,High,Medium,74684.09999999999,0
M,297.4,308.5,1600,42.1,190,0,0,0,0,0,0,11.100000000000023,High,Medium,67360.0,0
M,297.4,308.6,1434,44.4,193,0,0,0,0,0,0,11.200000000000045,High,Medium,63669.6,0
L,297.4,308.6,1459,41.3,196,0,0,0,0,0,0,11.200000000000045,High,Medium,60256.7,0
M,297.5,308.6,1472,44.9,198,0,0,0,0,0,0,11.100000000000023,High,Medium,66092.8,0
L,297.5,308.7,1429,44.3,201,0,0,0,0,0,0,11.199999999999989,High,Medium,63304.7,1
L,297.5,308.6,1388,48.2,203,0,0,0,0,0,0,11.100000000000023,High,Medium,66901.6,1
L,297.4,308.4,1573,34.5,205,0,0,0,0,0,0,11.0,High,Medium,54268.5,1
L,297.4,308.4,1588,32.5,207,0,0,0,0,0,0,11.0,High,Medium,51610.0,1
L,297.5,308.4,1511,42.8,209,0,0,0,0,0,0,10.899999999999977,High,Medium,64670.799999999996,1
L,297.4,308.5,1495,37.8,211,0,0,0,0,0,0,11.100000000000023,High,Medium,56510.99999999999,1
L,297.4,308.4,1394,50.1,213,0,0,0,0,0,0,11.0,High,Medium,69839.40000000001,1
L,297.4,308.4,2151,17.7,0,0,0,0,0,0,0,11.0,Low,Low,38072.7,0
M,297.3,308.3,1501,38.2,2,0,0,0,0,0,0,11.0,Low,Medium,57338.200000000004,0
M,297.3,308.3,1301,39.6,5,0,0,0,0,0,0,11.0,Low,Medium,51519.6,0
M,297.3,308.3,1657,31.1,8,0,0,0,0,0,0,11.0,Low,Medium,51532.700000000004,0
L,297.3,308.3,1333,55.2,11,0,0,0,0,0,0,11.0,Low,High,73581.6,0
L,297.3,308.3,1484,43.9,13,0,0,0,0,0,0,11.0,Low,Medium,65147.6,0
L,297.3,308.4,1430,45.7,15,0,0,0,0,0,0,11.099999999999966,Low,Medium,65351.00000000001,0
M,297.3,308.4,1665,28.9,17,0,0,0,0,0,0,11.099999999999966,Low,Medium,48118.5,0
L,297.4,308.5,1501,44.9,20,0,0,0,0,0,0,11.100000000000023,Low,Medium,67394.9,0
M,297.5,308.5,1496,42.2,22,0,0,0,0,0,0,11.0,Low,Medium,63131.200000000004,0
M,297.6,308.6,1595,36.9,25,0,0,0,0,0,0,11.0,Low,Medium,58855.5,0
L,297.5,308.6,1208,62.3,28,0,0,0,0,0,0,11.100000000000023,Low,High,75258.4,0
L,297.5,308.6,1596,37.1,30,0,0,0,0,0,0,11.100000000000023,Low,Medium,59211.600000000006,0
L,297.5,308.5,1446,41.9,32,0,0,0,0,0,0,11.0,Low,Medium,60587.4,0
M,297.6,308.5,1466,39.7,34,0,0,0,0,0,0,10.899999999999977,Low,Medium,58200.200000000004,0
M,297.6,308.5,1848,23.7,37,0,0,0,0,0,0,10.899999999999977,Low,Low,43797.6,0
M,297.5,308.5,1484,44.7,40,0,0,0,0,0,0,11.0,Low,Medium,66334.8,0
L,297.4,308.3,1493,41.2,43,0,0,0,0,0,0,10.900000000000034,Low,Medium,61511.600000000006,0
L,297.3,308.3,1504,36.3,45,0,0,0,0,0,0,11.0,Low,Medium,54595.2,0
L,297.3,308.3,1538,38.5,47,0,0,0,0,0,0,11.0,Low,Medium,59213.0,0
L,297.4,308.4,1341,52.2,49,0,0,0,0,0,0,11.0,Low,Medium,70000.2,0
M,297.4,308.3,1535,34.6,51,0,0,0,0,0,0,10.900000000000034,Low,Medium,53111.0,0
L,297.4,308.5,1389,39.2,54,0,0,0,0,0,0,11.100000000000023,Low,Medium,54448.8,0
H,297.5,308.5,1393,46.6,56,0,0,0,0,0,0,11.0,Low,Medium,64913.8,0
L,297.4,308.5,1399,61.5,61,1,0,0,1,0,0,11.100000000000023,Low,High,86038.5,0
H,297.4,308.5,1469,45.1,63,0,0,0,0,0,0,11.100000000000023,Low,Medium,66251.90000000001,0
L,297.4,308.4,1582,37.2,68,0,0,0,0,0,0,11.0,Low,Medium,58850.4,0
L,297.5,308.6,1793,26.7,70,0,0,0,0,0,0,11.100000000000023,Low,Low,47873.1,0
L,297.5,308.6,1452,39.0,72,0,0,0,0,0,0,11.100000000000023,Low,Medium,56628.0,0
M,297.6,308.7,1376,59.9,74,0,0,0,0,0,0,11.099999999999966,Low,High,82422.4,0
L,297.5,308.6,1552,44.9,77,0,0,0,0,0,0,11.100000000000023,Low,Medium,69684.8,0
L,297.6,308.7,1622,37.9,79,0,0,0,0,0,0,11.099999999999966,Low,Medium,61473.799999999996,0
M,297.6,308.7,1419,41.7,81,0,0,0,0,0,0,11.099999999999966,Low,Medium,59172.3,0
H,297.5,308.6,1440,46.1,84,0,0,0,0,0,0,11.100000000000023,Low,Medium,66384.0,0
M,297.4,308.6,1643,31.0,89,0,0,0,0,0,0,11.200000000000045,Medium,Medium,50933.0,0
L,297.4,308.7,1510,36.2,92,0,0,0,0,0,0,11.300000000000011,Medium,Medium,54662.00000000001,0
L,297.4,308.7,1468,46.6,94,0,0,0,0,0,0,11.300000000000011,Medium,Medium,68408.8,0
L,297.4,308.7,1429,57.4,96,0,0,0,0,0,0,11.300000000000011,Medium,High,82024.59999999999,0
H,297.3,308.7,1478,47.6,98,0,0,0,0,0,0,11.399999999999977,Medium,Medium,70352.8,0
L,297.4,308.6,1276,53.6,103,0,0,0,0,0,0,11.200000000000045,Medium,High,68393.6,0
L,297.3,308.6,1486,42.6,105,0,0,0,0,0,0,11.300000000000011,Medium,Medium,63303.6,0
L,297.4,308.6,1476,42.3,107,0,0,0,0,0,0,11.200000000000045,Medium,Medium,62434.799999999996,0
H,297.3,308.6,1431,42.0,109,0,0,0,0,0,0,11.300000000000011,Medium,Medium,60102.0,0
L,297.4,308.7,1402,40.2,114,0,0,0,0,0,0,11.300000000000011,Medium,Medium,56360.4,0
L,297.4,308.7,1433,43.4,116,0,0,0,0,0,0,11.300000000000011,Medium,Medium,62192.2,0
L,297.4,308.7,2874,4.2,118,1,0,0,1,0,0,11.300000000000011,Medium,Low,12070.800000000001,0
L,297.3,308.6,1511,35.7,120,0,0,0,0,0,0,11.300000000000011,Medium,Medium,53942.700000000004,0
M,297.3,308.6,1456,42.9,122,0,0,0,0,0,0,11.300000000000011,Medium,Medium,62462.4,0
L,297.2,308.5,1550,41.5,125,0,0,0,0,0,0,11.300000000000011,Medium,Medium,64325.0,0
L,297.2,308.5,2182,16.5,127,0,0,0,0,0,0,11.300000000000011,Medium,Low,36003.0,0
L,297.3,308.7,1619,31.6,129,0,0,0,0,0,0,11.399999999999977,Medium,Medium,51160.4,0
M,297.3,308.8,1586,32.7,131,0,0,0,0,0,0,11.5,Medium,Medium,51862.200000000004,0
H,297.3,308.8,1499,44.2,134,0,0,0,0,0,0,11.5,Medium,Medium,66255.8,0
H,297.3,308.8,1419,42.4,139,0,0,0,0,0,0,11.5,Medium,Medium,60165.6,0
M,297.4,309.0,1497,41.8,144,0,0,0,0,0,0,11.600000000000023,Medium,Medium,62574.6,0
M,297.4,309.0,1520,37.0,147,0,0,0,0,0,0,11.600000000000023,Medium,Medium,56240.0,0
L,297.4,309.1,1478,49.8,150,0,0,0,0,0,0,11.700000000000045,Medium,Medium,73604.4,0
L,297.4,309.1,1380,41.1,152,0,0,0,0,0,0,11.700000000000045,Medium,Medium,56718.0,0
L,297.4,309.0,1570,37.9,154,0,0,0,0,0,0,11.600000000000023,Medium,Medium,59503.0,0
H,297.4,309.0,1468,41.4,156,0,0,0,0,0,0,11.600000000000023,Medium,Medium,60775.2,0
L,297.4,309.0,1833,22.6,161,0,0,0,0,0,0,11.600000000000023,Medium,Low,41425.8,0
M,297.4,308.9,1323,57.3,163,0,0,0,0,0,0,11.5,Medium,High,75807.9,0
L,297.4,309.0,1583,32.0,166,0,0,0,0,0,0,11.600000000000023,Medium,Medium,50656.0,0
M,297.3,309.0,1556,39.5,168,0,0,0,0,0,0,11.699999999999989,Medium,Medium,61462.0,0
L,297.3,309.0,1548,37.4,171,0,0,0,0,0,0,11.699999999999989,High,Medium,57895.2,0
L,297.4,309.0,1324,56.9,173,0,0,0,0,0,0,11.600000000000023,High,High,75335.59999999999,0
L,297.4,309.0,1568,33.7,175,0,0,0,0,0,0,11.600000000000023,High,Medium,52841.600000000006,0
M,297.4,309.0,1685,30.7,177,0,0,0,0,0,0,11.600000000000023,High,Medium,51729.5,0
M,297.4,309.1,1582,35.9,180,0,0,0,0,0,0,11.700000000000045,High,Medium,56793.799999999996,0
M,297.4,309.1,1463,35.0,183,0,0,0,0,0,0,11.700000000000045,High,Medium,51205.0,0
L,297.4,309.2,1584,42.8,186,0,0,0,0,0,0,11.800000000000011,High,Medium,67795.2,0
M,297.5,309.2,1347,55.8,188,0,0,0,0,0,0,11.699999999999989,High,High,75162.59999999999,0
L,297.4,309.2,1459,37.9,191,0,0,0,0,0,0,11.800000000000011,High,Medium,55296.1,0
L,297.4,309.2,1420,45.6,193,0,0,0,0,0,0,11.800000000000011,High,Medium,64752.0,0
L,297.5,309.3,1404,43.5,195,0,0,0,0,0,0,11.800000000000011,High,Medium,61074.0,0
L,297.5,309.3,1470,38.8,197,0,0,0,0,0,0,11.800000000000011,High,Medium,57035.99999999999,0
L,297.6,309.4,1326,49.8,199,0,0,0,0,0,0,11.799999999999955,High,Medium,66034.8,0
H,297.5,309.3,1459,49.7,201,0,0,0,0,0,0,11.800000000000011,High,Medium,72512.3,1
M,297.5,309.2,1530,40.0,206,0,0,0,0,0,0,11.699999999999989,High,Medium,61200.0,1
L,297.4,309.0,1505,39.2,209,0,0,0,0,0,0,11.600000000000023,High,Medium,58996.00000000001,1
L,297.5,309.1,1611,30.2,211,0,0,0,0,0,0,11.600000000000023,High,Medium,48652.2,1
L,297.5,309.1,1515,35.1,213,0,0,0,0,0,0,11.600000000000023,High,Medium,53176.5,1
M,297.5,309.2,1804,27.4,215,0,0,0,0,0,0,11.699999999999989,High,Low,49429.6,1
M,297.6,309.3,1464,46.2,218,0,0,0,0,0,0,11.699999999999989,High,Medium,67636.8,1
L,297.6,309.2,1390,43.3,221,0,0,0,0,0,0,11.599999999999966,High,Medium,60186.99999999999,1
M,297.6,309.2,1442,48.1,0,0,0,0,0,0,0,11.599999999999966,Low,Medium,69360.2,0
M,297.6,309.3,1529,41.9,3,0,0,0,0,0,0,11.699999999999989,Low,Medium,64065.1,0
L,297.6,309.3,1610,35.0,6,0,0,0,0,0,0,11.699999999999989,Low,Medium,56350.0,0
L,297.6,309.3,1543,34.3,8,0,0,0,0,0,0,11.699999999999989,Low,Medium,52924.899999999994,0
H,297.8,309.4,1445,48.2,10,0,0,0,0,0,0,11.599999999999966,Low,Medium,69649.0,0
L,297.7,309.3,1893,24.6,15,0,0,0,0,0,0,11.600000000000023,Low,Low,46567.8,0
M,297.6,309.3,1415,41.3,17,0,0,0,0,0,0,11.699999999999989,Low,Medium,58439.49999999999,0
L,297.5,309.3,1564,37.5,20,0,0,0,0,0,0,11.800000000000011,Low,Medium,58650.0,0
L,297.5,309.3,1479,39.4,22,0,0,0,0,0,0,11.800000000000011,Low,Medium,58272.6,0
L,297.5,309.2,1426,44.8,24,0,0,0,0,0,0,11.699999999999989,Low,Medium,63884.799999999996,0
L,297.4,309.2,1428,38.8,26,0,0,0,0,0,0,11.800000000000011,Low,Medium,55406.399999999994,0
L,297.4,309.2,1620,33.2,28,0,0,0,0,0,0,11.800000000000011,Low,Medium,53784.00000000001,0
L,297.5,309.2,1715,28.0,30,0,0,0,0,0,0,11.699999999999989,Low,Low,48020.0,0
L,297.5,309.3,1732,29.9,32,0,0,0,0,0,0,11.800000000000011,Low,Medium,51786.799999999996,0
M,297.5,309.4,1391,58.2,34,0,0,0,0,0,0,11.899999999999977,Low,High,80956.2,0
L,297.6,309.5,1924,20.6,37,0,0,0,0,0,0,11.899999999999977,Low,Low,39634.4,0
M,297.7,309.5,2027,19.8,39,0,0,0,0,0,0,11.800000000000011,Low,Low,40134.6,0
L,297.6,309.5,1617,36.2,42,0,0,0,0,0,0,11.899999999999977,Low,Medium,58535.4,0
L,297.5,309.4,1497,35.8,44,0,0,0,0,0,0,11.899999999999977,Low,Medium,53592.6,0
M,297.5,309.5,1448,43.7,46,0,0,0,0,0,0,12.0,Low,Medium,63277.600000000006,0
L,297.4,309.4,1401,45.9,49,0,0,0,0,0,0,12.0,Low,Medium,64305.9,0
L,297.4,309.4,1620,35.4,51,0,0,0,0,0,0,12.0,Low,Medium,57348.0,0
L,297.4,309.4,1466,45.5,53,0,0,0,0,0,0,12.0,Low,Medium,66703.0,0
L,297.6,309.5,1373,50.6,55,0,0,0,0,0,0,11.899999999999977,Low,Medium,69473.8,0
M,297.6,309.6,1592,35.8,57,0,0,0,0,0,0,12.0,Low,Medium,56993.6,0
M,297.5,309.5,1553,42.4,60,0,0,0,0,0,0,12.0,Low,Medium,65847.2,0
L,297.6,309.5,1569,36.2,63,0,0,0,0,0,0,11.899999999999977,Low,Medium,56797.8,0
M,297.6,309.5,1709,32.2,65,0,0,0,0,0,0,11.899999999999977,Low,Medium,55029.8,0
L,297.6,309.5,1549,34.9,68,0,0,0,0,0,0,11.899999999999977,Low,Medium,54060.1,0
L,297.5,309.4,1443,45.4,70,0,0,0,0,0,0,11.899999999999977,Low,Medium,65512.2,0
L,297.5,309.3,1675,29.8,72,0,0,0,0,0,0,11.800000000000011,Low,Medium,49915.0,0
L,297.5,309.3,1623,33.4,74,0,0,0,0,0,0,11.800000000000011,Low,Medium,54208.2,0
H,297.4,309.3,1365,52.4,76,0,0,0,0,0,0,11.900000000000034,Low,High,71526.0,0
L,297.4,309.3,1759,24.8,81,0,0,0,0,0,0,11.900000000000034,Low,Low,43623.200000000004,0
H,297.4,309.3,1516,43.0,83,0,0,0,0,0,0,11.900000000000034,Low,Medium,65188.0,0
M,297.4,309.3,1499,36.8,88,0,0,0,0,0,0,11.900000000000034,Medium,Medium,55163.2,0
M,297.4,309.3,1775,25.8,91,0,0,0,0,0,0,11.900000000000034,Medium,Low,45795.0,0
L,297.4,309.4,1473,45.5,94,0,0,0,0,0,0,12.0,Medium,Medium,67021.5,0
L,297.4,309.4,1296,52.3,96,0,0,0,0,0,0,12.0,Medium,Medium,67780.8,0
L,297.5,309.4,1803,24.7,98,0,0,0,0,0,0,11.899999999999977,Medium,Low,44534.1,0
H,297.5,309.3,1563,36.1,100,0,0,0,0,0,0,11.800000000000011,Medium,Medium,56424.3,0
M,297.5,309.4,1831,26.6,105,0,0,0,0,0,0,11.899999999999977,Medium,Low,48704.600000000006,0
L,297.6,309.4,1958,22.1,108,0,0,0,0,0,0,11.799999999999955,Medium,Low,43271.8,0
L,297.5,309.4,1809,24.3,110,0,0,0,0,0,0,11.899999999999977,Medium,Low,43958.700000000004,0
M,297.5,309.4,1482,39.3,112,0,0,0,0,0,0,11.899999999999977,Medium,Medium,58242.6,0
L,297.4,309.3,1332,53.2,115,0,0,0,0,0,0,11.900000000000034,Medium,High,70862.40000000001,0
L,297.4,309.2,1437,40.4,117,0,0,0,0,0,0,11.800000000000011,Medium,Medium,58054.799999999996,0
L,297.4,309.2,1698,29.4,119,0,0,0,0,0,0,11.800000000000011,Medium,Medium,49921.2,0
L,297.4,309.2,1274,54.3,121,0,0,0,0,0,0,11.800000000000011,Medium,High,69178.2,0
M,297.4,309.3,1622,35.0,123,0,0,0,0,0,0,11.900000000000034,Medium,Medium,56770.0,0
M,297.4,309.3,1564,36.0,126,0,0,0,0,0,0,11.900000000000034,Medium,Medium,56304.0,0
H,297.5,309.4,1368,45.3,129,0,0,0,0,0,0,11.899999999999977,Medium,Medium,61970.399999999994,0
M,297.4,309.4,1539,42.2,134,0,0,0,0,0,0,12.0,Medium,Medium,64945.8,0
L,297.5,309.4,1357,50.1,137,0,0,0,0,0,0,11.899999999999977,Medium,Medium,67985.7,0
M,297.5,309.4,1433,48.3,139,0,0,0,0,0,0,11.899999999999977,Medium,Medium,69213.9,0
L,297.5,309.4,1650,34.6,142,0,0,0,0,0,0,11.899999999999977,Medium,Medium,57090.0,0
L,297.5,309.4,1503,40.6,144,0,0,0,0,0,0,11.899999999999977,Medium,Medium,61021.8,0
L,297.5,309.4,1318,58.2,146,0,0,0,0,0,0,11.899999999999977,Medium,High,76707.6,0
M,297.5,309.4,1678,34.4,148,0,0,0,0,0,0,11.899999999999977,Medium,Medium,57723.2,0
L,297.6,309.5,1574,30.9,151,0,0,0,0,0,0,11.899999999999977,Medium,Medium,48636.6,0
L,297.7,309.6,1529,35.2,153,0,0,0,0,0,0,11.900000000000034,Medium,Medium,53820.8,0
H,297.6,309.6,1669,32.1,155,0,0,0,0,0,0,12.0,Medium,Medium,53574.9,0
H,297.7,309.7,1570,35.8,160,0,0,0,0,0,0,12.0,Medium,Medium,56205.99999999999,0
M,297.6,309.7,1541,33.7,165,0,0,0,0,0,0,12.099999999999966,Medium,Medium,51931.700000000004,0
M,297.7,309.7,1680,30.2,168,0,0,0,0,0,0,12.0,Medium,Medium,50736.0,0
L,297.8,309.7,1935,22.1,171,0,0,0,0,0,0,11.899999999999977,High,Low,42763.5,0
M,297.7,309.6,1596,35.2,173,0,0,0,0,0,0,11.900000000000034,High,Medium,56179.200000000004,0
L,297.7,309.7,1498,41.0,176,0,0,0,0,0,0,12.0,High,Medium,61418.0,0
M,297.8,309.8,1676,29.0,178,0,0,0,0,0,0,12.0,High,Medium,48604.0,0
L,297.8,309.9,1351,49.0,181,0,0,0,0,0,0,12.099999999999966,High,Medium,66199.0,0
L,297.9,309.9,1472,45.0,183,0,0,0,0,0,0,12.0,High,Medium,66240.0,0
M,297.9,310.0,1439,41.7,185,0,0,0,0,0,0,12.100000000000023,High,Medium,60006.3,0
M,297.9,309.9,1410,55.4,188,0,0,0,0,0,0,12.0,High,High,78114.0,0
H,297.7,309.7,1440,51.1,191,0,0,0,0,0,0,12.0,High,Medium,73584.0,0
L,297.7,309.7,1591,37.7,196,0,0,0,0,0,0,12.0,High,Medium,59980.700000000004,0
L,297.8,309.8,1533,36.8,198,0,0,0,0,0,0,12.0,High,Medium,56414.399999999994,0
M,297.8,309.7,1700,31.3,200,0,0,0,0,0,0,11.899999999999977,High,Medium,53210.0,1
M,297.8,309.8,1798,25.5,203,0,0,0,0,0,0,12.0,High,Low,45849.0,1
L,297.8,309.7,1394,42.9,206,0,0,0,0,0,0,11.899999999999977,High,Medium,59802.6,1
L,297.8,309.7,1341,49.2,208,0,0,0,0,0,0,11.899999999999977,High,Medium,65977.2,1
H,297.7,309.6,1697,32.2,210,0,0,0,0,0,0,11.900000000000034,High,Medium,54643.4,1
H,297.6,309.6,1419,48.2,215,0,0,0,0,0,0,12.0,High,Medium,68395.8,1
L,297.6,309.5,2001,20.5,220,0,0,0,0,0,0,11.899999999999977,High,Low,41020.5,1
L,297.6,309.6,1501,49.8,222,1,0,0,0,1,0,12.0,High,Medium,74749.8,1
H,297.6,309.5,1623,33.1,224,0,0,0,0,0,0,11.899999999999977,High,Medium,53721.3,1
L,297.6,309.4,1628,33.4,229,0,0,0,0,0,0,11.799999999999955,High,Medium,54375.2,1
L,297.6,309.4,1491,40.2,231,0,0,0,0,0,0,11.799999999999955,High,Medium,59938.200000000004,1
L,297.5,309.4,1517,36.7,233,0,0,0,0,0,0,11.899999999999977,High,Medium,55673.9,1
H,297.5,309.3,1525,41.7,235,0,0,0,0,0,0,11.800000000000011,High,Medium,63592.50000000001,1
H,297.5,309.5,1668,27.9,240,0,0,0,0,0,0,12.0,High,Low,46537.2,1
L,297.5,309.6,1312,50.7,0,0,0,0,0,0,0,12.100000000000023,Low,Medium,66518.40000000001,0
H,297.6,309.6,1278,50.4,2,0,0,0,0,0,0,12.0,Low,Medium,64411.2,0
M,297.6,309.6,1330,53.1,7,0,0,0,0,0,0,12.0,Low,High,70623.0,0
M,297.6,309.6,1530,37.3,10,0,0,0,0,0,0,12.0,Low,Medium,57068.99999999999,0
H,297.6,309.6,1428,46.6,13,0,0,0,0,0,0,12.0,Low,Medium,66544.8,0
L,297.7,309.6,1480,47.9,18,0,0,0,0,0,0,11.900000000000034,Low,Medium,70892.0,0
H,297.7,309.7,1616,31.1,20,0,0,0,0,0,0,12.0,Low,Medium,50257.600000000006,0
L,297.8,309.7,1547,37.3,25,0,0,0,0,0,0,11.899999999999977,Low,Medium,57703.1,0
L,297.9,309.7,2194,16.8,27,0,0,0,0,0,0,11.800000000000011,Low,Low,36859.200000000004,0
L,297.9,309.8,2000,21.3,29,0,0,0,0,0,0,11.900000000000034,Low,Low,42600.0,0
L,297.9,309.8,1336,71.6,31,1,0,0,1,0,0,11.900000000000034,Low,High,95657.59999999999,0
L,297.9,309.9,1542,33.8,33,0,0,0,0,0,0,12.0,Low,Medium,52119.6,0
M,297.9,309.8,1693,29.9,35,0,0,0,0,0,0,11.900000000000034,Low,Medium,50620.7,0
L,297.9,309.8,1461,50.5,38,0,0,0,0,0,0,11.900000000000034,Low,Medium,73780.5,0
M,298.0,309.9,1565,33.9,40,0,0,0,0,0,0,11.899999999999977,Low,Medium,53053.5,0
L,298.0,309.9,1403,47.7,43,0,0,0,0,0,0,11.899999999999977,Low,Medium,66923.1,0
L,298.1,309.9,1629,32.5,45,0,0,0,0,0,0,11.799999999999955,Low,Medium,52942.5,0
L,298.1,310.0,1534,33.7,47,0,0,0,0,0,0,11.899999999999977,Low,Medium,51695.8,0
L,298.1,310.0,1553,40.9,49,0,0,0,0,0,0,11.899999999999977,Low,Medium,63517.7,0
L,298.1,309.9,1563,32.8,51,0,0,0,0,0,0,11.799999999999955,Low,Medium,51266.399999999994,0
L,298.1,309.9,1634,30.0,53,0,0,0,0,0,0,11.799999999999955,Low,Medium,49020.0,0
M,298.0,309.9,1445,45.2,55,0,0,0,0,0,0,11.899999999999977,Low,Medium,65314.00000000001,0
L,298.1,309.9,1642,30.4,58,0,0,0,0,0,0,11.799999999999955,Low,Medium,49916.799999999996,0
H,298.1,309.9,1686,29.1,60,0,0,0,0,0,0,11.799999999999955,Low,Medium,49062.600000000006,0
M,298.1,310.0,1393,43.1,65,0,0,0,0,0,0,11.899999999999977,Low,Medium,60038.3,0
H,298.2,310.0,1433,44.2,68,0,0,0,0,0,0,11.800000000000011,Low,Medium,63338.600000000006,0
L,298.3,310.0,1507,44.7,73,0,0,0,0,0,0,11.699999999999989,Low,Medium,67362.90000000001,0
M,298.3,310.1,1389,49.6,75,0,0,0,0,0,0,11.800000000000011,Low,Medium,68894.40000000001,0
L,298.3,310.1,1408,45.3,78,0,0,0,0,0,0,11.800000000000011,Low,Medium,63782.399999999994,0
M,298.4,310.2,1725,32.0,80,0,0,0,0,0,0,11.800000000000011,Low,Medium,55200.0,0
L,298.4,310.1,1926,23.7,83,0,0,0,0,0,0,11.700000000000045,Low,Low,45646.2,0
H,298.3,310.1,1509,37.6,85,0,0,0,0,0,0,11.800000000000011,Medium,Medium,56738.4,0
L,298.3,310.1,1545,36.3,90,0,0,0,0,0,0,11.800000000000011,Medium,Medium,56083.49999999999,0
L,298.4,310.1,1533,35.2,92,0,0,0,0,0,0,11.700000000000045,Medium,Medium,53961.600000000006,0
L,298.4,310.1,1455,42.2,94,0,0,0,0,0,0,11.700000000000045,Medium,Medium,61401.00000000001,0
M,298.4,310.1,1335,57.8,96,0,0,0,0,0,0,11.700000000000045,Medium,High,77163.0,0
L,298.3,310.1,1523,45.9,99,0,0,0,0,0,0,11.800000000000011,Medium,Medium,69905.7,0
L,298.3,310.0,1460,47.6,101,0,0,0,0,0,0,11.699999999999989,Medium,Medium,69496.0,0
L,298.4,310.0,1554,37.3,103,0,0,0,0,0,0,11.600000000000023,Medium,Medium,57964.2,0
H,298.3,310.0,1419,47.1,105,0,0,0,0,0,0,11.699999999999989,Medium,Medium,66834.90000000001,0
L,298.3,310.0,1442,43.9,110,0,0,0,0,0,0,11.699999999999989,Medium,Medium,63303.799999999996,0
L,298.3,309.9,1507,41.6,112,0,0,0,0,0,0,11.599999999999966,Medium,Medium,62691.200000000004,0
L,298.3,310.0,1858,23.9,114,0,0,0,0,0,0,11.699999999999989,Medium,Low,44406.2,0
L,298.3,309.9,1463,43.9,116,0,0,0,0,0,0,11.599999999999966,Medium,Medium,64225.7,0
L,298.2,309.7,1585,37.4,118,0,0,0,0,0,0,11.5,Medium,Medium,59279.0,0
L,298.0,309.6,1536,37.3,120,0,0,0,0,0,0,11.600000000000023,Medium,Medium,57292.799999999996,0
L,298.0,309.6,1403,51.3,122,0,0,0,0,0,0,11.600000000000023,Medium,Medium,71973.9,0
M,297.9,309.6,1515,38.8,124,0,0,0,0,0,0,11.700000000000045,Medium,Medium,58781.99999999999,0
L,297.9,309.5,1390,47.9,127,0,0,0,0,0,0,11.600000000000023,Medium,Medium,66581.0,0
M,297.8,309.4,1226,58.7,129,0,0,0,0,0,0,11.599999999999966,Medium,High,71966.2,0
M,297.8,309.4,1495,36.5,132,0,0,0,0,0,0,11.599999999999966,Medium,Medium,54567.5,0
H,297.7,309.4,1608,30.2,135,0,0,0,0,0,0,11.699999999999989,Medium,Medium,48561.6,0
L,297.7,309.4,1392,44.1,140,0,0,0,0,0,0,11.699999999999989,Medium,Medium,61387.200000000004,0
M,297.7,309.4,1461,43.7,142,0,0,0,0,0,0,11.699999999999989,Medium,Medium,63845.700000000004,0
L,297.7,309.3,1559,36.9,145,0,0,0,0,0,0,11.600000000000023,Medium,Medium,57527.1,0
H,297.7,309.3,1400,48.9,147,0,0,0,0,0,0,11.600000000000023,Medium,Medium,68460.0,0
M,297.7,309.2,1732,28.8,152,0,0,0,0,0,0,11.5,Medium,Medium,49881.6,0
L,297.6,309.2,1611,33.1,155,0,0,0,0,0,0,11.599999999999966,Medium,Medium,53324.100000000006,0
L,297.6,309.1,1503,38.9,157,0,0,0,0,0,0,11.5,Medium,Medium,58466.7,0
L,297.7,309.2,1391,44.5,159,0,0,0,0,0,0,11.5,Medium,Medium,61899.5,0
L,297.8,309.3,2015,20.1,161,0,0,0,0,0,0,11.5,Medium,Low,40501.5,0
L,297.8,309.2,1683,30.9,163,0,0,0,0,0,0,11.399999999999977,Medium,Medium,52004.7,0
L,297.7,309.1,1435,38.8,165,0,0,0,0,0,0,11.400000000000034,Medium,Medium,55677.99999999999,0
M,297.7,309.1,1732,28.1,167,0,0,0,0,0,0,11.400000000000034,Medium,Medium,48669.200000000004,0
L,297.7,309.2,1365,58.6,170,0,0,0,0,0,0,11.5,High,High,79989.0,0
L,297.7,309.1,1562,36.8,172,0,0,0,0,0,0,11.400000000000034,High,Medium,57481.6,0
L,297.6,309.1,1449,49.1,174,0,0,0,0,0,0,11.5,High,Medium,71145.90000000001,0
M,297.7,309.2,1700,27.4,176,0,0,0,0,0,0,11.5,High,Low,46580.0,0
M,297.6,309.0,1427,45.6,179,0,0,0,0,0,0,11.399999999999977,High,Medium,65071.200000000004,0
M,297.6,308.9,1479,38.1,182,0,0,0,0,0,0,11.299999999999955,High,Medium,56349.9,0
L,297.5,308.9,1469,44.0,185,0,0,0,0,0,0,11.399999999999977,High,Medium,64636.0,0
L,297.5,308.9,1390,47.4,187,0,0,0,0,0,0,11.399999999999977,High,Medium,65886.0,0
L,297.5,308.9,1729,28.1,189,0,0,0,0,0,0,11.399999999999977,High,Medium,48584.9,0
L,297.5,309.0,1470,43.5,191,0,0,0,0,0,0,11.5,High,Medium,63945.0,0
L,297.5,308.9,1459,48.5,193,0,0,0,0,0,0,11.399999999999977,High,Medium,70761.5,0
L,297.5,308.9,1738,24.0,195,0,0,0,0,0,0,11.399999999999977,High,Low,41712.0,0
H,297.5,308.9,1471,37.7,197,0,0,0,0,0,0,11.399999999999977,High,Medium,55456.700000000004,0
L,297.6,309.0,1822,25.4,202,0,0,0,0,0,0,11.399999999999977,High,Low,46278.799999999996,1
L,297.5,308.9,1554,34.8,204,0,0,0,0,0,0,11.399999999999977,High,Medium,54079.2,1
M,297.6,308.9,1433,43.2,206,0,0,0,0,0,0,11.299999999999955,High,Medium,61905.600000000006,1
L,297.6,308.9,1449,47.7,209,0,0,0,0,0,0,11.299999999999955,High,Medium,69117.3,1
L,297.8,309.0,1456,41.2,0,0,0,0,0,0,0,11.199999999999989,Low,Medium,59987.200000000004,0
M,297.8,309.1,1424,45.5,2,0,0,0,0,0,0,11.300000000000011,Low,Medium,64792.0,0
H,297.9,309.2,1577,34.7,5,0,0,0,0,0,0,11.300000000000011,Low,Medium,54721.9,0
L,297.9,309.2,1478,39.7,10,0,0,0,0,0,0,11.300000000000011,Low,Medium,58676.600000000006,0
M,297.8,309.2,1295,61.2,12,0,0,0,0,0,0,11.399999999999977,Low,High,79254.0,0
L,297.8,309.2,1372,47.3,15,0,0,0,0,0,0,11.399999999999977,Low,Medium,64895.6,0
M,297.8,309.1,1432,42.6,17,0,0,0,0,0,0,11.300000000000011,Low,Medium,61003.200000000004,0
M,297.7,309.0,1656,33.2,20,0,0,0,0,0,0,11.300000000000011,Low,Medium,54979.200000000004,0
H,297.8,309.0,1410,48.8,23,0,0,0,0,0,0,11.199999999999989,Low,Medium,68808.0,0
L,297.7,309.0,1874,24.4,28,0,0,0,0,0,0,11.300000000000011,Low,Low,45725.6,0
L,297.7,309.0,1538,43.2,30,0,0,0,0,0,0,11.300000000000011,Low,Medium,66441.6,0
M,297.7,309.0,1636,29.7,32,0,0,0,0,0,0,11.300000000000011,Low,Medium,48589.2,0
M,297.7,309.0,1504,40.4,35,0,0,0,0,0,0,11.300000000000011,Low,Medium,60761.6,0
M,297.7,309.0,1531,42.4,38,0,0,0,0,0,0,11.300000000000011,Low,Medium,64914.4,0
H,297.6,309.0,1735,26.4,41,0,0,0,0,0,0,11.399999999999977,Low,Low,45804.0,0
H,297.6,309.0,1354,55.6,46,0,0,0,0,0,0,11.399999999999977,Low,High,75282.40000000001,0
H,297.6,309.0,1413,40.2,51,0,0,0,0,0,0,11.399999999999977,Low,Medium,56802.600000000006,0
L,297.7,309.1,1563,39.3,56,0,0,0,0,0,0,11.400000000000034,Low,Medium,61425.899999999994,0
L,297.7,309.1,1479,42.1,58,0,0,0,0,0,0,11.400000000000034,Low,Medium,62265.9,0
L,297.7,309.1,1477,38.3,60,0,0,0,0,0,0,11.400000000000034,Low,Medium,56569.1,0
L,297.6,309.1,1394,50.0,62,0,0,0,0,0,0,11.5,Low,Medium,69700.0,0
L,297.6,309.0,1487,45.4,64,0,0,0,0,0,0,11.399999999999977,Low,Medium,67509.8,0
M,297.6,309.0,1815,25.3,66,0,0,0,0,0,0,11.399999999999977,Low,Low,45919.5,0
M,297.6,308.8,1453,39.7,69,0,0,0,0,0,0,11.199999999999989,Low,Medium,57684.100000000006,0
L,297.6,308.8,1539,40.2,72,0,0,0,0,0,0,11.199999999999989,Low,Medium,61867.8,0
H,297.5,308.7,1416,39.2,74,0,0,0,0,0,0,11.199999999999989,Low,Medium,55507.200000000004,0
M,297.6,308.8,1683,31.6,79,0,0,0,0,0,0,11.199999999999989,Low,Medium,53182.8,0
L,297.7,308.8,1515,40.1,82,0,0,0,0,0,0,11.100000000000023,Low,Medium,60751.5,0
M,297.7,308.9,1531,48.3,84,0,0,0,0,0,0,11.199999999999989,Low,Medium,73947.3,0
H,297.7,308.9,1479,40.9,87,0,0,0,0,0,0,11.199999999999989,Medium,Medium,60491.1,0
L,297.7,308.9,1516,33.7,92,0,0,0,0,0,0,11.199999999999989,Medium,Medium,51089.200000000004,0
L,297.7,309.0,1507,38.2,94,0,0,0,0,0,0,11.300000000000011,Medium,Medium,57567.4,0
M,297.8,309.0,1434,43.3,96,0,0,0,0,0,0,11.199999999999989,Medium,Medium,62092.2,0
L,297.7,308.9,1838,27.3,99,0,0,0,0,0,0,11.199999999999989,Medium,Low,50177.4,0
M,297.6,308.8,1416,45.9,101,0,0,0,0,0,0,11.199999999999989,Medium,Medium,64994.4,0
M,297.6,308.8,1357,49.7,104,0,0,0,0,0,0,11.199999999999989,Medium,Medium,67442.90000000001,0
M,297.5,308.7,1697,28.1,107,0,0,0,0,0,0,11.199999999999989,Medium,Medium,47685.700000000004,0
L,297.5,308.7,1443,46.2,110,0,0,0,0,0,0,11.199999999999989,Medium,Medium,66666.6,0
L,297.5,308.7,1453,37.6,112,0,0,0,0,0,0,11.199999999999989,Medium,Medium,54632.8,0
L,297.4,308.6,1439,46.4,114,0,0,0,0,0,0,11.200000000000045,Medium,Medium,66769.59999999999,0
L,297.4,308.6,1609,36.2,116,0,0,0,0,0,0,11.200000000000045,Medium,Medium,58245.8,0
L,297.4,308.6,1324,59.1,118,0,0,0,0,0,0,11.200000000000045,Medium,High,78248.40000000001,0
H,297.4,308.6,1420,45.8,120,0,0,0,0,0,0,11.200000000000045,Medium,Medium,65035.99999999999,0
L,297.4,308.7,1545,36.9,125,0,0,0,0,0,0,11.300000000000011,Medium,Medium,57010.5,0
L,297.5,308.8,1477,39.0,127,0,0,0,0,0,0,11.300000000000011,Medium,Medium,57603.0,0
L,297.4,308.8,1447,58.1,129,0,0,0,0,0,0,11.400000000000034,Medium,High,84070.7,0
L,297.4,308.9,1809,23.8,131,0,0,0,0,0,0,11.5,Medium,Low,43054.200000000004,0
L,297.5,308.9,1696,30.9,133,0,0,0,0,0,0,11.399999999999977,Medium,Medium,52406.399999999994,0
L,297.5,308.9,1427,44.7,135,0,0,0,0,0,0,11.399999999999977,Medium,Medium,63786.9,0
M,297.4,308.9,1500,46.3,137,0,0,0,0,0,0,11.5,Medium,Medium,69450.0,0
L,297.5,308.9,1390,44.6,140,0,0,0,0,0,0,11.399999999999977,Medium,Medium,61994.0,0
L,297.4,308.8,1640,34.2,142,0,0,0,0,0,0,11.400000000000034,Medium,Medium,56088.00000000001,0
M,297.4,308.8,1628,37.4,144,0,0,0,0,0,0,11.400000000000034,Medium,Medium,60887.2,0
H,297.3,308.6,1499,37.6,147,0,0,0,0,0,0,11.300000000000011,Medium,Medium,56362.4,0
M,297.4,308.7,1425,50.3,152,0,0,0,0,0,0,11.300000000000011,Medium,Medium,71677.5,0
L,297.3,308.6,1586,37.7,155,0,0,0,0,0,0,11.300000000000011,Medium,Medium,59792.200000000004,0
M,297.3,308.6,1471,50.7,157,0,0,0,0,0,0,11.300000000000011,Medium,Medium,74579.7,0
M,297.3,308.6,1431,53.0,160,0,0,0,0,0,0,11.300000000000011,Medium,High,75843.0,0
L,297.2,308.6,1924,22.1,163,0,0,0,0,0,0,11.400000000000034,Medium,Low,42520.4,0
M,297.1,308.4,1421,42.0,165,0,0,0,0,0,0,11.299999999999955,Medium,Medium,59682.0,0
H,297.0,308.4,1305,54.6,168,0,0,0,0,0,0,11.399999999999977,Medium,High,71253.0,0
L,296.9,308.4,1557,32.4,173,0,0,0,0,0,0,11.5,High,Medium,50446.799999999996,0
L,296.9,308.3,1555,38.2,175,0,0,0,0,0,0,11.400000000000034,High,Medium,59401.00000000001,0
H,296.9,308.3,1474,39.2,177,0,0,0,0,0,0,11.400000000000034,High,Medium,57780.8,0
L,296.8,308.3,1506,45.9,182,0,0,0,0,0,0,11.5,High,Medium,69125.4,0
L,296.9,308.4,1390,41.8,184,0,0,0,0,0,0,11.5,High,Medium,58101.99999999999,0
M,296.9,308.4,1450,46.9,186,0,0,0,0,0,0,11.5,High,Medium,68005.0,0
L,296.9,308.3,1513,38.8,189,0,0,0,0,0,0,11.400000000000034,High,Medium,58704.399999999994,0
L,296.8,308.2,1643,34.7,191,0,0,0,0,0,0,11.399999999999977,High,Medium,57012.100000000006,0
L,296.8,308.2,1361,53.8,193,0,0,0,0,0,0,11.399999999999977,High,High,73221.8,0
L,296.7,308.1,1450,40.9,195,0,0,0,0,0,0,11.400000000000034,High,Medium,59305.0,0
L,296.7,308.0,1451,50.7,197,0,0,0,0,0,0,11.300000000000011,High,Medium,73565.7,0
L,296.8,308.1,1289,62.0,199,1,0,0,0,1,0,11.300000000000011,High,High,79918.0,0
L,296.8,308.1,1356,48.3,201,0,0,0,0,0,0,11.300000000000011,High,Medium,65494.799999999996,1
H,296.7,308.1,1528,46.3,203,0,0,0,0,0,0,11.400000000000034,High,Medium,70746.4,1
L,296.6,308.0,1978,22.3,208,0,0,0,0,0,0,11.399999999999977,High,Low,44109.4,1
L,296.7,308.0,1535,36.8,210,0,0,0,0,0,0,11.300000000000011,High,Medium,56487.99999999999,1
M,296.8,308.1,1843,24.2,212,0,0,0,0,0,0,11.300000000000011,High,Low,44600.6,1
L,296.9,308.1,1422,48.7,215,0,0,0,0,0,0,11.200000000000045,High,Medium,69251.40000000001,1
L,296.8,308.0,1536,40.4,217,0,0,0,0,0,0,11.199999999999989,High,Medium,62054.399999999994,1
M,296.9,308.1,1483,44.3,219,0,0,0,0,0,0,11.200000000000045,High,Medium,65696.9,1
H,296.8,308.1,1492,43.7,222,0,0,0,0,0,0,11.300000000000011,High,Medium,65200.4,1
L,296.8,308.0,1584,40.4,227,0,0,0,0,0,0,11.199999999999989,High,Medium,63993.6,1
L,296.9,308.1,1555,33.7,229,0,0,0,0,0,0,11.200000000000045,High,Medium,52403.50000000001,1
L,296.8,308.0,1497,41.7,231,0,0,0,0,0,0,11.199999999999989,High,Medium,62424.9,1
M,296.7,307.8,1537,36.3,233,0,0,0,0,0,0,11.100000000000023,High,Medium,55793.1,1
L,296.7,307.8,1505,39.4,236,0,0,0,0,0,0,11.100000000000023,High,Medium,59297.0,1
L,296.7,307.8,1646,34.6,238,0,0,0,0,0,0,11.100000000000023,High,Medium,56951.600000000006,1
M,296.7,307.8,1286,60.5,0,0,0,0,0,0,0,11.100000000000023,Low,High,77803.0,0
L,296.7,307.8,1400,47.5,3,0,0,0,0,0,0,11.100000000000023,Low,Medium,66500.0,0
L,296.8,307.9,1337,56.5,5,0,0,0,0,0,0,11.099999999999966,Low,High,75540.5,0
L,296.9,308.0,1332,53.9,7,0,0,0,0,0,0,11.100000000000023,Low,High,71794.8,0
L,296.8,308.0,1561,38.3,9,0,0,0,0,0,0,11.199999999999989,Low,Medium,59786.299999999996,0
L,296.9,308.0,1546,31.1,11,0,0,0,0,0,0,11.100000000000023,Low,Medium,48080.600000000006,0
L,296.9,308.0,1713,29.3,13,0,0,0,0,0,0,11.100000000000023,Low,Medium,50190.9,0
L,296.9,308.0,1343,44.5,15,0,0,0,0,0,0,11.100000000000023,Low,Medium,59763.5,0
L,296.8,308.0,1391,54.4,17,0,0,0,0,0,0,11.199999999999989,Low,High,75670.4,0
H,296.8,308.0,1311,58.6,19,0,0,0,0,0,0,11.199999999999989,Low,High,76824.6,0
H,296.8,308.0,1453,51.0,24,0,0,0,0,0,0,11.199999999999989,Low,Medium,74103.0,0
L,296.8,308.0,1510,39.4,29,0,0,0,0,0,0,11.199999999999989,Low,Medium,59494.0,0
L,296.8,307.9,1448,48.8,31,0,0,0,0,0,0,11.099999999999966,Low,Medium,70662.4,0
L,296.7,307.8,1453,46.0,33,0,0,0,0,0,0,11.100000000000023,Low,Medium,66838.0,0
L,296.7,307.8,1468,39.2,35,0,0,0,0,0,0,11.100000000000023,Low,Medium,57545.600000000006,0
L,296.7,307.8,1382,47.5,37,0,0,0,0,0,0,11.100000000000023,Low,Medium,65645.0,0
L,296.7,308.0,1580,32.2,39,0,0,0,0,0,0,11.300000000000011,Low,Medium,50876.00000000001,0
L,296.8,308.0,1666,29.8,41,0,0,0,0,0,0,11.199999999999989,Low,Medium,49646.8,0
M,296.9,308.0,1409,50.7,43,0,0,0,0,0,0,11.100000000000023,Low,Medium,71436.3,0
L,296.8,308.0,1675,29.7,46,0,0,0,0,0,0,11.199999999999989,Low,Medium,49747.5,0
L,296.8,307.9,1698,30.8,48,0,0,0,0,0,0,11.099999999999966,Low,Medium,52298.4,0
H,296.7,307.9,1579,33.4,50,0,0,0,0,0,0,11.199999999999989,Low,Medium,52738.6,0
L,296.7,307.9,1743,27.9,55,0,0,0,0,0,0,11.199999999999989,Low,Low,48629.7,0
M,296.9,308.0,1497,44.8,57,0,0,0,0,0,0,11.100000000000023,Low,Medium,67065.59999999999,0
L,296.9,308.1,1741,28.8,60,0,0,0,0,0,0,11.200000000000045,Low,Medium,50140.8,0
L,296.9,308.1,1435,45.3,62,0,0,0,0,0,0,11.200000000000045,Low,Medium,65005.49999999999,0
M,296.9,308.1,1440,46.3,64,0,0,0,0,0,0,11.200000000000045,Low,Medium,66672.0,0
M,296.9,308.0,1641,33.3,67,0,0,0,0,0,0,11.100000000000023,Low,Medium,54645.299999999996,0
L,296.8,307.9,1420,45.4,70,0,0,0,0,0,0,11.099999999999966,Low,Medium,64468.0,0
L,296.8,307.9,1611,35.4,72,0,0,0,0,0,0,11.099999999999966,Low,Medium,57029.399999999994,0
L,296.8,307.8,1373,42.9,74,0,0,0,0,0,0,11.0,Low,Medium,58901.7,0
M,296.8,307.9,1683,31.8,76,0,0,0,0,0,0,11.099999999999966,Low,Medium,53519.4,0
H,296.9,307.9,1547,32.6,79,0,0,0,0,0,0,11.0,Low,Medium,50432.200000000004,0
L,296.9,307.8,1605,37.0,84,0,0,0,0,0,0,10.900000000000034,Low,Medium,59385.0,0
M,296.9,307.9,2010,18.9,86,0,0,0,0,0,0,11.0,Medium,Low,37989.0,0
L,296.8,307.7,1565,40.1,89,0,0,0,0,0,0,10.899999999999977,Medium,Medium,62756.5,0
M,296.9,307.8,1828,24.6,91,0,0,0,0,0,0,10.900000000000034,Medium,Low,44968.8,0
M,297.0,307.8,1579,34.1,94,0,0,0,0,0,0,10.800000000000011,Medium,Medium,53843.9,0
M,297.0,307.9,1882,24.2,97,0,0,0,0,0,0,10.899999999999977,Medium,Low,45544.4,0
L,296.9,307.8,1285,52.1,100,0,0,0,0,0,0,10.900000000000034,Medium,Medium,66948.5,0
L,296.9,307.8,1571,35.0,102,0,0,0,0,0,0,10.900000000000034,Medium,Medium,54985.0,0
H,296.9,307.8,1549,37.8,104,0,0,0,0,0,0,10.900000000000034,Medium,Medium,58552.2,0
M,296.9,307.8,1544,37.6,109,0,0,0,0,0,0,10.900000000000034,Medium,Medium,58054.4,0
M,297.0,307.9,1412,47.4,112,0,0,0,0,0,0,10.899999999999977,Medium,Medium,66928.8,0
M,297.0,307.9,1422,53.0,115,0,0,0,0,0,0,10.899999999999977,Medium,High,75366.0,0
L,297.0,307.7,1867,22.8,118,0,0,0,0,0,0,10.699999999999989,Medium,Low,42567.6,0
L,296.9,307.7,1424,43.3,120,0,0,0,0,0,0,10.800000000000011,Medium,Medium,61659.2,0
L,296.9,307.6,1452,45.7,122,0,0,0,0,0,0,10.700000000000045,Medium,Medium,66356.40000000001,0
L,296.9,307.7,1550,39.7,124,0,0,0,0,0,0,10.800000000000011,Medium,Medium,61535.00000000001,0
L,296.8,307.6,1588,37.6,126,0,0,0,0,0,0,10.800000000000011,Medium,Medium,59708.8,0
L,296.8,307.6,1338,44.4,128,0,0,0,0,0,0,10.800000000000011,Medium,Medium,59407.2,0
L,296.8,307.6,1513,40.0,130,0,0,0,0,0,0,10.800000000000011,Medium,Medium,60520.0,0
M,296.8,307.5,1470,45.9,132,0,0,0,0,0,0,10.699999999999989,Medium,Medium,67473.0,0
M,296.8,307.5,1516,36.7,135,0,0,0,0,0,0,10.699999999999989,Medium,Medium,55637.200000000004,0
L,296.8,307.6,1434,48.3,138,0,0,0,0,0,0,10.800000000000011,Medium,Medium,69262.2,0
L,296.8,307.6,1368,52.0,140,0,0,0,0,0,0,10.800000000000011,Medium,Medium,71136.0,0
L,296.8,307.6,1304,48.7,142,0,0,0,0,0,0,10.800000000000011,Medium,Medium,63504.8,0
L,296.8,307.6,1398,46.7,144,0,0,0,0,0,0,10.800000000000011,Medium,Medium,65286.600000000006,0
L,296.7,307.6,1516,37.4,146,0,0,0,0,0,0,10.900000000000034,Medium,Medium,56698.4,0
L,296.7,307.6,1474,41.7,148,0,0,0,0,0,0,10.900000000000034,Medium,Medium,61465.8,0
M,296.7,307.6,1547,34.7,150,0,0,0,0,0,0,10.900000000000034,Medium,Medium,53680.9,0
M,296.6,307.5,1482,39.9,153,0,0,0,0,0,0,10.899999999999977,Medium,Medium,59131.799999999996,0
L,296.6,307.4,1436,42.8,156,0,0,0,0,0,0,10.799999999999955,Medium,Medium,61460.799999999996,0
L,296.6,307.3,1474,40.0,158,0,0,0,0,0,0,10.699999999999989,Medium,Medium,58960.0,0
L,296.5,307.2,1481,38.2,160,0,0,0,0,0,0,10.699999999999989,Medium,Medium,56574.200000000004,0
L,296.5,307.3,1501,42.1,162,0,0,0,0,0,0,10.800000000000011,Medium,Medium,63192.1,0
L,296.5,307.3,1566,37.2,164,0,0,0,0,0,0,10.800000000000011,Medium,Medium,58255.200000000004,0
L,296.5,307.3,1579,34.5,166,0,0,0,0,0,0,10.800000000000011,Medium,Medium,54475.5,0
L,296.6,307.4,1631,35.0,168,0,0,0,0,0,0,10.799999999999955,Medium,Medium,57085.0,0
M,296.6,307.4,1544,42.3,170,0,0,0,0,0,0,10.799999999999955,High,Medium,65311.2,0
L,296.6,307.4,1521,38.6,173,0,0,0,0,0,0,10.799999999999955,High,Medium,58710.6,0
L,296.6,307.4,1616,28.0,175,0,0,0,0,0,0,10.799999999999955,High,Low,45248.0,0
H,296.6,307.4,1333,50.2,177,0,0,0,0,0,0,10.799999999999955,High,Medium,66916.6,0
M,296.7,307.4,1533,32.5,182,0,0,0,0,0,0,10.699999999999989,High,Medium,49822.5,0
L,296.6,307.4,1368,45.1,185,0,0,0,0,0,0,10.799999999999955,High,Medium,61696.8,0
L,296.6,307.4,1465,47.8,187,0,0,0,0,0,0,10.799999999999955,High,Medium,70027.0,0
H,296.6,307.4,1406,41.5,189,0,0,0,0,0,0,10.799999999999955,High,Medium,58349.0,0
M,296.5,307.4,1565,43.5,194,0,0,0,0,0,0,10.899999999999977,High,Medium,68077.5,0
L,296.6,307.5,1582,37.9,197,0,0,0,0,0,0,10.899999999999977,High,Medium,59957.799999999996,0
L,296.6,307.5,1439,45.5,199,0,0,0,0,0,0,10.899999999999977,High,Medium,65474.5,0
M,296.6,307.5,1566,35.0,201,0,0,0,0,0,0,10.899999999999977,High,Medium,54810.0,1
L,296.6,307.5,1485,42.7,204,0,0,0,0,0,0,10.899999999999977,High,Medium,63409.50000000001,1
L,296.5,307.5,1566,35.1,206,0,0,0,0,0,0,11.0,High,Medium,54966.600000000006,1
L,296.3,307.3,1439,41.5,208,0,0,0,0,0,0,11.0,High,Medium,59718.5,1
M,296.4,307.4,1416,50.0,210,0,0,0,0,0,0,11.0,High,Medium,70800.0,1
L,296.4,307.4,2833,5.6,213,1,0,0,1,0,0,11.0,High,Low,15864.8,1
L,296.3,307.4,1465,47.1,215,0,0,0,0,0,0,11.099999999999966,High,Medium,69001.5,1
H,296.4,307.4,1586,35.5,0,0,0,0,0,0,0,11.0,Low,Medium,56303.0,0
L,296.3,307.3,1567,31.4,5,0,0,0,0,0,0,11.0,Low,Medium,49203.799999999996,0
M,296.2,307.2,1389,48.6,7,0,0,0,0,0,0,11.0,Low,Medium,67505.40000000001,0
M,296.3,307.3,1368,49.5,10,0,0,0,0,0,0,11.0,Low,Medium,67716.0,0
L,296.3,307.3,1444,49.0,13,0,0,0,0,0,0,11.0,Low,Medium,70756.0,0
M,296.3,307.3,1498,41.6,15,0,0,0,0,0,0,11.0,Low,Medium,62316.8,0
L,296.1,307.2,1615,30.8,18,0,0,0,0,0,0,11.099999999999966,Low,Medium,49742.0,0
L,296.1,307.1,1898,22.7,20,0,0,0,0,0,0,11.0,Low,Low,43084.6,0
M,296.1,307.1,1350,53.3,22,0,0,0,0,0,0,11.0,Low,High,71955.0,0
M,296.2,307.0,1516,37.6,25,0,0,0,0,0,0,10.800000000000011,Low,Medium,57001.6,0
H,296.2,307.0,1542,40.6,28,0,0,0,0,0,0,10.800000000000011,Low,Medium,62605.200000000004,0
H,296.1,306.9,1541,32.6,33,0,0,0,0,0,0,10.799999999999955,Low,Medium,50236.600000000006,0
M,296.1,306.9,1951,23.3,38,0,0,0,0,0,0,10.799999999999955,Low,Low,45458.3,0
H,296.1,306.8,1645,31.0,41,0,0,0,0,0,0,10.699999999999989,Low,Medium,50995.0,0
L,296.0,306.7,1416,44.2,46,0,0,0,0,0,0,10.699999999999989,Low,Medium,62587.200000000004,0
M,296.0,306.7,2044,22.3,48,0,0,0,0,0,0,10.699999999999989,Low,Low,45581.200000000004,0
L,295.9,306.6,1414,50.2,51,0,0,0,0,0,0,10.700000000000045,Low,Medium,70982.8,0
L,295.9,306.6,1678,26.7,53,0,0,0,0,0,0,10.700000000000045,Low,Low,44802.6,0
H,295.9,306.5,1594,33.2,55,0,0,0,0,0,0,10.600000000000023,Low,Medium,52920.8,0
M,295.8,306.5,1514,37.7,60,0,0,0,0,0,0,10.699999999999989,Low,Medium,57077.8,0
L,295.8,306.5,1358,49.2,63,0,0,0,0,0,0,10.699999999999989,Low,Medium,66813.6,0
L,295.8,306.4,1325,56.2,65,0,0,0,0,0,0,10.599999999999966,Low,High,74465.0,0
L,295.8,306.4,1339,53.2,67,0,0,0,0,0,0,10.599999999999966,Low,High,71234.8,0
M,295.8,306.4,1335,51.7,69,0,0,0,0,0,0,10.599999999999966,Low,Medium,69019.5,0
L,295.9,306.4,1892,21.7,72,0,0,0,0,0,0,10.5,Low,Low,41056.4,0
L,295.9,306.4,1575,28.5,74,0,0,0,0,0,0,10.5,Low,Medium,44887.5,0
M,295.8,306.3,1444,45.5,76,0,0,0,0,0,0,10.5,Low,Medium,65702.0,0
L,295.7,306.3,1915,22.4,79,0,0,0,0,0,0,10.600000000000023,Low,Low,42896.0,0
M,295.6,306.2,1584,33.6,81,0,0,0,0,0,0,10.599999999999966,Low,Medium,53222.4,0
M,295.7,306.3,1685,34.9,84,0,0,0,0,0,0,10.600000000000023,Low,Medium,58806.5,0
L,295.8,306.3,1337,54.6,87,0,0,0,0,0,0,10.5,Medium,High,73000.2,0
M,295.8,306.3,1235,76.2,89,1,0,0,1,0,0,10.5,Medium,High,94107.0,0
L,295.7,306.2,1464,46.2,92,0,0,0,0,0,0,10.5,Medium,Medium,67636.8,0
M,295.7,306.2,1739,25.9,94,0,0,0,0,0,0,10.5,Medium,Low,45040.1,0
L,295.7,306.3,1490,34.3,97,0,0,0,0,0,0,10.600000000000023,Medium,Medium,51106.99999999999,0
L,295.8,306.4,1356,48.0,99,0,0,0,0,0,0,10.599999999999966,Medium,Medium,65088.0,0
L,295.7,306.2,1397,52.0,101,0,0,0,0,0,0,10.5,Medium,Medium,72644.0,0
L,295.7,306.2,1458,40.6,103,0,0,0,0,0,0,10.5,Medium,Medium,59194.8,0
H,295.7,306.2,2161,16.5,105,0,0,0,0,0,0,10.5,Medium,Low,35656.5,0
M,295.6,306.1,1651,28.1,110,0,0,0,0,0,0,10.5,Medium,Medium,46393.100000000006,0
L,295.6,306.1,1389,46.2,113,0,0,0,0,0,0,10.5,Medium,Medium,64171.8,0
L,295.6,306.0,1370,52.4,115,0,0,0,0,0,0,10.399999999999977,Medium,High,71788.0,0
L,295.7,306.1,1408,47.9,117,0,0,0,0,0,0,10.400000000000034,Medium,Medium,67443.2,0
L,295.7,306.1,1343,54.4,119,0,0,0,0,0,0,10.400000000000034,Medium,High,73059.2,0
M,295.7,306.2,1423,42.5,121,0,0,0,0,0,0,10.5,Medium,Medium,60477.5,0
L,295.6,306.2,1426,48.6,124,0,0,0,0,0,0,10.599999999999966,Medium,Medium,69303.6,0
M,295.6,306.2,1435,51.6,126,0,0,0,0,0,0,10.599999999999966,Medium,Medium,74046.0,0
L,295.5,306.1,1573,35.1,129,0,0,0,0,0,0,10.600000000000023,Medium,Medium,55212.3,0
L,295.6,306.2,1612,31.2,131,0,0,0,0,0,0,10.599999999999966,Medium,Medium,50294.4,0
L,295.6,306.2,1446,49.9,133,0,0,0,0,0,0,10.599999999999966,Medium,Medium,72155.4,0
H,295.6,306.2,1329,55.3,135,0,0,0,0,0,0,10.599999999999966,Medium,High,73493.7,0
L,295.6,306.2,1569,35.1,140,0,0,0,0,0,0,10.599999999999966,Medium,Medium,55071.9,0
H,295.6,306.1,1256,62.3,142,0,0,0,0,0,0,10.5,Medium,High,78248.8,0
L,295.6,306.1,1383,48.7,147,0,0,0,0,0,0,10.5,Medium,Medium,67352.1,0
L,295.7,306.2,2270,14.6,149,1,0,0,1,0,0,10.5,Medium,Low,33142.0,0
H,295.7,306.2,1458,49.8,151,0,0,0,0,0,0,10.5,Medium,Medium,72608.4,0
L,295.6,306.1,1474,41.2,156,0,0,0,0,0,0,10.5,Medium,Medium,60728.8,0
M,295.6,306.1,1462,49.2,158,0,0,0,0,0,0,10.5,Medium,Medium,71930.40000000001,0
M,295.6,306.1,1669,29.0,161,0,0,0,0,0,0,10.5,Medium,Medium,48401.0,0
M,295.5,306.1,1822,24.3,164,0,0,0,0,0,0,10.600000000000023,Medium,Low,44274.6,0
L,295.5,306.0,1456,39.2,167,0,0,0,0,0,0,10.5,Medium,Medium,57075.200000000004,0
L,295.5,306.0,1546,35.9,169,0,0,0,0,0,0,10.5,High,Medium,55501.399999999994,0
M,295.6,306.1,1490,42.7,171,0,0,0,0,0,0,10.5,High,Medium,63623.00000000001,0
L,295.6,306.0,1569,40.4,174,0,0,0,0,0,0,10.399999999999977,High,Medium,63387.6,0
L,295.5,306.0,1621,29.5,176,0,0,0,0,0,0,10.5,High,Medium,47819.5,0
M,295.4,305.9,1518,40.6,178,0,0,0,0,0,0,10.5,High,Medium,61630.8,0
M,295.4,305.8,1526,38.2,181,0,0,0,0,0,0,10.400000000000034,High,Medium,58293.200000000004,0
M,295.3,305.8,1589,36.2,184,0,0,0,0,0,0,10.5,High,Medium,57521.8,0
L,295.3,305.7,1475,51.0,187,0,0,0,0,0,0,10.399999999999977,High,Medium,75225.0,0
M,295.3,305.7,1473,38.5,189,0,0,0,0,0,0,10.399999999999977,High,Medium,56710.5,0
L,295.4,305.8,1407,50.7,192,0,0,0,0,0,0,10.400000000000034,High,Medium,71334.90000000001,0
M,295.5,305.9,1518,44.1,194,0,0,0,0,0,0,10.399999999999977,High,Medium,66943.8,0
H,295.5,305.9,1593,37.2,197,0,0,0,0,0,0,10.399999999999977,High,Medium,59259.600000000006,0
M,295.5,305.9,1380,52.4,202,0,0,0,0,0,0,10.399999999999977,High,High,72312.0,1
M,295.5,306.0,1423,45.3,205,0,0,0,0,0,0,10.5,High,Medium,64461.899999999994,1
L,295.5,306.0,1800,27.6,208,0,0,0,0,0,0,10.5,High,Low,49680.0,1
H,295.6,306.1,1623,30.9,210,0,0,0,0,0,0,10.5,High,Medium,50150.7,1
L,295.6,306.1,1372,55.6,215,1,0,0,0,1,0,10.5,High,High,76283.2,1
H,295.6,306.0,1396,52.4,0,0,0,0,0,0,0,10.399999999999977,Low,High,73150.4,0
L,295.6,306.0,1949,21.9,5,0,0,0,0,0,0,10.399999999999977,Low,Low,42683.1,0
L,295.6,306.0,1419,51.1,7,0,0,0,0,0,0,10.399999999999977,Low,Medium,72510.90000000001,0
M,295.5,305.9,1453,47.3,9,0,0,0,0,0,0,10.399999999999977,Low,Medium,68726.9,0
L,295.5,305.9,1542,36.2,12,0,0,0,0,0,0,10.399999999999977,Low,Medium,55820.4,0
L,295.6,306.0,1363,50.0,14,0,0,0,0,0,0,10.399999999999977,Low,Medium,68150.0,0
L,295.5,306.0,1597,37.2,16,0,0,0,0,0,0,10.5,Low,Medium,59408.4,0
M,295.5,306.0,1326,50.8,18,0,0,0,0,0,0,10.5,Low,Medium,67360.8,0
M,295.5,306.0,1641,36.6,21,0,0,0,0,0,0,10.5,Low,Medium,60060.600000000006,0
M,295.6,306.1,1418,46.2,24,0,0,0,0,0,0,10.5,Low,Medium,65511.600000000006,0
L,295.6,306.2,1263,61.8,27,0,0,0,0,0,0,10.599999999999966,Low,High,78053.4,0
L,295.6,306.2,1823,25.8,29,0,0,0,0,0,0,10.599999999999966,Low,Low,47033.4,0
L,295.5,306.1,1488,40.7,31,0,0,0,0,0,0,10.600000000000023,Low,Medium,60561.600000000006,0
L,295.6,306.2,1443,48.9,33,0,0,0,0,0,0,10.599999999999966,Low,Medium,70562.7,0
L,295.6,306.2,1650,28.2,35,0,0,0,0,0,0,10.599999999999966,Low,Medium,46530.0,0
M,295.7,306.3,1462,44.3,37,0,0,0,0,0,0,10.600000000000023,Low,Medium,64766.6,0
M,295.6,306.2,1477,45.0,40,0,0,0,0,0,0,10.599999999999966,Low,Medium,66465.0,0
M,295.7,306.3,1712,28.5,43,0,0,0,0,0,0,10.600000000000023,Low,Medium,48792.0,0
M,295.7,306.3,1347,50.4,46,0,0,0,0,0,0,10.600000000000023,Low,Medium,67888.8,0
L,295.6,306.2,1287,54.8,49,0,0,0,0,0,0,10.599999999999966,Low,High,70527.59999999999,0
L,295.6,306.2,1428,44.5,51,0,0,0,0,0,0,10.599999999999966,Low,Medium,63546.0,0
M,295.6,306.3,1426,45.5,53,0,0,0,0,0,0,10.699999999999989,Low,Medium,64883.0,0
L,295.6,306.3,1636,32.7,56,0,0,0,0,0,0,10.699999999999989,Low,Medium,53497.200000000004,0
L,295.6,306.2,1424,42.5,58,0,0,0,0,0,0,10.599999999999966,Low,Medium,60520.0,0
H,295.6,306.3,1509,35.8,60,0,0,0,0,0,0,10.699999999999989,Low,Medium,54022.2,0
L,295.5,306.2,1448,48.9,65,0,0,0,0,0,0,10.699999999999989,Low,Medium,70807.2,0
L,295.5,306.1,1650,32.8,67,0,0,0,0,0,0,10.600000000000023,Low,Medium,54119.99999999999,0
H,295.6,306.2,1414,42.5,69,0,0,0,0,0,0,10.599999999999966,Low,Medium,60095.0,0
L,295.6,306.3,1911,20.9,74,0,0,0,0,0,0,10.699999999999989,Low,Low,39939.899999999994,0
H,295.6,306.2,1632,32.2,76,0,0,0,0,0,0,10.599999999999966,Low,Medium,52550.4,0
M,295.7,306.4,1387,40.1,81,0,0,0,0,0,0,10.699999999999989,Low,Medium,55618.700000000004,0
L,295.8,306.4,1399,47.6,84,0,0,0,0,0,0,10.599999999999966,Low,Medium,66592.40000000001,0
L,295.8,306.5,1505,35.2,86,0,0,0,0,0,0,10.699999999999989,Medium,Medium,52976.00000000001,0
L,295.8,306.5,1534,37.9,88,0,0,0,0,0,0,10.699999999999989,Medium,Medium,58138.6,0
L,295.8,306.5,1493,40.5,90,0,0,0,0,0,0,10.699999999999989,Medium,Medium,60466.5,0
M,295.8,306.6,1480,43.2,92,0,0,0,0,0,0,10.800000000000011,Medium,Medium,63936.00000000001,0
L,295.8,306.6,1621,31.6,95,0,0,0,0,0,0,10.800000000000011,Medium,Medium,51223.600000000006,0
L,295.7,306.5,1737,26.2,97,0,0,0,0,0,0,10.800000000000011,Medium,Low,45509.4,0
L,295.8,306.6,1508,46.5,99,0,0,0,0,0,0,10.800000000000011,Medium,Medium,70122.0,0
M,295.8,306.5,1641,32.2,101,0,0,0,0,0,0,10.699999999999989,Medium,Medium,52840.200000000004,0
M,295.9,306.6,1532,38.6,104,0,0,0,0,0,0,10.700000000000045,Medium,Medium,59135.200000000004,0
L,295.9,306.7,1547,40.9,107,0,0,0,0,0,0,10.800000000000011,Medium,Medium,63272.299999999996,0
L,295.9,306.6,1412,41.0,109,0,0,0,0,0,0,10.700000000000045,Medium,Medium,57892.0,0
L,295.8,306.5,1568,35.1,111,0,0,0,0,0,0,10.699999999999989,Medium,Medium,55036.8,0
L,295.9,306.6,1557,41.1,113,0,0,0,0,0,0,10.700000000000045,Medium,Medium,63992.700000000004,0
L,295.8,306.6,1644,35.2,115,0,0,0,0,0,0,10.800000000000011,Medium,Medium,57868.8,0
L,295.9,306.6,1679,30.4,117,0,0,0,0,0,0,10.700000000000045,Medium,Medium,51041.6,0
L,296.0,306.6,1511,35.2,119,0,0,0,0,0,0,10.600000000000023,Medium,Medium,53187.200000000004,0
M,296.0,306.6,1628,36.8,121,0,0,0,0,0,0,10.600000000000023,Medium,Medium,59910.399999999994,0
M,296.0,306.6,1392,51.3,124,0,0,0,0,0,0,10.600000000000023,Medium,Medium,71409.59999999999,0
L,296.0,306.7,1917,21.0,127,0,0,0,0,0,0,10.699999999999989,Medium,Low,40257.0,0
M,296.2,306.8,1526,42.3,129,0,0,0,0,0,0,10.600000000000023,Medium,Medium,64549.799999999996,0
L,296.2,306.8,1389,53.3,132,0,0,0,0,0,0,10.600000000000023,Medium,High,74033.7,0
L,296.1,306.7,1409,42.8,134,0,0,0,0,0,0,10.599999999999966,Medium,Medium,60305.2,0
L,296.2,306.8,1655,31.1,136,0,0,0,0,0,0,10.600000000000023,Medium,Medium,51470.5,0
L,296.2,306.9,1516,39.1,138,0,0,0,0,0,0,10.699999999999989,Medium,Medium,59275.6,0
L,296.2,306.9,1526,34.9,140,0,0,0,0,0,0,10.699999999999989,Medium,Medium,53257.4,0
L,296.3,307.1,1419,48.6,142,0,0,0,0,0,0,10.800000000000011,Medium,Medium,68963.40000000001,0
L,296.4,307.2,1748,25.3,144,0,0,0,0,0,0,10.800000000000011,Medium,Low,44224.4,0
H,296.4,307.1,1638,32.5,146,0,0,0,0,0,0,10.700000000000045,Medium,Medium,53235.0,0
M,296.3,307.1,1534,33.8,151,0,0,0,0,0,0,10.800000000000011,Medium,Medium,51849.2,0
H,296.3,307.1,1774,25.9,154,0,0,0,0,0,0,10.800000000000011,Medium,Low,45946.6,0
M,296.2,307.0,2119,18.3,159,0,0,0,0,0,0,10.800000000000011,Medium,Low,38777.700000000004,0
L,296.2,307.0,1414,48.3,162,0,0,0,0,0,0,10.800000000000011,Medium,Medium,68296.2,0
M,296.1,307.0,1523,42.0,164,0,0,0,0,0,0,10.899999999999977,Medium,Medium,63966.0,0
L,296.1,307.1,1651,35.7,167,0,0,0,0,0,0,11.0,Medium,Medium,58940.700000000004,0
M,296.1,307.1,1485,36.0,169,0,0,0,0,0,0,11.0,High,Medium,53460.0,0
M,296.2,307.2,1168,63.4,172,0,0,0,0,0,0,11.0,High,High,74051.2,0
L,296.3,307.3,1566,35.8,175,0,0,0,0,0,0,11.0,High,Medium,56062.799999999996,0
M,296.3,307.2,1286,51.1,177,0,0,0,0,0,0,10.899999999999977,High,Medium,65714.6,0
M,296.3,307.2,1446,45.9,180,0,0,0,0,0,0,10.899999999999977,High,Medium,66371.4,0
M,296.4,307.2,2071,19.4,183,0,0,0,0,0,0,10.800000000000011,High,Low,40177.399999999994,0
L,296.3,307.1,1560,33.2,186,0,0,0,0,0,0,10.800000000000011,High,Medium,51792.00000000001,0
L,296.3,307.1,1654,29.6,188,0,0,0,0,0,0,10.800000000000011,High,Medium,48958.4,0
L,296.3,307.1,1662,32.9,190,0,0,0,0,0,0,10.800000000000011,High,Medium,54679.799999999996,0
L,296.3,307.2,1646,35.0,192,0,0,0,0,0,0,10.899999999999977,High,Medium,57610.0,0
L,296.2,307.1,1444,46.7,194,0,0,0,0,0,0,10.900000000000034,High,Medium,67434.8,0
H,296.3,307.2,1424,42.0,196,0,0,0,0,0,0,10.899999999999977,High,Medium,59808.0,0
L,296.2,307.2,1382,52.0,201,0,0,0,0,0,0,11.0,High,Medium,71864.0,1
L,296.2,307.1,1413,53.4,203,0,0,0,0,0,0,10.900000000000034,High,High,75454.2,1
M,296.2,307.2,1633,31.1,0,0,0,0,0,0,0,11.0,Low,Medium,50786.3,0
L,296.2,307.1,1441,41.7,3,0,0,0,0,0,0,10.900000000000034,Low,Medium,60089.700000000004,0
M,296.2,307.2,1385,44.0,5,0,0,0,0,0,0,11.0,Low,Medium,60940.0,0
M,296.2,307.2,1552,34.8,8,0,0,0,0,0,0,11.0,Low,Medium,54009.6,0
M,296.2,307.3,1451,42.8,11,0,0,0,0,0,0,11.100000000000023,Low,Medium,62102.799999999996,0
M,296.1,307.1,1433,38.5,14,0,0,0,0,0,0,11.0,Low,Medium,55170.5,0
M,296.1,307.2,1619,29.7,17,0,0,0,0,0,0,11.099999999999966,Low,Medium,48084.299999999996,0
L,296.2,307.2,1445,41.8,20,0,0,0,0,0,0,11.0,Low,Medium,60400.99999999999,0
L,296.2,307.2,1356,43.6,22,0,0,0,0,0,0,11.0,Low,Medium,59121.6,0
M,296.3,307.2,1319,68.3,24,1,0,0,1,0,0,10.899999999999977,Low,High,90087.7,0
L,296.3,307.2,1637,31.6,27,0,0,0,0,0,0,10.899999999999977,Low,Medium,51729.200000000004,0
L,296.3,307.2,1291,58.6,29,0,0,0,0,0,0,10.899999999999977,Low,High,75652.6,0
L,296.3,307.3,1398,52.7,31,0,0,0,0,0,0,11.0,Low,High,73674.6,0
L,296.3,307.3,1372,57.7,33,0,0,0,0,0,0,11.0,Low,High,79164.40000000001,0
M,296.3,307.2,1454,42.5,35,0,0,0,0,0,0,10.899999999999977,Low,Medium,61795.0,0
L,296.2,307.2,1515,36.5,38,0,0,0,0,0,0,11.0,Low,Medium,55297.5,0
L,296.2,307.3,1881,24.3,40,0,0,0,0,0,0,11.100000000000023,Low,Low,45708.3,0
L,296.2,307.3,1711,29.9,42,0,0,0,0,0,0,11.100000000000023,Low,Medium,51158.899999999994,0
L,296.2,307.3,1475,37.0,44,0,0,0,0,0,0,11.100000000000023,Low,Medium,54575.0,0
L,296.4,307.4,1512,36.8,46,0,0,0,0,0,0,11.0,Low,Medium,55641.6,0
M,296.3,307.4,1335,50.5,48,0,0,0,0,0,0,11.099999999999966,Low,Medium,67417.5,0
L,296.3,307.4,1472,39.9,51,0,0,0,0,0,0,11.099999999999966,Low,Medium,58732.799999999996,0
M,296.2,307.3,1477,35.2,53,0,0,0,0,0,0,11.100000000000023,Low,Medium,51990.4,0
L,296.3,307.4,1760,28.4,56,0,0,0,0,0,0,11.099999999999966,Low,Medium,49984.0,0
L,296.4,307.5,1549,36.1,58,0,0,0,0,0,0,11.100000000000023,Low,Medium,55918.9,0
L,296.3,307.4,1648,34.0,60,0,0,0,0,0,0,11.099999999999966,Low,Medium,56032.0,0
H,296.4,307.5,1556,38.0,62,0,0,0,0,0,0,11.100000000000023,Low,Medium,59128.0,0
M,296.3,307.4,1958,19.1,67,0,0,0,0,0,0,11.099999999999966,Low,Low,37397.8,0
L,296.4,307.4,1403,48.4,70,0,0,0,0,0,0,11.0,Low,Medium,67905.2,0
M,296.4,307.5,1684,31.4,72,0,0,0,0,0,0,11.100000000000023,Low,Medium,52877.6,0
H,296.4,307.5,1596,35.1,75,0,0,0,0,0,0,11.100000000000023,Low,Medium,56019.600000000006,0
L,296.6,307.6,1498,41.1,80,0,0,0,0,0,0,11.0,Low,Medium,61567.8,0
L,296.7,307.7,1524,36.8,82,0,0,0,0,0,0,11.0,Low,Medium,56083.2,0
L,296.7,307.7,1502,43.9,84,0,0,0,0,0,0,11.0,Low,Medium,65937.8,0
L,296.6,307.6,1809,25.1,86,0,0,0,0,0,0,11.0,Medium,Low,45405.9,0
L,296.6,307.6,1542,37.4,88,0,0,0,0,0,0,11.0,Medium,Medium,57670.799999999996,0
L,296.5,307.6,1431,45.2,90,0,0,0,0,0,0,11.100000000000023,Medium,Medium,64681.200000000004,0
L,296.5,307.6,1512,43.6,92,0,0,0,0,0,0,11.100000000000023,Medium,Medium,65923.2,0
H,296.4,307.5,1403,52.8,94,0,0,0,0,0,0,11.100000000000023,Medium,High,74078.4,0
L,296.4,307.5,1331,47.8,99,0,0,0,0,0,0,11.100000000000023,Medium,Medium,63621.799999999996,0
M,296.6,307.7,1474,52.6,101,0,0,0,0,0,0,11.099999999999966,Medium,High,77532.40000000001,0
L,296.5,307.6,1607,33.5,104,0,0,0,0,0,0,11.100000000000023,Medium,Medium,53834.5,0
L,296.5,307.6,1415,44.2,106,0,0,0,0,0,0,11.100000000000023,Medium,Medium,62543.00000000001,0
L,296.6,307.6,1671,28.8,108,0,0,0,0,0,0,11.0,Medium,Medium,48124.8,0
L,296.6,307.7,1556,37.7,110,0,0,0,0,0,0,11.099999999999966,Medium,Medium,58661.200000000004,0
L,296.7,307.7,1927,23.9,112,0,0,0,0,0,0,11.0,Medium,Low,46055.299999999996,0
M,296.7,307.7,1597,32.1,114,0,0,0,0,0,0,11.0,Medium,Medium,51263.700000000004,0
H,296.8,307.8,1627,30.5,117,0,0,0,0,0,0,11.0,Medium,Medium,49623.5,0
L,296.8,307.8,1480,39.4,122,0,0,0,0,0,0,11.0,Medium,Medium,58312.0,0
L,296.8,307.8,1565,39.5,124,0,0,0,0,0,0,11.0,Medium,Medium,61817.5,0
L,296.8,307.8,1573,36.4,126,0,0,0,0,0,0,11.0,Medium,Medium,57257.2,0
L,296.7,307.8,1605,31.3,128,0,0,0,0,0,0,11.100000000000023,Medium,Medium,50236.5,0
M,296.7,307.9,1874,21.3,130,0,0,0,0,0,0,11.199999999999989,Medium,Low,39916.200000000004,0
H,296.7,307.9,1424,53.8,133,0,0,0,0,0,0,11.199999999999989,Medium,High,76611.2,0
L,296.7,307.9,1420,50.1,138,0,0,0,0,0,0,11.199999999999989,Medium,Medium,71142.0,0
L,296.8,307.9,1372,49.0,140,0,0,0,0,0,0,11.099999999999966,Medium,Medium,67228.0,0
M,296.8,307.8,1664,32.8,142,0,0,0,0,0,0,11.0,Medium,Medium,54579.2,0
M,296.8,307.9,1409,44.3,145,0,0,0,0,0,0,11.099999999999966,Medium,Medium,62418.7,0
L,296.8,307.9,1718,25.2,148,0,0,0,0,0,0,11.099999999999966,Medium,Low,43293.6,0
M,296.9,307.8,1544,40.3,150,0,0,0,0,0,0,10.900000000000034,Medium,Medium,62223.2,0
L,296.9,307.8,1466,45.7,153,0,0,0,0,0,0,10.900000000000034,Medium,Medium,66996.2,0
L,296.8,307.8,1394,47.7,155,0,0,0,0,0,0,11.0,Medium,Medium,66493.8,0
M,296.9,307.8,1840,24.6,157,0,0,0,0,0,0,10.900000000000034,Medium,Low,45264.0,0
M,296.9,307.8,1477,37.2,160,0,0,0,0,0,0,10.900000000000034,Medium,Medium,54944.4,0
L,296.9,307.8,1425,49.1,163,0,0,0,0,0,0,10.900000000000034,Medium,Medium,69967.5,0
M,297.0,307.9,1414,46.2,165,0,0,0,0,0,0,10.899999999999977,Medium,Medium,65326.8,0
L,297.0,307.8,1414,47.5,168,0,0,0,0,0,0,10.800000000000011,Medium,Medium,67165.0,0
L,297.0,307.9,1595,31.7,170,0,0,0,0,0,0,10.899999999999977,High,Medium,50561.5,0
H,296.9,307.8,1345,54.5,172,0,0,0,0,0,0,10.900000000000034,High,High,73302.5,0
L,296.9,307.7,1653,35.9,177,0,0,0,0,0,0,10.800000000000011,High,Medium,59342.7,0
L,296.8,307.6,1547,36.5,179,0,0,0,0,0,0,10.800000000000011,High,Medium,56465.5,0
H,296.9,307.7,1656,30.8,181,0,0,0,0,0,0,10.800000000000011,High,Medium,51004.8,0
L,297.0,307.7,1731,28.5,186,0,0,0,0,0,0,10.699999999999989,High,Medium,49333.5,0
L,297.0,307.8,1774,28.0,188,0,0,0,0,0,0,10.800000000000011,High,Low,49672.0,0
L,297.0,307.8,1521,40.2,190,0,0,0,0,0,0,10.800000000000011,High,Medium,61144.200000000004,0
H,297.1,307.9,1420,39.8,192,0,0,0,0,0,0,10.799999999999955,High,Medium,56515.99999999999,0
L,297.0,307.8,1683,32.3,197,0,0,0,0,0,0,10.800000000000011,High,Medium,54360.899999999994,0
M,297.0,307.7,1498,47.1,199,0,0,0,0,0,0,10.699999999999989,High,Medium,70555.8,0
L,297.0,307.8,1385,56.4,202,1,0,0,0,1,0,10.800000000000011,High,High,78114.0,1
L,297.0,307.9,1455,49.0,204,0,0,0,0,0,0,10.899999999999977,High,Medium,71295.0,1
H,296.9,307.8,1549,35.8,206,1,1,0,0,0,0,10.900000000000034,High,Medium,55454.2,1
M,296.9,307.8,1392,43.9,0,0,0,0,0,0,0,10.900000000000034,Low,Medium,61108.799999999996,0
M,296.9,307.7,2008,17.5,3,0,0,0,0,0,0,10.800000000000011,Low,Low,35140.0,0
L,296.9,307.7,1464,41.4,6,0,0,0,0,0,0,10.800000000000011,Low,Medium,60609.6,0
L,297.0,307.7,1447,46.4,8,0,0,0,0,0,0,10.699999999999989,Low,Medium,67140.8,0
M,296.9,307.6,1685,32.0,10,0,0,0,0,0,0,10.700000000000045,Low,Medium,53920.0,0
M,296.8,307.5,1443,39.2,13,0,0,0,0,0,0,10.699999999999989,Low,Medium,56565.600000000006,0
L,296.9,307.5,1354,44.4,16,0,0,0,0,0,0,10.600000000000023,Low,Medium,60117.6,0
L,296.9,307.5,2721,9.3,18,1,0,0,1,0,0,10.600000000000023,Low,Low,25305.300000000003,0
L,297.0,307.6,1680,35.8,20,0,0,0,0,0,0,10.600000000000023,Low,Medium,60143.99999999999,0
H,296.9,307.5,1397,48.3,22,0,0,0,0,0,0,10.600000000000023,Low,Medium,67475.09999999999,0
M,296.9,307.4,1521,37.9,27,0,0,0,0,0,0,10.5,Low,Medium,57645.9,0
M,296.8,307.4,1472,43.9,30,0,0,0,0,0,0,10.599999999999966,Low,Medium,64620.799999999996,0
H,296.8,307.5,1695,30.0,33,0,0,0,0,0,0,10.699999999999989,Low,Medium,50850.0,0
H,296.7,307.5,1607,33.6,38,0,0,0,0,0,0,10.800000000000011,Low,Medium,53995.200000000004,0
L,296.8,307.5,1347,54.8,43,0,0,0,0,0,0,10.699999999999989,Low,High,73815.59999999999,0
M,296.7,307.4,1540,38.7,45,0,0,0,0,0,0,10.699999999999989,Low,Medium,59598.00000000001,0
L,296.6,307.4,1389,42.7,48,0,0,0,0,0,0,10.799999999999955,Low,Medium,59310.3,0
M,296.6,307.5,1734,27.0,50,0,0,0,0,0,0,10.899999999999977,Low,Low,46818.0,0
L,296.7,307.6,1540,38.6,53,0,0,0,0,0,0,10.900000000000034,Low,Medium,59444.0,0
M,296.7,307.5,1515,42.1,55,0,0,0,0,0,0,10.800000000000011,Low,Medium,63781.5,0
L,296.6,307.4,1504,45.8,58,0,0,0,0,0,0,10.799999999999955,Low,Medium,68883.2,0
L,296.6,307.5,1557,35.1,60,0,0,0,0,0,0,10.899999999999977,Low,Medium,54650.700000000004,0
L,296.5,307.4,1292,52.5,62,0,0,0,0,0,0,10.899999999999977,Low,High,67830.0,0
H,296.5,307.4,1432,49.2,64,0,0,0,0,0,0,10.899999999999977,Low,Medium,70454.40000000001,0
M,296.5,307.4,1350,55.6,69,0,0,0,0,0,0,10.899999999999977,Low,High,75060.0,0
M,296.6,307.4,1790,25.8,72,0,0,0,0,0,0,10.799999999999955,Low,Low,46182.0,0
H,296.4,307.3,1540,37.4,75,0,0,0,0,0,0,10.900000000000034,Low,Medium,57596.0,0
M,296.4,307.3,2077,19.1,80,0,0,0,0,0,0,10.900000000000034,Low,Low,39670.700000000004,0
L,296.4,307.3,1487,37.5,83,0,0,0,0,0,0,10.900000000000034,Low,Medium,55762.5,0
L,296.5,307.4,1523,40.7,85,0,0,0,0,0,0,10.899999999999977,Medium,Medium,61986.100000000006,0
L,296.5,307.5,1443,41.8,87,0,0,0,0,0,0,11.0,Medium,Medium,60317.399999999994,0
L,296.5,307.5,1340,59.1,89,0,0,0,0,0,0,11.0,Medium,High,79194.0,0
H,296.6,307.7,1654,31.0,91,0,0,0,0,0,0,11.099999999999966,Medium,Medium,51274.0,0
L,296.6,307.6,1459,40.2,96,0,0,0,0,0,0,11.0,Medium,Medium,58651.8,0
L,296.5,307.6,1541,38.5,98,0,0,0,0,0,0,11.100000000000023,Medium,Medium,59328.5,0
H,296.6,307.7,1386,62.3,100,1,0,0,1,0,0,11.099999999999966,Medium,High,86347.8,0
M,296.7,307.8,1258,69.0,105,1,0,0,1,0,0,11.100000000000023,Medium,High,86802.0,0
M,296.7,307.8,1375,51.4,108,0,0,0,0,0,0,11.100000000000023,Medium,Medium,70675.0,0
L,296.8,307.9,1706,30.8,111,0,0,0,0,0,0,11.099999999999966,Medium,Medium,52544.8,0
M,296.7,307.8,1672,32.4,113,0,0,0,0,0,0,11.100000000000023,Medium,Medium,54172.799999999996,0
M,296.8,307.9,1843,25.2,116,0,0,0,0,0,0,11.099999999999966,Medium,Low,46443.6,0
L,296.7,307.9,1690,29.6,119,0,0,0,0,0,0,11.199999999999989,Medium,Medium,50024.0,0
L,296.8,307.9,1413,46.5,121,0,0,0,0,0,0,11.099999999999966,Medium,Medium,65704.5,0
L,296.8,307.9,1489,33.4,123,0,0,0,0,0,0,11.099999999999966,Medium,Medium,49732.6,0
L,296.8,307.9,1271,61.4,125,0,0,0,0,0,0,11.099999999999966,Medium,High,78039.4,0
M,296.8,307.9,1418,47.9,127,0,0,0,0,0,0,11.099999999999966,Medium,Medium,67922.2,0
M,296.9,307.8,1426,50.7,130,0,0,0,0,0,0,10.900000000000034,Medium,Medium,72298.2,0
L,296.9,307.9,1535,39.2,133,0,0,0,0,0,0,11.0,Medium,Medium,60172.00000000001,0
L,296.9,307.8,1557,38.1,135,0,0,0,0,0,0,10.900000000000034,Medium,Medium,59321.700000000004,0
L,296.9,307.8,1653,29.7,137,0,0,0,0,0,0,10.900000000000034,Medium,Medium,49094.1,0
L,296.9,307.9,1435,41.6,139,0,0,0,0,0,0,11.0,Medium,Medium,59696.0,0
M,297.0,307.9,1569,33.3,141,0,0,0,0,0,0,10.899999999999977,Medium,Medium,52247.7,0
M,296.9,307.9,1385,44.8,144,0,0,0,0,0,0,11.0,Medium,Medium,62047.99999999999,0
L,297.0,307.9,1635,31.6,147,0,0,0,0,0,0,10.899999999999977,Medium,Medium,51666.0,0
L,296.9,307.9,1423,43.9,149,0,0,0,0,0,0,11.0,Medium,Medium,62469.7,0
L,297.0,307.9,1479,39.2,151,0,0,0,0,0,0,10.899999999999977,Medium,Medium,57976.8,0
L,297.0,307.9,1296,69.1,153,1,0,0,1,0,0,10.899999999999977,Medium,High,89553.59999999999,0
L,297.0,307.8,1553,33.3,155,0,0,0,0,0,0,10.800000000000011,Medium,Medium,51714.899999999994,0
L,297.0,307.9,1529,42.2,157,0,0,0,0,0,0,10.899999999999977,Medium,Medium,64523.8,0
M,297.1,308.0,1690,25.6,159,0,0,0,0,0,0,10.899999999999977,Medium,Low,43264.0,0
L,297.1,308.0,1348,58.0,162,0,0,0,0,0,0,10.899999999999977,Medium,High,78184.0,0
L,297.2,308.1,1446,38.5,164,0,0,0,0,0,0,10.900000000000034,Medium,Medium,55671.0,0
L,297.1,307.9,1456,50.0,166,0,0,0,0,0,0,10.799999999999955,Medium,Medium,72800.0,0
L,297.0,307.9,1350,47.7,168,0,0,0,0,0,0,10.899999999999977,Medium,Medium,64395.00000000001,0
L,297.1,307.9,1507,38.3,170,0,0,0,0,0,0,10.799999999999955,High,Medium,57718.1,0
H,297.0,307.9,1448,45.6,172,0,0,0,0,0,0,10.899999999999977,High,Medium,66028.8,0
L,296.9,307.9,1626,29.9,177,0,0,0,0,0,0,11.0,High,Medium,48617.399999999994,0
H,297.0,307.9,1846,27.3,179,0,0,0,0,0,0,10.899999999999977,High,Low,50395.8,0
H,297.0,307.8,1404,40.7,184,0,0,0,0,0,0,10.800000000000011,High,Medium,57142.8,0
L,297.0,307.8,1583,37.2,189,0,0,0,0,0,0,10.800000000000011,High,Medium,58887.600000000006,0
L,297.0,307.9,1436,47.7,191,0,0,0,0,0,0,10.899999999999977,High,Medium,68497.2,0
L,297.0,307.8,1609,35.6,193,0,0,0,0,0,0,10.800000000000011,High,Medium,57280.4,0
H,297.0,307.7,1834,23.8,195,0,0,0,0,0,0,10.699999999999989,High,Low,43649.200000000004,0
L,297.0,307.8,1316,61.2,200,1,0,0,0,1,0,10.800000000000011,High,High,80539.2,1
L,296.9,307.8,1400,57.1,202,1,0,0,0,1,0,10.900000000000034,High,High,79940.0,1
L,296.9,307.9,1367,47.1,204,0,0,0,0,0,0,11.0,High,Medium,64385.700000000004,1
L,297.1,308.1,1754,30.3,206,0,0,0,0,0,0,11.0,High,Medium,53146.200000000004,1
L,297.1,308.1,1487,34.6,208,0,0,0,0,0,0,11.0,High,Medium,51450.200000000004,1
M,297.1,308.1,1506,37.7,210,0,0,0,0,0,0,11.0,High,Medium,56776.200000000004,1
L,297.0,308.1,1362,52.5,213,1,0,0,0,1,0,11.100000000000023,High,High,71505.0,1
L,297.1,308.1,1584,36.8,215,0,0,0,0,0,0,11.0,High,Medium,58291.2,1
L,297.0,308.1,1355,43.7,217,0,0,0,0,0,0,11.100000000000023,High,Medium,59213.50000000001,1
M,297.1,308.1,1823,24.3,219,0,0,0,0,0,0,11.0,High,Low,44298.9,1
H,297.0,308.1,1517,41.4,222,0,0,0,0,0,0,11.100000000000023,High,Medium,62803.799999999996,1
L,297.1,308.1,1446,36.6,227,0,0,0,0,0,0,11.0,High,Medium,52923.6,1
H,297.1,308.0,1559,38.8,229,0,0,0,0,0,0,10.899999999999977,High,Medium,60489.2,1
M,297.1,308.1,1352,44.4,0,0,0,0,0,0,0,11.0,Low,Medium,60028.799999999996,0
M,297.2,308.3,1578,37.8,3,0,0,0,0,0,0,11.100000000000023,Low,Medium,59648.399999999994,0
M,297.2,308.3,1429,42.0,6,0,0,0,0,0,0,11.100000000000023,Low,Medium,60018.0,0
M,297.2,308.3,1604,39.4,9,0,0,0,0,0,0,11.100000000000023,Low,Medium,63197.6,0
L,297.3,308.5,1398,60.4,12,0,0,0,0,0,0,11.199999999999989,Low,High,84439.2,0
L,297.3,308.4,1441,43.4,14,0,0,0,0,0,0,11.099999999999966,Low,Medium,62539.4,0
H,297.3,308.4,1531,35.6,16,0,0,0,0,0,0,11.099999999999966,Low,Medium,54503.6,0
L,297.2,308.3,1379,52.1,21,0,0,0,0,0,0,11.100000000000023,Low,Medium,71845.90000000001,0
L,297.3,308.3,1410,48.1,23,0,0,0,0,0,0,11.0,Low,Medium,67821.0,0
L,297.3,308.4,1513,40.5,25,0,0,0,0,0,0,11.099999999999966,Low,Medium,61276.5,0
L,297.3,308.5,1497,47.5,27,0,0,0,0,0,0,11.199999999999989,Low,Medium,71107.5,0
L,297.3,308.4,1491,46.5,29,0,0,0,0,0,0,11.099999999999966,Low,Medium,69331.5,0
L,297.3,308.4,1417,47.8,31,0,0,0,0,0,0,11.099999999999966,Low,Medium,67732.59999999999,0
M,297.4,308.6,1522,38.0,33,0,0,0,0,0,0,11.200000000000045,Low,Medium,57836.0,0
L,297.3,308.4,1339,52.1,36,0,0,0,0,0,0,11.099999999999966,Low,Medium,69761.90000000001,0
M,297.2,308.3,1794,27.5,38,0,0,0,0,0,0,11.100000000000023,Low,Low,49335.0,0
L,297.2,308.4,1460,42.1,41,0,0,0,0,0,0,11.199999999999989,Low,Medium,61466.0,0
M,297.2,308.3,1776,28.0,43,0,0,0,0,0,0,11.100000000000023,Low,Low,49728.0,0
M,297.2,308.3,1431,43.7,46,0,0,0,0,0,0,11.100000000000023,Low,Medium,62534.700000000004,0
L,297.1,308.2,1347,50.8,49,0,0,0,0,0,0,11.099999999999966,Low,Medium,68427.59999999999,0
M,297.0,308.1,1507,43.1,51,0,0,0,0,0,0,11.100000000000023,Low,Medium,64951.700000000004,0
M,297.0,308.0,1408,47.9,54,0,0,0,0,0,0,11.0,Low,Medium,67443.2,0
M,297.0,307.9,1493,34.7,57,0,0,0,0,0,0,10.899999999999977,Low,Medium,51807.100000000006,0
M,296.9,307.9,1441,47.6,60,0,0,0,0,0,0,11.0,Low,Medium,68591.6,0
H,296.9,307.9,1557,36.5,63,0,0,0,0,0,0,11.0,Low,Medium,56830.5,0
M,296.9,307.9,1979,20.4,68,0,0,0,0,0,0,11.0,Low,Low,40371.6,0
M,296.9,308.0,1430,55.9,71,0,0,0,0,0,0,11.100000000000023,Low,High,79937.0,0
L,296.9,308.0,1658,41.0,74,0,0,0,0,0,0,11.100000000000023,Low,Medium,67978.0,0
M,297.0,308.1,1355,51.4,76,0,0,0,0,0,0,11.100000000000023,Low,Medium,69647.0,0
H,297.0,308.1,1410,47.6,79,0,0,0,0,0,0,11.100000000000023,Low,Medium,67116.0,0
L,296.9,308.0,1521,34.5,84,0,0,0,0,0,0,11.100000000000023,Low,Medium,52474.5,0
L,296.8,308.0,1371,54.5,86,0,0,0,0,0,0,11.199999999999989,Medium,High,74719.5,0
H,296.9,308.0,1318,53.5,88,0,0,0,0,0,0,11.100000000000023,Medium,High,70513.0,0
M,297.0,308.1,1573,34.9,93,0,0,0,0,0,0,11.100000000000023,Medium,Medium,54897.7,0
L,297.0,308.1,1489,44.1,96,0,0,0,0,0,0,11.100000000000023,Medium,Medium,65664.90000000001,0
H,297.0,308.1,2540,13.3,98,0,0,0,0,0,0,11.100000000000023,Medium,Low,33782.0,0
L,297.0,308.1,1537,39.0,103,0,0,0,0,0,0,11.100000000000023,Medium,Medium,59943.0,0
H,296.9,308.0,1416,46.9,105,0,0,0,0,0,0,11.100000000000023,Medium,Medium,66410.4,0
L,296.9,307.9,1359,56.5,110,0,0,0,0,0,0,11.0,Medium,High,76783.5,0
M,296.8,307.8,1551,38.9,112,0,0,0,0,0,0,11.0,Medium,Medium,60333.899999999994,0
M,296.8,307.8,1694,33.0,115,0,0,0,0,0,0,11.0,Medium,Medium,55902.0,0
L,296.8,307.9,1709,28.4,118,0,0,0,0,0,0,11.099999999999966,Medium,Medium,48535.6,0
L,296.9,308.0,1514,41.0,120,0,0,0,0,0,0,11.100000000000023,Medium,Medium,62074.0,0
L,297.0,308.1,1455,43.5,122,0,0,0,0,0,0,11.100000000000023,Medium,Medium,63292.5,0
M,297.0,308.2,1702,30.7,124,0,0,0,0,0,0,11.199999999999989,Medium,Medium,52251.4,0
M,296.9,308.1,1357,41.8,127,0,0,0,0,0,0,11.200000000000045,Medium,Medium,56722.6,0
L,297.0,308.2,1577,29.4,130,0,0,0,0,0,0,11.199999999999989,Medium,Medium,46363.799999999996,0
M,297.0,308.3,1399,46.4,132,0,0,0,0,0,1,11.300000000000011,Medium,Medium,64913.6,0
L,297.0,308.3,1399,59.0,135,0,0,0,0,0,0,11.300000000000011,Medium,High,82541.0,0
L,297.0,308.3,1492,48.1,137,0,0,0,0,0,0,11.300000000000011,Medium,Medium,71765.2,0
L,297.1,308.3,1763,25.7,139,0,0,0,0,0,0,11.199999999999989,Medium,Low,45309.1,0
H,297.1,308.3,1492,41.5,141,0,0,0,0,0,0,11.199999999999989,Medium,Medium,61918.0,0
L,297.1,308.4,1488,42.5,146,0,0,0,0,0,0,11.299999999999955,Medium,Medium,63240.0,0
L,297.1,308.4,1422,42.1,148,0,0,0,0,0,0,11.299999999999955,Medium,Medium,59866.200000000004,0
M,297.1,308.4,1583,38.2,150,0,0,0,0,0,0,11.299999999999955,Medium,Medium,60470.600000000006,0
L,297.1,308.4,1304,53.5,153,0,0,0,0,0,0,11.299999999999955,Medium,High,69764.0,0
M,297.1,308.4,1880,23.5,155,0,0,0,0,0,0,11.299999999999955,Medium,Low,44180.0,0
M,297.2,308.5,1604,40.7,158,0,0,0,0,0,0,11.300000000000011,Medium,Medium,65282.8,0
L,297.2,308.6,1500,37.1,161,0,0,0,0,0,0,11.400000000000034,Medium,Medium,55650.0,0
M,297.2,308.5,1364,55.6,163,0,0,0,0,0,0,11.300000000000011,Medium,High,75838.40000000001,0
H,297.2,308.5,2440,14.0,166,0,0,0,0,0,0,11.300000000000011,Medium,Low,34160.0,0
H,297.1,308.4,1654,31.4,171,0,0,0,0,0,0,11.299999999999955,High,Medium,51935.6,0
H,297.1,308.4,1359,46.6,176,0,0,0,0,0,0,11.299999999999955,High,Medium,63329.4,0
M,297.1,308.4,1502,37.3,181,0,0,0,0,0,0,11.299999999999955,High,Medium,56024.6,0
M,297.1,308.4,1615,32.6,184,0,0,0,0,0,0,11.299999999999955,High,Medium,52649.0,0
H,297.2,308.5,1482,39.3,187,0,0,0,0,0,0,11.300000000000011,High,Medium,58242.6,0
L,297.2,308.6,1636,31.3,192,0,0,0,0,0,0,11.400000000000034,High,Medium,51206.8,0
M,297.1,308.5,1621,32.4,194,0,0,0,0,0,0,11.399999999999977,High,Medium,52520.399999999994,0
L,297.1,308.4,1468,44.4,197,0,0,0,0,0,0,11.299999999999955,High,Medium,65179.2,0
M,297.1,308.4,1432,53.4,199,0,0,0,0,0,0,11.299999999999955,High,High,76468.8,0
L,297.1,308.4,1726,28.4,202,0,0,0,0,0,0,11.299999999999955,High,Medium,49018.399999999994,1
M,297.1,308.4,1588,33.4,204,0,0,0,0,0,0,11.299999999999955,High,Medium,53039.2,1
H,297.2,308.5,1653,33.3,207,0,0,0,0,0,0,11.300000000000011,High,Medium,55044.899999999994,1
L,297.2,308.5,1513,42.9,212,0,0,0,0,0,0,11.300000000000011,High,Medium,64907.7,1
L,297.2,308.6,1489,40.2,214,0,0,0,0,0,0,11.400000000000034,High,Medium,59857.8,1
L,297.3,308.7,1467,36.8,216,0,0,0,0,0,0,11.399999999999977,High,Medium,53985.6,1
L,297.3,308.7,1549,36.1,218,0,0,0,0,0,0,11.399999999999977,High,Medium,55918.9,1
M,297.4,308.8,1359,48.7,220,0,0,0,0,0,0,11.400000000000034,High,Medium,66183.3,1
L,297.5,308.8,1533,41.5,223,0,0,0,0,0,0,11.300000000000011,High,Medium,63619.5,1
L,297.5,308.8,1309,57.3,0,0,0,0,0,0,0,11.300000000000011,Low,High,75005.7,0
H,297.5,308.8,1430,49.4,2,0,0,0,0,0,0,11.300000000000011,Low,Medium,70642.0,0
H,297.5,308.9,1419,50.7,7,0,0,0,0,0,0,11.399999999999977,Low,Medium,71943.3,0
M,297.5,308.9,1535,37.7,12,0,0,0,0,0,0,11.399999999999977,Low,Medium,57869.50000000001,0
L,297.5,308.9,1466,43.0,15,0,0,0,0,0,0,11.399999999999977,Low,Medium,63038.0,0
L,297.5,308.9,1427,50.4,17,0,0,0,0,0,0,11.399999999999977,Low,Medium,71920.8,0
M,297.5,308.9,1280,48.5,19,0,0,0,0,0,0,11.399999999999977,Low,Medium,62080.0,0
L,297.6,309.0,1528,33.8,22,0,0,0,0,0,0,11.399999999999977,Low,Medium,51646.399999999994,0
H,297.6,309.0,1885,25.2,24,0,0,0,0,0,0,11.399999999999977,Low,Low,47502.0,0
H,297.8,309.2,1648,33.0,29,0,0,0,0,0,0,11.399999999999977,Low,Medium,54384.0,0
L,297.8,309.2,1400,56.9,34,0,0,0,0,0,0,11.399999999999977,Low,High,79660.0,0
M,297.8,309.3,2243,15.7,36,0,0,0,0,0,0,11.5,Low,Low,35215.1,0
L,297.9,309.4,1558,35.7,39,0,0,0,0,0,0,11.5,Low,Medium,55620.600000000006,0
L,298.0,309.6,1633,34.8,41,0,0,0,0,0,0,11.600000000000023,Low,Medium,56828.399999999994,0
M,298.1,309.6,1549,38.7,43,0,0,0,0,0,0,11.5,Low,Medium,59946.3,0
L,298.0,309.5,1496,45.8,46,0,0,0,0,0,0,11.5,Low,Medium,68516.8,0
L,298.1,309.5,1467,41.8,48,0,0,0,0,0,0,11.399999999999977,Low,Medium,61320.6,0
M,298.0,309.4,1276,65.9,50,0,0,0,0,0,0,11.399999999999977,Low,High,84088.40000000001,0
H,298.0,309.4,1490,40.5,53,0,0,0,0,0,0,11.399999999999977,Low,Medium,60345.0,0
H,298.0,309.4,1562,38.1,58,0,0,0,0,0,0,11.399999999999977,Low,Medium,59512.200000000004,0
L,298.1,309.4,1397,48.2,63,0,0,0,0,0,0,11.299999999999955,Low,Medium,67335.40000000001,0
H,298.1,309.5,1530,40.2,65,0,0,0,0,0,0,11.399999999999977,Low,Medium,61506.00000000001,0
M,298.1,309.4,1362,47.6,70,0,0,0,0,0,0,11.299999999999955,Low,Medium,64831.200000000004,0
M,298.2,309.4,1693,34.4,73,0,0,0,0,0,0,11.199999999999989,Low,Medium,58239.2,0
M,298.2,309.4,1408,46.5,76,0,0,0,0,0,0,11.199999999999989,Low,Medium,65472.0,0
L,298.2,309.4,1398,52.9,79,0,0,0,0,0,0,11.199999999999989,Low,High,73954.2,0
M,298.3,309.6,1531,40.1,81,0,0,0,0,0,0,11.300000000000011,Low,Medium,61393.1,0
H,298.3,309.5,1521,37.1,84,0,0,0,0,0,0,11.199999999999989,Low,Medium,56429.1,0
H,298.3,309.5,1427,54.3,89,0,0,0,0,0,0,11.199999999999989,Medium,High,77486.09999999999,0
L,298.3,309.4,1546,36.1,94,0,0,0,0,0,0,11.099999999999966,Medium,Medium,55810.600000000006,0
L,298.3,309.4,1356,45.4,96,0,0,0,0,0,0,11.099999999999966,Medium,Medium,61562.4,0
L,298.4,309.5,2153,15.3,98,1,0,0,1,0,0,11.100000000000023,Medium,Low,32940.9,0
M,298.5,309.6,1492,41.7,100,0,0,0,0,0,0,11.100000000000023,Medium,Medium,62216.4,0
L,298.5,309.6,1582,40.3,103,0,0,0,0,0,0,11.100000000000023,Medium,Medium,63754.6,0
L,298.5,309.6,1419,41.5,105,0,0,0,0,0,0,11.100000000000023,Medium,Medium,58888.5,0
M,298.5,309.6,1441,48.2,107,0,0,0,0,0,0,11.100000000000023,Medium,Medium,69456.2,0
M,298.6,309.7,1635,32.2,110,0,0,0,0,0,0,11.099999999999966,Medium,Medium,52647.00000000001,0
L,298.6,309.7,1429,45.8,113,0,0,0,0,0,0,11.099999999999966,Medium,Medium,65448.2,0
M,298.6,309.7,1675,28.4,115,0,0,0,0,0,0,11.099999999999966,Medium,Medium,47570.0,0
M,298.7,309.7,1868,23.8,118,0,0,0,0,0,0,11.0,Medium,Low,44458.4,0
H,298.7,309.8,1582,33.4,121,0,0,0,0,0,0,11.100000000000023,Medium,Medium,52838.799999999996,0
L,298.8,309.9,1486,40.3,126,0,0,0,0,0,0,11.099999999999966,Medium,Medium,59885.799999999996,0
L,298.7,309.8,1402,54.3,128,0,0,0,0,0,0,11.100000000000023,Medium,High,76128.59999999999,0
L,298.7,309.9,1621,34.1,130,0,0,0,0,0,0,11.199999999999989,Medium,Medium,55276.100000000006,0
L,298.8,309.9,1428,42.4,132,0,0,0,0,0,0,11.099999999999966,Medium,Medium,60547.2,0
M,298.7,309.8,1343,53.6,134,0,0,0,0,0,0,11.100000000000023,Medium,High,71984.8,0
M,298.7,309.9,1458,40.2,137,0,0,0,0,0,0,11.199999999999989,Medium,Medium,58611.600000000006,0
L,298.7,309.8,1322,57.0,140,0,0,0,0,0,0,11.100000000000023,Medium,High,75354.0,0
L,298.7,309.9,1483,32.8,142,0,0,0,0,0,0,11.199999999999989,Medium,Medium,48642.399999999994,0
L,298.6,309.8,1505,45.7,144,0,0,0,0,0,1,11.199999999999989,Medium,Medium,68778.5,0
L,298.7,309.9,1593,42.5,146,0,0,0,0,0,0,11.199999999999989,Medium,Medium,67702.5,0
L,298.8,310.0,2098,19.6,148,0,0,0,0,0,0,11.199999999999989,Medium,Low,41120.8,0
L,298.8,310.0,1672,30.4,150,0,0,0,0,0,0,11.199999999999989,Medium,Medium,50828.799999999996,0
L,298.8,310.0,1487,41.4,152,0,0,0,0,0,0,11.199999999999989,Medium,Medium,61561.799999999996,0
L,298.8,310.0,1423,42.1,154,0,0,0,0,0,0,11.199999999999989,Medium,Medium,59908.3,0
L,298.9,310.1,1750,25.0,156,0,0,0,0,0,0,11.200000000000045,Medium,Low,43750.0,0
L,298.9,310.2,1654,31.1,158,0,0,0,0,0,0,11.300000000000011,Medium,Medium,51439.4,0
L,298.9,310.2,1498,50.2,160,0,0,0,0,0,0,11.300000000000011,Medium,Medium,75199.6,0
L,298.9,310.1,1587,30.2,162,0,0,0,0,0,0,11.200000000000045,Medium,Medium,47927.4,0
L,298.9,310.1,1473,42.6,164,0,0,0,0,0,0,11.200000000000045,Medium,Medium,62749.8,0
L,298.9,310.2,1359,56.9,166,0,0,0,0,0,0,11.300000000000011,Medium,High,77327.09999999999,0
M,299.0,310.3,1635,34.5,168,0,0,0,0,0,0,11.300000000000011,Medium,Medium,56407.5,0
L,299.0,310.3,1520,45.0,171,0,0,0,0,0,0,11.300000000000011,High,Medium,68400.0,0
L,299.0,310.3,1507,36.7,173,0,0,0,0,0,0,11.300000000000011,High,Medium,55306.9,0
L,299.0,310.3,1428,46.3,175,0,0,0,0,0,0,11.300000000000011,High,Medium,66116.4,0
M,299.0,310.3,1582,33.3,177,0,0,0,0,0,0,11.300000000000011,High,Medium,52680.6,0
L,299.0,310.3,1929,24.4,180,0,0,0,0,0,0,11.300000000000011,High,Low,47067.6,0
M,299.0,310.3,1540,38.1,182,0,0,0,0,0,0,11.300000000000011,High,Medium,58674.0,0
L,298.9,310.2,1362,53.0,185,0,0,0,0,0,0,11.300000000000011,High,High,72186.0,0
H,298.9,310.1,1452,49.9,187,0,0,0,0,0,0,11.200000000000045,High,Medium,72454.8,0
L,298.9,310.1,1361,51.7,192,0,0,0,0,0,0,11.200000000000045,High,Medium,70363.7,0
M,298.8,310.1,1243,74.5,194,1,0,0,1,1,0,11.300000000000011,High,High,92603.5,0
H,298.8,310.1,1567,36.8,197,0,0,0,0,0,0,11.300000000000011,High,Medium,57665.6,0
L,298.9,310.2,1411,46.5,202,0,0,0,0,0,0,11.300000000000011,High,Medium,65611.5,1
L,298.8,310.2,1814,26.8,204,0,0,0,0,0,0,11.399999999999977,High,Low,48615.200000000004,1
M,298.8,310.1,1719,28.8,206,0,0,0,0,0,0,11.300000000000011,High,Medium,49507.200000000004,1
H,298.8,310.2,1663,30.4,209,0,0,0,0,0,0,11.399999999999977,High,Medium,50555.2,1
L,298.9,310.2,1696,30.2,214,0,0,0,0,0,0,11.300000000000011,High,Medium,51219.2,1
H,298.9,310.2,1771,26.8,216,0,0,0,0,0,0,11.300000000000011,High,Low,47462.8,1
L,299.0,310.3,1868,24.0,221,0,0,0,0,0,0,11.300000000000011,High,Low,44832.0,1
M,299.0,310.3,1558,35.4,223,0,0,0,0,0,0,11.300000000000011,High,Medium,55153.2,1
L,299.0,310.4,1365,49.1,226,1,0,0,0,1,0,11.399999999999977,High,Medium,67021.5,1
L,299.0,310.4,1371,53.8,228,1,0,0,0,1,0,11.399999999999977,High,High,73759.8,1
L,298.9,310.3,1583,32.6,230,0,0,0,0,0,0,11.400000000000034,High,Medium,51605.8,1
H,298.7,310.2,1613,36.0,0,0,0,0,0,0,0,11.5,Low,Medium,58068.0,0
L,298.6,310.1,1721,27.2,5,0,0,0,0,0,0,11.5,Low,Low,46811.2,0
M,298.6,310.2,1668,31.5,7,0,0,0,0,0,0,11.599999999999966,Low,Medium,52542.0,0
L,298.6,310.2,1569,36.3,10,0,0,0,0,0,0,11.599999999999966,Low,Medium,56954.7,0
M,298.6,310.2,1328,50.5,12,0,0,0,0,0,0,11.599999999999966,Low,Medium,67064.0,0
M,298.6,310.1,1596,33.0,15,0,0,0,0,0,0,11.5,Low,Medium,52668.0,0
L,298.5,310.2,1676,32.7,18,0,0,0,0,0,0,11.699999999999989,Low,Medium,54805.200000000004,0
L,298.5,310.1,1809,28.9,20,0,0,0,0,0,0,11.600000000000023,Low,Medium,52280.1,0
L,298.5,310.0,1804,26.1,22,0,0,0,0,0,0,11.5,Low,Low,47084.4,0
L,298.6,310.1,1533,33.9,24,0,0,0,0,0,0,11.5,Low,Medium,51968.7,0
L,298.7,310.2,1717,27.3,26,0,0,0,0,0,0,11.5,Low,Low,46874.1,0
L,298.7,310.2,1363,45.5,28,0,0,0,0,0,0,11.5,Low,Medium,62016.5,0
L,298.7,310.2,1402,45.9,30,0,0,0,0,0,0,11.5,Low,Medium,64351.799999999996,0
L,298.7,310.2,1436,47.5,32,0,0,0,0,0,0,11.5,Low,Medium,68210.0,0
L,298.7,310.2,1525,43.7,34,0,0,0,0,0,0,11.5,Low,Medium,66642.5,0
M,298.7,310.2,1598,33.3,36,0,0,0,0,0,0,11.5,Low,Medium,53213.399999999994,0
M,298.6,310.1,1444,48.1,39,0,0,0,0,0,0,11.5,Low,Medium,69456.40000000001,0
L,298.6,310.0,1334,48.0,42,0,0,0,0,0,0,11.399999999999977,Low,Medium,64032.0,0
M,298.6,310.0,1681,35.5,44,0,0,0,0,0,0,11.399999999999977,Low,Medium,59675.5,0
L,298.6,309.9,1593,37.4,47,0,0,0,0,0,0,11.299999999999955,Low,Medium,59578.2,0
L,298.6,309.9,1461,45.7,49,0,0,0,0,0,0,11.299999999999955,Low,Medium,66767.7,0
M,298.7,310.1,1693,31.9,51,0,0,0,0,0,0,11.400000000000034,Low,Medium,54006.7,0
L,298.7,310.2,1404,50.3,54,0,0,0,0,0,0,11.5,Low,Medium,70621.2,0
H,298.8,310.2,1707,27.6,56,0,0,0,0,0,0,11.399999999999977,Low,Low,47113.200000000004,0
M,298.6,310.1,1458,41.9,61,0,0,0,0,0,0,11.5,Low,Medium,61090.2,0
L,298.6,310.0,1517,41.2,64,0,0,0,0,0,0,11.399999999999977,Low,Medium,62500.4,0
L,298.7,310.1,1433,54.6,66,0,0,0,0,0,0,11.400000000000034,Low,High,78241.8,0
L,298.7,310.2,1566,33.1,68,0,0,0,0,0,0,11.5,Low,Medium,51834.600000000006,0
L,298.7,310.1,1676,33.5,70,0,0,0,0,0,0,11.400000000000034,Low,Medium,56146.0,0
M,298.7,310.1,1368,56.8,72,0,0,0,0,0,0,11.400000000000034,Low,High,77702.4,0
M,298.8,310.2,1581,37.5,75,0,0,0,0,0,0,11.399999999999977,Low,Medium,59287.5,0
H,298.8,310.3,1708,27.1,78,0,0,0,0,0,0,11.5,Low,Low,46286.8,0
M,298.7,310.3,1481,41.5,83,0,0,0,0,0,0,11.600000000000023,Low,Medium,61461.5,0
L,298.7,310.3,1451,40.0,86,0,0,0,0,0,0,11.600000000000023,Medium,Medium,58040.0,0
M,298.7,310.3,1495,38.7,88,0,0,0,0,0,0,11.600000000000023,Medium,Medium,57856.50000000001,0
M,298.8,310.3,1573,41.8,91,0,0,0,0,0,0,11.5,Medium,Medium,65751.4,0
M,298.8,310.3,1366,59.0,94,0,0,0,0,0,0,11.5,Medium,High,80594.0,0
L,298.8,310.3,1553,36.8,97,0,0,0,0,0,0,11.5,Medium,Medium,57150.399999999994,0
M,298.8,310.3,1528,37.1,99,0,0,0,0,0,0,11.5,Medium,Medium,56688.8,0
M,298.8,310.2,1527,31.2,102,0,0,0,0,0,0,11.399999999999977,Medium,Medium,47642.4,0
L,298.8,310.2,1461,46.7,105,0,0,0,0,0,0,11.399999999999977,Medium,Medium,68228.7,0
H,298.8,310.2,1455,44.9,107,0,0,0,0,0,0,11.399999999999977,Medium,Medium,65329.5,0
L,298.7,310.1,1620,34.8,112,0,0,0,0,0,0,11.400000000000034,Medium,Medium,56375.99999999999,0
L,298.7,310.1,1786,27.7,114,0,0,0,0,0,0,11.400000000000034,Medium,Low,49472.2,0
M,298.8,310.2,1583,35.7,116,0,0,0,0,0,0,11.399999999999977,Medium,Medium,56513.100000000006,0
L,298.8,310.1,1653,30.3,119,0,0,0,0,0,0,11.300000000000011,Medium,Medium,50085.9,0
M,298.9,310.2,1331,49.0,121,0,0,0,0,0,0,11.300000000000011,Medium,Medium,65219.0,0
L,298.9,310.3,1484,43.8,124,0,0,0,0,0,0,11.400000000000034,Medium,Medium,64999.2,0
M,298.9,310.2,1603,36.1,126,0,0,0,0,0,0,11.300000000000011,Medium,Medium,57868.3,0
L,298.9,310.2,1445,40.0,129,0,0,0,0,0,0,11.300000000000011,Medium,Medium,57800.0,0
L,298.9,310.1,1823,26.1,131,0,0,0,0,0,0,11.200000000000045,Medium,Low,47580.3,0
H,298.9,310.1,1491,45.3,133,0,0,0,0,0,0,11.200000000000045,Medium,Medium,67542.3,0
L,298.9,310.2,1533,42.8,138,0,0,0,0,0,0,11.300000000000011,Medium,Medium,65612.4,0
L,298.9,310.2,1409,54.8,140,0,0,0,0,0,0,11.300000000000011,Medium,High,77213.2,0
L,298.9,310.2,2737,8.8,142,1,0,0,1,0,0,11.300000000000011,Medium,Low,24085.600000000002,0
M,299.0,310.3,1494,46.6,144,0,0,0,0,0,0,11.300000000000011,Medium,Medium,69620.40000000001,0
L,299.1,310.4,1594,33.3,147,0,0,0,0,0,0,11.299999999999955,Medium,Medium,53080.2,0
L,299.1,310.4,1527,44.0,149,0,0,0,0,0,0,11.299999999999955,Medium,Medium,67188.0,0
L,299.1,310.4,1452,39.7,151,0,0,0,0,0,0,11.299999999999955,Medium,Medium,57644.4,0
L,299.0,310.3,1483,39.2,153,0,0,0,0,0,0,11.300000000000011,Medium,Medium,58133.600000000006,0
L,299.1,310.2,1569,38.2,155,0,0,0,0,0,0,11.099999999999966,Medium,Medium,59935.8,0
L,299.1,310.3,1472,46.6,157,0,0,0,0,0,0,11.199999999999989,Medium,Medium,68595.2,0
L,299.0,310.2,1533,43.5,159,0,0,0,0,0,0,11.199999999999989,Medium,Medium,66685.5,0
H,298.9,310.1,1366,62.7,161,0,0,0,0,0,0,11.200000000000045,Medium,High,85648.2,0
H,298.9,310.2,1532,37.7,166,0,0,0,0,0,0,11.300000000000011,Medium,Medium,57756.4,0
M,298.9,310.1,1313,56.8,171,0,0,0,0,0,0,11.200000000000045,High,High,74578.4,0
L,299.0,310.2,1372,48.0,174,0,0,0,0,0,0,11.199999999999989,High,Medium,65856.0,0
M,298.9,310.1,1555,40.6,176,0,0,0,0,0,0,11.200000000000045,High,Medium,63133.0,0
L,298.9,310.1,1394,42.7,179,0,0,0,0,0,0,11.200000000000045,High,Medium,59523.8,0
L,298.9,310.1,1442,48.0,181,0,0,0,0,0,0,11.200000000000045,High,Medium,69216.0,0
L,298.9,310.0,1564,33.8,183,0,0,0,0,0,0,11.100000000000023,High,Medium,52863.2,0
L,298.9,310.0,1452,48.9,185,0,0,0,0,0,0,11.100000000000023,High,Medium,71002.8,0
L,298.9,310.1,1466,42.5,187,0,0,0,0,0,0,11.200000000000045,High,Medium,62305.0,0
M,298.9,310.1,1469,53.2,189,0,0,0,0,0,0,11.200000000000045,High,High,78150.8,0
L,298.9,310.1,1944,23.4,192,0,0,0,0,0,0,11.200000000000045,High,Low,45489.6,0
M,298.8,309.9,1415,53.2,194,0,0,0,0,0,0,11.099999999999966,High,High,75278.0,0
M,298.7,309.8,1528,36.7,197,0,0,0,0,0,0,11.100000000000023,High,Medium,56077.600000000006,0
M,298.7,309.8,1570,42.1,200,0,0,0,0,0,0,11.100000000000023,High,Medium,66097.0,1
L,298.7,309.9,1617,33.0,203,0,0,0,0,0,0,11.199999999999989,High,Medium,53361.0,1
M,298.7,309.9,2083,18.2,205,0,0,0,0,0,0,11.199999999999989,High,Low,37910.6,1
L,298.7,309.9,1541,38.5,208,0,0,0,0,0,0,11.199999999999989,High,Medium,59328.5,1
L,298.8,309.9,1320,47.4,210,0,0,0,0,0,0,11.099999999999966,High,Medium,62568.0,1
L,298.7,309.8,1354,53.3,212,1,0,0,0,1,0,11.100000000000023,High,High,72168.2,1
M,298.8,309.9,1495,35.2,214,0,0,0,0,0,0,11.099999999999966,High,Medium,52624.00000000001,1
L,298.7,309.8,1589,31.8,217,0,0,0,0,0,0,11.100000000000023,High,Medium,50530.200000000004,1
L,298.7,309.8,1530,35.5,0,0,0,0,0,0,0,11.100000000000023,Low,Medium,54315.0,0
L,298.7,309.8,1539,33.4,2,0,0,0,0,0,0,11.100000000000023,Low,Medium,51402.6,0
L,298.7,309.7,1462,46.8,4,0,0,0,0,0,0,11.0,Low,Medium,68421.59999999999,0
L,298.6,309.7,1356,54.0,6,0,0,0,0,0,0,11.099999999999966,Low,High,73224.0,0
M,298.7,309.7,1622,34.6,8,0,0,0,0,0,0,11.0,Low,Medium,56121.200000000004,0
L,298.7,309.8,1394,40.3,11,0,0,0,0,0,0,11.100000000000023,Low,Medium,56178.2,0
L,298.8,309.9,1568,33.7,13,0,0,0,0,0,0,11.099999999999966,Low,Medium,52841.600000000006,0
M,298.9,310.0,1456,43.8,15,0,0,0,0,0,0,11.100000000000023,Low,Medium,63772.799999999996,0
L,298.9,310.0,1378,49.3,18,0,0,0,0,0,0,11.100000000000023,Low,Medium,67935.4,0
M,298.9,309.9,1404,41.4,20,0,0,0,0,0,0,11.0,Low,Medium,58125.6,0
L,298.8,309.8,1437,42.8,23,0,0,0,0,0,0,11.0,Low,Medium,61503.6,0
L,298.8,309.8,1363,44.0,25,0,0,0,0,0,0,11.0,Low,Medium,59972.0,0
M,298.8,309.8,1377,49.6,27,0,0,0,0,0,0,11.0,Low,Medium,68299.2,0
H,298.8,309.9,1526,42.1,30,0,0,0,0,0,0,11.099999999999966,Low,Medium,64244.6,0
H,298.8,309.8,1510,44.2,35,0,0,0,0,0,0,11.0,Low,Medium,66742.0,0
H,298.8,309.9,1439,45.2,40,1,0,0,0,0,0,11.099999999999966,Low,Medium,65042.8,0
L,298.8,309.9,1482,39.1,45,0,0,0,0,0,0,11.099999999999966,Low,Medium,57946.200000000004,0
M,298.8,309.8,1534,37.0,47,0,0,0,0,0,0,11.0,Low,Medium,56758.0,0
M,298.8,309.9,1741,27.7,50,0,0,0,0,0,0,11.099999999999966,Low,Low,48225.7,0
L,298.8,309.9,1550,38.8,53,0,0,0,0,0,0,11.099999999999966,Low,Medium,60139.99999999999,0
M,298.8,310.0,1486,38.5,55,0,0,0,0,0,0,11.199999999999989,Low,Medium,57211.0,0
L,298.9,310.1,1602,38.2,58,0,0,0,0,0,0,11.200000000000045,Low,Medium,61196.4,0
L,299.0,310.2,1477,37.9,60,0,0,0,0,0,0,11.199999999999989,Low,Medium,55978.299999999996,0
L,299.0,310.1,1618,29.2,62,0,0,0,0,0,0,11.100000000000023,Low,Medium,47245.6,0
M,299.0,310.2,1628,35.8,64,0,0,0,0,0,0,11.199999999999989,Low,Medium,58282.399999999994,0
M,299.0,310.3,1662,33.6,67,0,0,0,0,0,0,11.300000000000011,Low,Medium,55843.200000000004,0
M,299.0,310.3,1657,31.0,70,0,0,0,0,0,0,11.300000000000011,Low,Medium,51367.0,0
H,299.0,310.4,1677,30.8,73,0,0,0,0,0,0,11.399999999999977,Low,Medium,51651.6,0
M,299.0,310.3,1447,39.9,78,0,0,0,0,0,0,11.300000000000011,Low,Medium,57735.299999999996,0
L,298.9,310.4,1831,25.4,81,0,0,0,0,0,0,11.5,Low,Low,46507.399999999994,0
L,299.0,310.3,1584,34.4,83,0,0,0,0,0,0,11.300000000000011,Low,Medium,54489.6,0
L,299.1,310.4,1450,40.9,85,0,0,0,0,0,0,11.299999999999955,Medium,Medium,59305.0,0
L,299.1,310.4,1428,46.9,87,0,0,0,0,0,0,11.299999999999955,Medium,Medium,66973.2,0
L,299.0,310.4,1382,53.0,89,0,0,0,0,0,0,11.399999999999977,Medium,High,73246.0,0
L,299.0,310.3,1501,43.0,91,0,0,0,0,0,0,11.300000000000011,Medium,Medium,64543.0,0
L,299.0,310.3,1475,42.4,93,0,0,0,0,0,0,11.300000000000011,Medium,Medium,62540.0,0
L,298.9,310.3,1364,54.0,95,0,0,0,0,0,0,11.400000000000034,Medium,High,73656.0,0
L,299.0,310.3,1472,36.1,97,0,0,0,0,0,0,11.300000000000011,Medium,Medium,53139.200000000004,0
L,299.0,310.3,1437,47.8,99,0,0,0,0,0,0,11.300000000000011,Medium,Medium,68688.59999999999,0
L,298.9,310.2,1491,45.1,101,0,0,0,0,0,0,11.300000000000011,Medium,Medium,67244.1,0
L,298.9,310.2,1706,27.6,103,0,0,0,0,0,0,11.300000000000011,Medium,Low,47085.600000000006,0
L,298.8,310.1,1607,39.5,105,0,0,0,0,0,0,11.300000000000011,Medium,Medium,63476.5,0
L,298.8,310.0,1412,46.3,107,0,0,0,0,0,0,11.199999999999989,Medium,Medium,65375.6,0
L,298.7,309.8,1546,40.9,109,0,0,0,0,0,0,11.100000000000023,Medium,Medium,63231.399999999994,0
L,298.7,309.8,1365,50.5,111,0,0,0,0,0,0,11.100000000000023,Medium,Medium,68932.5,0
L,298.6,309.8,1544,30.2,113,0,0,0,0,0,0,11.199999999999989,Medium,Medium,46628.799999999996,0
M,298.6,309.8,1419,44.9,115,0,0,0,0,0,0,11.199999999999989,Medium,Medium,63713.1,0
L,298.6,309.8,1497,41.6,118,0,0,0,0,0,0,11.199999999999989,Medium,Medium,62275.200000000004,0
L,298.5,309.7,1437,42.6,120,0,0,0,0,0,0,11.199999999999989,Medium,Medium,61216.200000000004,0
L,298.5,309.6,1421,53.6,122,0,0,0,0,0,0,11.100000000000023,Medium,High,76165.6,0
M,298.5,309.6,1438,44.5,124,0,0,0,0,0,0,11.100000000000023,Medium,Medium,63991.0,0
M,298.5,309.5,1315,48.9,127,0,0,0,0,0,0,11.0,Medium,Medium,64303.5,0
M,298.5,309.5,1366,61.9,130,0,0,0,0,0,0,11.0,Medium,High,84555.4,0
M,298.4,309.5,1519,35.4,133,0,0,0,0,0,0,11.100000000000023,Medium,Medium,53772.6,0
L,298.4,309.5,1692,28.3,136,0,0,0,0,0,0,11.100000000000023,Medium,Medium,47883.6,0
L,298.3,309.4,1570,35.6,138,0,0,0,0,0,0,11.099999999999966,Medium,Medium,55892.0,0
L,298.3,309.4,1568,35.8,140,0,0,0,0,0,0,11.099999999999966,Medium,Medium,56134.399999999994,0
L,298.2,309.3,1355,43.8,142,0,0,0,0,0,0,11.100000000000023,Medium,Medium,59348.99999999999,0
M,298.2,309.3,2056,18.7,144,0,0,0,0,0,0,11.100000000000023,Medium,Low,38447.2,0
M,298.2,309.2,1332,60.2,147,0,0,0,0,0,0,11.0,Medium,High,80186.40000000001,0
M,298.1,309.1,1448,52.5,150,0,0,0,0,0,0,11.0,Medium,High,76020.0,0
L,298.0,308.9,1578,35.6,153,0,0,0,0,0,0,10.899999999999977,Medium,Medium,56176.8,0
M,298.0,309.0,1562,39.2,155,0,0,0,0,0,0,11.0,Medium,Medium,61230.4,0
M,298.1,309.0,1976,19.3,158,0,0,0,0,0,0,10.899999999999977,Medium,Low,38136.8,0
M,298.2,309.2,1524,34.6,161,0,0,0,0,0,0,11.0,Medium,Medium,52730.4,0
L,298.2,309.1,1429,48.5,164,0,0,0,0,0,0,10.900000000000034,Medium,Medium,69306.5,0
L,298.2,309.1,1568,36.3,166,0,0,0,0,0,0,10.900000000000034,Medium,Medium,56918.399999999994,0
M,298.2,309.0,1723,26.6,168,0,0,0,0,0,0,10.800000000000011,Medium,Low,45831.8,0
L,298.2,309.0,1341,43.8,171,0,0,0,0,0,0,10.800000000000011,High,Medium,58735.799999999996,0
M,298.1,308.9,1353,46.2,173,0,0,0,0,0,0,10.799999999999955,High,Medium,62508.600000000006,0
M,298.0,308.7,1479,58.5,176,1,0,0,1,0,0,10.699999999999989,High,High,86521.5,0
L,298.0,308.8,1496,44.9,179,0,0,0,0,0,0,10.800000000000011,High,Medium,67170.4,0
M,298.0,308.7,1377,48.5,181,0,0,0,0,0,0,10.699999999999989,High,Medium,66784.5,0
H,297.9,308.5,1383,44.6,184,0,0,0,0,0,0,10.600000000000023,High,Medium,61681.8,0
L,298.0,308.7,1268,69.4,189,1,0,0,1,1,0,10.699999999999989,High,High,87999.20000000001,0
L,298.0,308.7,1629,34.3,191,0,0,0,0,0,0,10.699999999999989,High,Medium,55874.7,0
L,298.0,308.8,1790,27.2,193,0,0,0,0,0,0,10.800000000000011,High,Low,48688.0,0
M,298.1,308.8,2206,16.3,195,0,0,0,0,0,0,10.699999999999989,High,Low,35957.8,0
M,298.0,308.7,2101,17.4,198,0,0,0,0,0,0,10.699999999999989,High,Low,36557.399999999994,0
M,298.0,308.7,1436,48.2,201,0,0,0,0,0,0,10.699999999999989,High,Medium,69215.2,1
L,298.0,308.7,1462,48.2,204,0,0,0,0,0,0,10.699999999999989,High,Medium,70468.40000000001,1
L,298.0,308.7,1771,26.2,206,0,0,0,0,0,0,10.699999999999989,High,Low,46400.2,1
L,298.0,308.7,1506,47.0,208,0,0,0,0,0,0,10.699999999999989,High,Medium,70782.0,1
L,298.0,308.7,1626,36.7,210,0,0,0,0,0,0,10.699999999999989,High,Medium,59674.200000000004,1
L,298.0,308.8,1610,33.7,212,0,0,0,0,0,0,10.800000000000011,High,Medium,54257.00000000001,1
M,298.0,308.6,1376,55.7,214,0,0,0,0,0,0,10.600000000000023,High,High,76643.2,1
M,298.0,308.6,1507,37.3,217,0,0,0,0,0,0,10.600000000000023,High,Medium,56211.1,1
L,298.0,308.5,1429,37.7,220,1,1,0,0,0,0,10.5,High,Medium,53873.3,1
M,298.1,308.7,1547,38.9,0,0,0,0,0,0,0,10.599999999999966,Low,Medium,60178.299999999996,0
L,298.1,308.7,1642,30.3,3,0,0,0,0,0,0,10.599999999999966,Low,Medium,49752.6,0
H,298.0,308.7,1503,36.3,5,0,0,0,0,0,0,10.699999999999989,Low,Medium,54558.899999999994,0
L,298.1,308.7,1568,32.9,10,0,0,0,0,0,0,10.599999999999966,Low,Medium,51587.2,0
M,298.1,308.8,1628,37.6,12,0,0,0,0,0,0,10.699999999999989,Low,Medium,61212.8,0
M,298.2,308.9,1614,35.5,15,0,0,0,0,0,0,10.699999999999989,Low,Medium,57297.0,0
L,298.2,308.9,1278,54.0,18,0,0,0,0,0,0,10.699999999999989,Low,High,69012.0,0
M,298.2,308.9,1408,38.8,20,0,0,0,0,0,0,10.699999999999989,Low,Medium,54630.399999999994,0
H,298.2,309.0,1371,55.7,23,0,0,0,0,0,0,10.800000000000011,Low,High,76364.7,0
M,298.2,308.9,1512,38.5,28,0,0,0,0,0,0,10.699999999999989,Low,Medium,58212.0,0
L,298.3,309.1,1472,40.1,31,0,0,0,0,0,0,10.800000000000011,Low,Medium,59027.200000000004,0
M,298.2,308.9,1585,34.3,33,0,0,0,0,0,0,10.699999999999989,Low,Medium,54365.49999999999,0
H,298.2,309.0,1562,37.7,36,0,0,0,0,0,0,10.800000000000011,Low,Medium,58887.4,0
L,298.3,309.0,1519,36.9,41,0,0,0,0,0,0,10.699999999999989,Low,Medium,56051.1,0
L,298.2,309.0,1601,35.8,43,0,0,0,0,0,0,10.800000000000011,Low,Medium,57315.799999999996,0
L,298.2,309.0,2449,13.8,45,0,0,0,0,0,0,10.800000000000011,Low,Low,33796.200000000004,0
L,298.1,309.0,1787,27.6,47,0,0,0,0,0,0,10.899999999999977,Low,Low,49321.200000000004,0
H,298.1,309.1,1425,44.5,49,0,0,0,0,0,0,11.0,Low,Medium,63412.5,0
L,298.1,309.0,1559,34.0,54,0,0,0,0,0,0,10.899999999999977,Low,Medium,53006.0,0
L,298.1,309.0,1557,36.0,56,0,0,0,0,0,0,10.899999999999977,Low,Medium,56052.0,0
L,298.1,309.0,1497,40.5,58,0,0,0,0,0,0,10.899999999999977,Low,Medium,60628.5,0
H,298.1,309.0,1438,41.4,60,0,0,0,0,0,0,10.899999999999977,Low,Medium,59533.2,0
M,298.1,308.9,1417,39.2,65,0,0,0,0,0,0,10.799999999999955,Low,Medium,55546.4,0
M,298.0,308.9,1339,51.4,68,0,0,0,0,0,0,10.899999999999977,Low,Medium,68824.59999999999,0
L,298.0,308.8,1757,29.1,71,0,0,0,0,0,0,10.800000000000011,Low,Medium,51128.700000000004,0
L,298.0,308.8,1581,36.1,73,0,0,0,0,0,0,10.800000000000011,Low,Medium,57074.100000000006,0
M,298.2,308.9,1326,54.4,75,0,0,0,0,0,0,10.699999999999989,Low,High,72134.4,0
M,298.4,309.1,1467,39.6,78,0,0,0,0,0,0,10.700000000000045,Low,Medium,58093.200000000004,0
L,298.4,309.1,1798,29.6,81,0,0,0,0,0,0,10.700000000000045,Low,Medium,53220.8,0
M,298.5,309.2,1449,46.4,83,0,0,0,0,0,0,10.699999999999989,Low,Medium,67233.59999999999,0
M,298.4,309.1,1525,39.3,86,0,0,0,0,0,0,10.700000000000045,Medium,Medium,59932.49999999999,0
L,298.4,309.0,2304,15.1,89,0,0,0,0,0,0,10.600000000000023,Medium,Low,34790.4,0
L,298.3,308.9,1379,54.7,91,0,0,0,0,0,0,10.599999999999966,Medium,High,75431.3,0
L,298.4,308.9,1628,34.9,93,0,0,0,0,0,0,10.5,Medium,Medium,56817.2,0
L,298.4,309.0,1474,52.7,95,0,0,0,0,0,0,10.600000000000023,Medium,High,77679.8,0
M,298.4,309.0,1544,38.8,97,0,0,0,0,0,0,10.600000000000023,Medium,Medium,59907.2,0
L,298.4,308.9,1391,48.4,100,0,0,0,0,0,0,10.5,Medium,Medium,67324.4,0
L,298.3,308.9,1348,55.5,102,0,0,0,0,0,0,10.599999999999966,Medium,High,74814.0,0
M,298.3,308.8,1349,52.1,104,0,0,0,0,0,0,10.5,Medium,Medium,70282.90000000001,0
L,298.4,308.9,1706,29.5,107,0,0,0,0,0,0,10.5,Medium,Medium,50327.0,0
L,298.4,308.9,1638,32.4,109,0,0,0,0,0,0,10.5,Medium,Medium,53071.2,0
L,298.4,308.8,1458,40.1,111,0,0,0,0,0,0,10.400000000000034,Medium,Medium,58465.8,0
L,298.5,308.9,1781,27.8,113,0,0,0,0,0,0,10.399999999999977,Medium,Low,49511.8,0
L,298.5,308.8,1332,59.1,115,0,0,0,0,0,0,10.300000000000011,Medium,High,78721.2,0
M,298.4,308.7,1584,31.7,117,0,0,0,0,0,0,10.300000000000011,Medium,Medium,50212.799999999996,0
L,298.4,308.6,1491,42.0,120,0,0,0,0,0,0,10.200000000000045,Medium,Medium,62622.0,0
H,298.4,308.5,1398,47.1,122,0,0,0,0,0,0,10.100000000000023,Medium,Medium,65845.8,0
L,298.3,308.4,1585,30.6,127,0,0,0,0,0,0,10.099999999999966,Medium,Medium,48501.0,0
M,298.2,308.3,1476,43.5,129,0,0,0,0,0,0,10.100000000000023,Medium,Medium,64206.0,0
L,298.2,308.3,1458,41.8,132,0,0,0,0,0,0,10.100000000000023,Medium,Medium,60944.399999999994,0
M,298.2,308.4,1510,39.9,134,0,0,0,0,0,0,10.199999999999989,Medium,Medium,60249.0,0
L,298.2,308.4,1388,53.8,137,0,0,0,0,0,0,10.199999999999989,Medium,High,74674.4,0
L,298.2,308.3,2216,16.8,139,0,0,0,0,0,0,10.100000000000023,Medium,Low,37228.8,0
L,298.2,308.3,1402,51.0,141,0,0,0,0,0,0,10.100000000000023,Medium,Medium,71502.0,0
M,298.0,308.2,2090,19.0,143,0,0,0,0,0,0,10.199999999999989,Medium,Low,39710.0,0
L,298.0,308.2,1459,42.1,146,0,0,0,0,0,0,10.199999999999989,Medium,Medium,61423.9,0
M,298.0,308.1,1403,44.8,148,0,0,0,0,0,0,10.100000000000023,Medium,Medium,62854.399999999994,0
L,298.1,308.2,1521,39.3,151,0,0,0,0,0,0,10.099999999999966,Medium,Medium,59775.299999999996,0
L,298.2,308.2,1407,47.1,153,0,0,0,0,0,0,10.0,Medium,Medium,66269.7,0
M,298.1,308.2,1654,35.3,155,0,0,0,0,0,0,10.099999999999966,Medium,Medium,58386.2,0
L,298.2,308.4,1452,43.5,158,0,0,0,0,0,0,10.199999999999989,Medium,Medium,63162.0,0
L,298.3,308.4,1528,37.3,160,0,0,0,0,0,0,10.099999999999966,Medium,Medium,56994.399999999994,0
L,298.2,308.3,1230,59.6,162,0,0,0,0,0,0,10.100000000000023,Medium,High,73308.0,0
L,298.2,308.2,1466,42.4,164,0,0,0,0,0,0,10.0,Medium,Medium,62158.4,0
L,298.2,308.2,1478,50.1,166,0,0,0,0,0,0,10.0,Medium,Medium,74047.8,0
L,298.2,308.3,2057,18.0,168,0,0,0,0,0,0,10.100000000000023,Medium,Low,37026.0,0
L,298.3,308.4,1490,41.7,170,0,0,0,0,0,0,10.099999999999966,High,Medium,62133.00000000001,0
L,298.3,308.4,1484,43.4,172,0,0,0,0,0,0,10.099999999999966,High,Medium,64405.6,0
L,298.3,308.4,1593,37.0,174,0,0,0,0,0,0,10.099999999999966,High,Medium,58941.0,0
L,298.3,308.3,1444,43.8,176,0,0,0,0,0,0,10.0,High,Medium,63247.2,0
M,298.3,308.4,1444,47.5,178,0,0,0,0,0,0,10.099999999999966,High,Medium,68590.0,0
M,298.2,308.3,1560,33.0,181,0,0,0,0,0,0,10.100000000000023,High,Medium,51480.0,0
H,298.1,308.3,1530,42.0,184,0,0,0,0,0,0,10.199999999999989,High,Medium,64260.0,0
L,298.2,308.4,1310,61.0,189,1,0,0,0,1,0,10.199999999999989,High,High,79910.0,0
M,298.2,308.3,1639,33.3,191,0,0,0,0,0,0,10.100000000000023,High,Medium,54578.7,0
L,298.2,308.3,1400,48.7,194,0,0,0,0,0,0,10.100000000000023,High,Medium,68180.0,0
M,298.3,308.4,1486,44.2,196,0,0,0,0,0,0,10.099999999999966,High,Medium,65681.2,0
M,298.2,308.3,1448,43.3,199,0,0,0,0,0,0,10.100000000000023,High,Medium,62698.399999999994,0
L,298.2,308.3,1688,32.0,202,0,0,0,0,0,0,10.100000000000023,High,Medium,54016.0,1
M,298.1,308.3,1453,41.5,204,0,0,0,0,0,0,10.199999999999989,High,Medium,60299.5,1
L,298.2,308.4,1497,37.7,207,0,0,0,0,0,0,10.199999999999989,High,Medium,56436.9,1
L,298.2,308.4,1355,49.4,209,0,0,0,0,0,0,10.199999999999989,High,Medium,66937.0,1
L,298.1,308.4,1592,38.2,211,0,0,0,0,0,0,10.299999999999955,High,Medium,60814.4,1
L,298.0,308.3,1544,34.7,213,0,0,0,0,0,0,10.300000000000011,High,Medium,53576.8,1
M,298.0,308.2,1373,51.2,215,0,0,0,0,0,0,10.199999999999989,High,Medium,70297.6,1
L,298.0,308.2,1365,52.9,218,1,0,0,0,1,0,10.199999999999989,High,High,72208.5,1
L,298.0,308.1,1877,24.3,0,0,0,0,0,0,0,10.100000000000023,Low,Low,45611.1,0
L,297.9,308.1,1531,40.8,2,0,0,0,0,0,0,10.200000000000045,Low,Medium,62464.799999999996,0
L,297.9,308.0,1501,36.7,4,0,0,0,0,0,0,10.100000000000023,Low,Medium,55086.700000000004,0
L,297.9,308.0,1490,46.2,6,0,0,0,0,0,0,10.100000000000023,Low,Medium,68838.0,0
M,297.8,307.8,1543,43.7,8,0,0,0,0,0,0,10.0,Low,Medium,67429.1,0
L,297.8,307.8,1597,38.2,11,0,0,0,0,0,0,10.0,Low,Medium,61005.4,0
H,297.8,307.9,1600,33.5,13,0,0,0,0,0,0,10.099999999999966,Low,Medium,53600.0,0
M,297.8,307.8,1622,32.1,18,0,0,0,0,0,0,10.0,Low,Medium,52066.200000000004,0
L,297.8,307.8,1452,39.8,21,0,0,0,0,0,0,10.0,Low,Medium,57789.6,0
L,297.8,307.8,1396,42.5,23,0,0,0,0,0,0,10.0,Low,Medium,59330.0,0
L,297.8,307.7,1505,39.7,25,0,0,0,0,0,0,9.899999999999977,Low,Medium,59748.50000000001,0
L,297.8,307.8,1412,48.3,27,0,0,0,0,0,0,10.0,Low,Medium,68199.59999999999,0
L,297.8,307.7,1393,38.0,29,0,0,0,0,0,0,9.899999999999977,Low,Medium,52934.0,0
L,297.7,307.7,1581,34.9,31,0,0,0,0,0,0,10.0,Low,Medium,55176.899999999994,0
L,297.8,307.8,1573,37.9,33,0,0,0,0,0,0,10.0,Low,Medium,59616.7,0
M,297.8,307.9,1726,27.3,35,0,0,0,0,0,0,10.099999999999966,Low,Low,47119.8,0
M,297.9,307.9,1540,39.8,38,0,0,0,0,0,0,10.0,Low,Medium,61291.99999999999,0
L,297.9,308.0,1296,62.9,41,0,0,0,0,0,0,10.100000000000023,Low,High,81518.4,0
M,297.8,307.9,1802,25.8,43,0,0,0,0,0,0,10.099999999999966,Low,Low,46491.6,0
L,297.8,307.9,1447,48.6,46,0,0,0,0,0,0,10.099999999999966,Low,Medium,70324.2,0
H,297.8,307.8,1662,30.7,48,0,0,0,0,0,0,10.0,Low,Medium,51023.4,0
L,297.8,307.8,1563,34.3,53,0,0,0,0,0,0,10.0,Low,Medium,53610.899999999994,0
L,297.9,307.8,1286,59.5,55,0,0,0,0,0,0,9.900000000000034,Low,High,76517.0,0
L,297.9,307.7,1590,34.6,57,0,0,0,0,0,0,9.800000000000011,Low,Medium,55014.0,0
L,297.9,307.7,1492,43.7,59,0,0,0,0,0,0,9.800000000000011,Low,Medium,65200.4,0
L,297.7,307.6,1844,21.9,61,0,0,0,0,0,0,9.900000000000034,Low,Low,40383.6,0
H,297.7,307.6,1538,38.3,63,0,0,0,0,0,0,9.900000000000034,Low,Medium,58905.399999999994,0
L,297.7,307.6,1921,22.9,68,0,0,0,0,0,0,9.900000000000034,Low,Low,43990.899999999994,0
M,297.8,307.8,1310,57.9,70,0,0,0,0,0,0,10.0,Low,High,75849.0,0
L,297.9,307.8,1365,46.9,73,0,0,0,0,0,0,9.900000000000034,Low,Medium,64018.5,0
M,297.9,307.8,1303,59.3,75,0,0,0,0,0,0,9.900000000000034,Low,High,77267.9,0
L,297.9,307.8,1499,37.5,78,0,0,0,0,0,0,9.900000000000034,Low,Medium,56212.5,0
L,297.9,307.8,1451,38.2,80,0,0,0,0,0,0,9.900000000000034,Low,Medium,55428.200000000004,0
M,297.9,307.9,1336,54.4,82,0,0,0,0,0,0,10.0,Low,High,72678.4,0
L,297.9,307.9,1412,44.5,85,0,0,0,0,0,0,10.0,Medium,Medium,62834.0,0
L,298.0,308.0,1433,39.2,87,0,0,0,0,0,0,10.0,Medium,Medium,56173.600000000006,0
L,297.9,307.9,1426,43.6,89,0,0,0,0,0,0,10.0,Medium,Medium,62173.6,0
L,297.9,307.9,1476,45.2,91,0,0,0,0,0,0,10.0,Medium,Medium,66715.2,0
H,297.9,307.9,1406,58.5,93,0,0,0,0,0,0,10.0,Medium,High,82251.0,0
L,297.8,307.8,1383,56.5,98,0,0,0,0,0,0,10.0,Medium,High,78139.5,0
L,297.9,307.8,1505,37.3,100,0,0,0,0,0,0,9.900000000000034,Medium,Medium,56136.49999999999,0
L,297.9,307.8,1665,33.9,102,0,0,0,0,0,0,9.900000000000034,Medium,Medium,56443.5,0
L,297.9,307.8,1397,45.0,104,0,0,0,0,0,0,9.900000000000034,Medium,Medium,62865.0,0
M,297.9,307.8,1450,43.5,106,0,0,0,0,0,0,9.900000000000034,Medium,Medium,63075.0,0
L,298.0,307.8,1567,36.4,109,0,0,0,0,0,0,9.800000000000011,Medium,Medium,57038.799999999996,0
M,298.0,308.0,1555,37.0,111,0,0,0,0,0,0,10.0,Medium,Medium,57535.0,0
H,298.0,307.8,1588,35.4,114,0,0,0,0,0,0,9.800000000000011,Medium,Medium,56215.2,0
L,298.0,307.8,1453,37.7,119,0,0,0,0,0,0,9.800000000000011,Medium,Medium,54778.100000000006,0
L,298.0,307.8,1622,33.3,121,0,0,0,0,0,0,9.800000000000011,Medium,Medium,54012.6,0
L,297.9,307.8,1538,38.5,123,0,0,0,0,0,0,9.900000000000034,Medium,Medium,59213.0,0
M,297.9,307.7,1527,42.8,125,0,0,0,0,0,0,9.800000000000011,Medium,Medium,65355.6,0
L,297.8,307.8,1761,28.9,128,0,0,0,0,0,0,10.0,Medium,Medium,50892.899999999994,0
L,297.9,307.8,1373,50.2,130,0,0,0,0,0,0,9.900000000000034,Medium,Medium,68924.6,0
H,298.0,307.9,1482,37.8,132,0,0,0,0,0,0,9.899999999999977,Medium,Medium,56019.6,0
M,298.0,307.9,1417,51.0,137,0,0,0,0,0,0,9.899999999999977,Medium,Medium,72267.0,0
L,298.0,307.8,1414,51.7,140,0,0,0,0,0,0,9.800000000000011,Medium,Medium,73103.8,0
H,297.9,307.8,1635,34.0,142,0,0,0,0,0,0,9.900000000000034,Medium,Medium,55590.0,0
L,298.0,307.8,1386,57.3,147,0,0,0,0,0,0,9.800000000000011,Medium,High,79417.8,0
L,298.2,308.1,1379,62.3,149,0,0,0,0,0,0,9.900000000000034,Medium,High,85911.7,0
M,298.2,308.0,1577,35.9,151,0,0,0,0,0,0,9.800000000000011,Medium,Medium,56614.299999999996,0
L,298.2,308.1,1532,42.5,154,0,0,0,0,0,0,9.900000000000034,Medium,Medium,65110.0,0
M,298.1,308.0,1374,48.8,156,0,0,0,0,0,0,9.899999999999977,Medium,Medium,67051.2,0
H,298.1,308.0,1570,35.3,159,0,0,0,0,0,0,9.899999999999977,Medium,Medium,55420.99999999999,0
L,298.1,308.0,1697,31.0,164,0,0,0,0,0,0,9.899999999999977,Medium,Medium,52607.0,0
L,298.2,308.0,1499,44.1,166,0,0,0,0,0,0,9.800000000000011,Medium,Medium,66105.90000000001,0
M,298.2,308.0,1411,47.2,168,0,0,0,0,0,0,9.800000000000011,Medium,Medium,66599.2,0
H,298.2,307.9,1462,45.5,171,0,0,0,0,0,0,9.699999999999989,High,Medium,66521.0,0
M,298.1,307.9,1759,28.6,176,0,0,0,0,0,0,9.799999999999955,High,Medium,50307.4,0
L,298.2,308.0,1535,38.0,179,0,0,0,0,0,0,9.800000000000011,High,Medium,58330.0,0
H,298.2,307.9,1491,39.7,181,0,0,0,0,0,0,9.699999999999989,High,Medium,59192.700000000004,0
L,298.2,307.9,1551,36.0,186,0,0,0,0,0,0,9.699999999999989,High,Medium,55836.0,0
L,298.2,307.9,1769,27.2,188,0,0,0,0,0,0,9.699999999999989,High,Low,48116.799999999996,0
L,298.2,307.9,1551,34.1,190,0,0,0,0,0,0,9.699999999999989,High,Medium,52889.100000000006,0
L,298.2,307.9,1544,31.4,192,0,0,0,0,0,0,9.699999999999989,High,Medium,48481.6,0
L,298.2,307.8,1528,31.1,194,0,0,0,0,0,0,9.600000000000023,High,Medium,47520.8,0
L,298.1,307.9,1614,35.8,196,0,0,0,0,0,0,9.799999999999955,High,Medium,57781.2,0
L,298.1,307.8,1432,49.8,198,0,0,0,0,0,0,9.699999999999989,High,Medium,71313.59999999999,0
M,298.1,307.8,1384,43.7,200,0,0,0,0,0,0,9.699999999999989,High,Medium,60480.8,1
L,298.1,307.8,1540,37.8,203,0,0,0,0,0,0,9.699999999999989,High,Medium,58211.99999999999,1
L,298.0,307.7,1407,43.9,205,0,0,0,0,0,0,9.699999999999989,High,Medium,61767.299999999996,1
H,297.9,307.6,1418,43.0,207,0,0,0,0,0,0,9.700000000000045,High,Medium,60974.0,1
M,297.9,307.5,1647,30.8,212,0,0,0,0,0,0,9.600000000000023,High,Medium,50727.6,1
L,298.0,307.5,1644,32.8,215,0,0,0,0,0,0,9.5,High,Medium,53923.2,1
L,298.0,307.5,1792,27.9,217,0,0,0,0,0,0,9.5,High,Low,49996.799999999996,1
M,297.9,307.4,1610,34.6,219,0,0,0,0,0,0,9.5,High,Medium,55706.0,1
M,297.8,307.3,1804,26.0,222,0,0,0,0,0,0,9.5,High,Low,46904.0,1
H,297.9,307.4,1604,36.1,225,1,1,0,0,0,0,9.5,High,Medium,57904.4,1
M,297.9,307.4,1403,52.8,0,0,0,0,0,0,0,9.5,Low,High,74078.4,0
L,297.8,307.3,1438,44.5,3,0,0,0,0,0,0,9.5,Low,Medium,63991.0,0
L,297.9,307.3,1824,26.3,5,0,0,0,0,0,0,9.400000000000034,Low,Low,47971.200000000004,0
H,297.9,307.3,1663,28.7,7,0,0,0,0,0,0,9.400000000000034,Low,Medium,47728.1,0
L,297.9,307.3,1502,36.7,12,0,0,0,0,0,0,9.400000000000034,Low,Medium,55123.4,0
L,297.9,307.4,1606,35.5,14,0,0,0,0,0,0,9.5,Low,Medium,57013.0,0
L,297.9,307.5,1561,37.7,16,0,0,0,0,0,0,9.600000000000023,Low,Medium,58849.700000000004,0
M,297.9,307.4,1435,42.9,18,0,0,0,0,0,0,9.5,Low,Medium,61561.5,0
L,297.9,307.5,1602,38.3,21,0,0,0,0,0,0,9.600000000000023,Low,Medium,61356.6,0
M,298.1,307.6,1764,27.7,23,0,0,0,0,0,0,9.5,Low,Low,48862.799999999996,0
H,298.0,307.5,1683,27.8,26,0,0,0,0,0,0,9.5,Low,Low,46787.4,0
L,298.0,307.5,1618,35.2,31,0,0,0,0,0,0,9.5,Low,Medium,56953.600000000006,0
L,298.0,307.6,1509,41.6,33,0,0,0,0,0,0,9.600000000000023,Low,Medium,62774.4,0
L,297.9,307.6,1550,39.0,35,0,0,0,0,0,0,9.700000000000045,Low,Medium,60450.0,0
M,297.9,307.6,1519,44.0,37,0,0,0,0,0,0,9.700000000000045,Low,Medium,66836.0,0
L,297.9,307.6,1481,38.0,40,0,0,0,0,0,0,9.700000000000045,Low,Medium,56278.0,0
L,298.1,307.7,1289,48.3,42,0,0,0,0,0,0,9.599999999999966,Low,Medium,62258.7,0
M,298.0,307.6,1844,23.8,44,0,0,0,0,0,0,9.600000000000023,Low,Low,43887.200000000004,0
L,298.0,307.7,1479,42.5,47,0,0,0,0,0,0,9.699999999999989,Low,Medium,62857.5,0
L,298.0,307.7,1430,47.3,49,0,0,0,0,0,0,9.699999999999989,Low,Medium,67639.0,0
M,298.1,307.8,1636,36.7,51,0,0,0,0,0,0,9.699999999999989,Low,Medium,60041.200000000004,0
M,298.1,307.8,1503,44.7,54,0,0,0,0,0,0,9.699999999999989,Low,Medium,67184.1,0
M,298.1,307.8,1608,32.6,57,0,0,0,0,0,0,9.699999999999989,Low,Medium,52420.8,0
L,298.2,307.8,1521,42.9,60,0,0,0,0,0,0,9.600000000000023,Low,Medium,65250.9,0
L,298.2,307.8,1439,41.6,62,0,0,0,0,0,0,9.600000000000023,Low,Medium,59862.4,0
L,298.2,307.8,1627,31.5,64,0,0,0,0,0,0,9.600000000000023,Low,Medium,51250.5,0
L,298.2,307.8,1749,26.1,66,0,0,0,0,0,0,9.600000000000023,Low,Low,45648.9,0
L,298.2,307.8,1530,35.9,68,0,0,0,0,0,0,9.600000000000023,Low,Medium,54927.0,0
L,298.2,307.8,1355,51.3,70,0,0,0,0,0,0,9.600000000000023,Low,Medium,69511.5,0
L,298.3,307.9,1551,33.8,72,0,0,0,0,0,0,9.599999999999966,Low,Medium,52423.799999999996,0
L,298.2,307.8,1515,46.7,74,0,0,0,0,0,0,9.600000000000023,Low,Medium,70750.5,0
L,298.2,307.8,1388,48.6,76,0,0,0,0,0,0,9.600000000000023,Low,Medium,67456.8,0
L,298.2,307.8,1585,34.6,78,0,0,0,0,0,0,9.600000000000023,Low,Medium,54841.0,0
L,298.1,307.7,1523,37.7,80,0,0,0,0,0,0,9.599999999999966,Low,Medium,57417.100000000006,0
L,298.2,307.6,1369,54.5,82,0,0,0,0,0,0,9.400000000000034,Low,High,74610.5,0
M,298.2,307.7,1681,31.0,84,0,0,0,0,0,0,9.5,Low,Medium,52111.0,0
L,298.2,307.7,1503,38.3,87,0,0,0,0,0,0,9.5,Medium,Medium,57564.899999999994,0
L,298.2,307.7,1459,44.5,89,0,0,0,0,0,0,9.5,Medium,Medium,64925.5,0
L,298.2,307.7,1688,32.4,91,0,0,0,0,0,0,9.5,Medium,Medium,54691.2,0
M,298.2,307.7,1952,21.6,93,0,0,0,0,0,0,9.5,Medium,Low,42163.200000000004,0
L,298.2,307.8,2029,19.9,96,0,0,0,0,0,0,9.600000000000023,Medium,Low,40377.1,0
M,298.3,307.8,1457,52.5,98,0,0,0,0,0,0,9.5,Medium,High,76492.5,0
M,298.3,307.8,1392,50.4,101,0,0,0,0,0,0,9.5,Medium,Medium,70156.8,0
L,298.3,307.8,1906,22.1,104,0,0,0,0,0,0,9.5,Medium,Low,42122.600000000006,0
M,298.3,307.7,1602,33.4,106,0,0,0,0,0,0,9.399999999999977,Medium,Medium,53506.799999999996,0
L,298.3,307.7,1465,49.4,109,0,0,0,0,0,0,9.399999999999977,Medium,Medium,72371.0,0
M,298.3,307.7,1439,43.8,111,0,0,0,0,0,0,9.399999999999977,Medium,Medium,63028.2,0
M,298.3,307.8,1330,55.4,114,0,0,0,0,0,0,9.5,Medium,High,73682.0,0
M,298.3,307.9,1485,42.0,117,0,0,0,0,0,0,9.599999999999966,Medium,Medium,62370.0,0
H,298.4,307.9,1700,28.2,120,0,0,0,0,0,0,9.5,Medium,Medium,47940.0,0
L,298.4,308.0,1515,42.8,125,0,0,0,0,0,0,9.600000000000023,Medium,Medium,64841.99999999999,0
M,298.5,308.1,1501,39.2,127,0,0,0,0,0,0,9.600000000000023,Medium,Medium,58839.200000000004,0
L,298.4,308.0,1380,47.6,130,0,0,0,0,0,0,9.600000000000023,Medium,Medium,65688.0,0
L,298.4,307.9,1544,35.9,132,0,0,0,0,0,0,9.5,Medium,Medium,55429.6,0
L,298.4,307.9,1743,27.3,134,0,0,0,0,0,0,9.5,Medium,Low,47583.9,0
H,298.4,307.9,1948,21.4,136,0,0,0,0,0,0,9.5,Medium,Low,41687.2,0
H,298.5,307.9,1260,54.2,141,0,0,0,0,0,0,9.399999999999977,Medium,High,68292.0,0
M,298.5,307.9,1640,33.1,146,0,0,0,0,0,0,9.399999999999977,Medium,Medium,54284.0,0
M,298.5,308.0,1363,49.2,149,0,0,0,0,0,0,9.5,Medium,Medium,67059.6,0
L,298.5,308.0,1379,49.6,152,0,0,0,0,0,0,9.5,Medium,Medium,68398.40000000001,0
M,298.5,308.0,1713,25.8,154,0,0,0,0,0,0,9.5,Medium,Low,44195.4,0
M,298.5,308.0,1461,51.9,157,0,0,0,0,0,0,9.5,Medium,Medium,75825.9,0
L,298.5,308.0,1624,29.8,160,0,0,0,0,0,0,9.5,Medium,Medium,48395.200000000004,0
L,298.4,308.0,1526,41.1,162,0,0,0,0,0,0,9.600000000000023,Medium,Medium,62718.6,0
L,298.4,307.9,2381,14.2,164,0,0,0,0,0,0,9.5,Medium,Low,33810.2,0
H,298.4,307.7,1626,31.1,166,0,0,0,0,0,1,9.300000000000011,Medium,Medium,50568.600000000006,0
L,298.3,307.7,1576,33.8,171,0,0,0,0,0,0,9.399999999999977,High,Medium,53268.799999999996,0
M,298.4,307.8,1617,31.6,173,0,0,0,0,0,0,9.400000000000034,High,Medium,51097.200000000004,0
L,298.3,307.6,1942,20.6,176,0,0,0,0,0,0,9.300000000000011,High,Low,40005.200000000004,0
L,298.2,307.6,1492,37.2,178,0,0,0,0,0,0,9.400000000000034,High,Medium,55502.4,0
L,298.2,307.5,1470,51.3,180,0,0,0,0,0,0,9.300000000000011,High,Medium,75411.0,0
M,298.0,307.4,1463,46.5,182,0,0,0,0,0,0,9.399999999999977,High,Medium,68029.5,0
L,298.0,307.3,1424,46.5,185,0,0,0,0,0,0,9.300000000000011,High,Medium,66216.0,0
M,298.1,307.4,1363,60.1,187,0,0,0,0,0,0,9.299999999999955,High,High,81916.3,0
M,298.1,307.4,1335,56.2,190,0,0,0,0,0,0,9.299999999999955,High,High,75027.0,0
L,298.1,307.4,1608,33.9,193,0,0,0,0,0,0,9.299999999999955,High,Medium,54511.2,0
H,298.0,307.4,1606,35.2,195,0,0,0,0,0,0,9.399999999999977,High,Medium,56531.200000000004,0
L,298.1,307.5,1684,33.1,200,0,0,0,0,0,0,9.399999999999977,High,Medium,55740.4,1
L,298.1,307.6,1950,20.3,202,0,0,0,0,0,0,9.5,High,Low,39585.0,1
H,298.2,307.6,1460,48.6,204,0,0,0,0,0,0,9.400000000000034,High,Medium,70956.0,1
L,298.2,307.6,1511,31.0,209,1,1,0,0,0,0,9.400000000000034,High,Medium,46841.0,1
H,298.2,307.6,1318,55.7,0,0,0,0,0,0,0,9.400000000000034,Low,High,73412.6,0
L,298.2,307.6,1368,51.8,5,0,0,0,0,0,0,9.400000000000034,Low,Medium,70862.4,0
M,298.3,307.7,1717,27.1,7,0,0,0,0,0,0,9.399999999999977,Low,Low,46530.700000000004,0
M,298.3,307.7,1520,41.4,10,0,0,0,0,0,0,9.399999999999977,Low,Medium,62928.0,0
M,298.3,307.8,1485,42.0,13,0,0,0,0,0,0,9.5,Low,Medium,62370.0,0
L,298.4,307.9,1981,23.2,16,0,0,0,0,0,0,9.5,Low,Low,45959.2,0
H,298.4,307.9,1605,31.0,18,0,0,0,0,0,0,9.5,Low,Medium,49755.0,0
L,298.4,307.9,1446,45.3,23,0,0,0,0,0,0,9.5,Low,Medium,65503.799999999996,0
L,298.4,308.0,1508,47.9,25,0,0,0,0,0,0,9.600000000000023,Low,Medium,72233.2,0
L,298.5,308.0,1384,59.5,27,0,0,0,0,0,0,9.5,Low,High,82348.0,0
M,298.5,308.0,1519,37.3,29,0,0,0,0,0,0,9.5,Low,Medium,56658.7,0
L,298.5,308.0,1404,48.1,32,0,0,0,0,0,0,9.5,Low,Medium,67532.40000000001,0
L,298.5,308.1,1564,31.1,34,0,0,0,0,0,0,9.600000000000023,Low,Medium,48640.4,0
H,298.6,308.2,1555,36.8,36,0,0,0,0,0,0,9.599999999999966,Low,Medium,57223.99999999999,0
L,298.6,308.2,1325,54.0,41,0,0,0,0,0,0,9.599999999999966,Low,High,71550.0,0
M,298.6,308.2,1488,44.0,43,0,0,0,0,0,0,9.599999999999966,Low,Medium,65472.0,0
L,298.5,308.2,1595,32.3,46,0,0,0,0,0,0,9.699999999999989,Low,Medium,51518.49999999999,0
L,298.5,308.1,1662,28.6,48,0,0,0,0,0,0,9.600000000000023,Low,Medium,47533.200000000004,0
L,298.4,308.0,1571,37.4,50,0,0,0,0,0,0,9.600000000000023,Low,Medium,58755.399999999994,0
H,298.3,308.0,1553,41.0,52,0,0,0,0,0,0,9.699999999999989,Low,Medium,63673.0,0
L,298.3,308.0,2886,3.8,57,1,0,0,1,0,0,9.699999999999989,Low,Low,10966.8,0
L,298.2,308.0,1538,38.2,59,0,0,0,0,0,0,9.800000000000011,Low,Medium,58751.600000000006,0
L,298.4,308.2,1618,33.0,61,0,0,0,0,0,0,9.800000000000011,Low,Medium,53394.0,0
L,298.4,308.2,1364,45.9,63,0,0,0,0,0,0,9.800000000000011,Low,Medium,62607.6,0
L,298.3,308.0,1442,47.3,65,0,0,0,0,0,0,9.699999999999989,Low,Medium,68206.59999999999,0
L,298.2,307.9,1313,67.3,67,1,0,0,1,0,0,9.699999999999989,Low,High,88364.9,0
L,298.2,307.9,1847,23.6,69,0,0,0,0,0,0,9.699999999999989,Low,Low,43589.200000000004,0
L,298.1,307.8,1524,40.8,71,0,0,0,0,0,0,9.699999999999989,Low,Medium,62179.2,0
M,298.1,307.7,1445,48.0,73,0,0,0,0,0,0,9.599999999999966,Low,Medium,69360.0,0
L,298.1,307.8,1761,28.2,76,0,0,0,0,0,0,9.699999999999989,Low,Medium,49660.2,0
M,298.1,307.8,1514,43.5,78,0,0,0,0,0,0,9.699999999999989,Low,Medium,65859.0,0
M,298.1,307.7,1498,38.3,81,0,0,0,0,0,0,9.599999999999966,Low,Medium,57373.399999999994,0
H,298.1,307.6,1542,37.1,84,0,0,0,0,0,0,9.5,Low,Medium,57208.200000000004,0
M,298.0,307.6,1508,41.8,89,0,0,0,0,0,0,9.600000000000023,Medium,Medium,63034.399999999994,0
M,298.0,307.5,1431,52.9,92,0,0,0,0,0,0,9.5,Medium,High,75699.9,0
M,298.0,307.5,1427,45.1,95,0,0,0,0,0,0,9.5,Medium,Medium,64357.700000000004,0
M,298.0,307.5,1524,36.3,98,0,0,0,0,0,0,9.5,Medium,Medium,55321.2,0
M,298.0,307.5,1427,43.6,101,0,0,0,0,0,0,9.5,Medium,Medium,62217.200000000004,0
H,298.1,307.6,1496,44.1,104,0,0,0,0,0,0,9.5,Medium,Medium,65973.6,0
L,298.1,307.7,1388,40.3,109,0,0,0,0,0,0,9.599999999999966,Medium,Medium,55936.399999999994,0
L,298.1,307.7,1495,48.1,111,0,0,0,0,0,0,9.599999999999966,Medium,Medium,71909.5,0
H,298.1,307.7,1376,56.2,113,0,0,0,0,0,0,9.599999999999966,Medium,High,77331.2,0
H,298.0,307.6,1593,32.2,118,0,0,0,0,0,0,9.600000000000023,Medium,Medium,51294.600000000006,0
L,298.0,307.6,1654,28.9,123,0,0,0,0,0,0,9.600000000000023,Medium,Medium,47800.6,0
L,298.1,307.7,2567,12.8,125,1,0,0,1,0,0,9.599999999999966,Medium,Low,32857.6,0
L,298.1,307.7,1767,27.0,127,0,0,0,0,0,0,9.599999999999966,Medium,Low,47709.0,0
L,298.1,307.6,1364,53.8,129,0,0,0,0,0,0,9.5,Medium,High,73383.2,0
M,298.1,307.8,1569,31.2,131,0,0,0,0,0,0,9.699999999999989,Medium,Medium,48952.799999999996,0
L,298.2,307.8,1476,36.8,134,0,0,0,0,0,0,9.600000000000023,Medium,Medium,54316.799999999996,0
L,298.1,307.7,1479,45.0,136,0,0,0,0,0,0,9.599999999999966,Medium,Medium,66555.0,0
L,298.1,307.7,1650,34.1,138,0,0,0,0,0,0,9.599999999999966,Medium,Medium,56265.0,0
M,298.1,307.6,1565,36.3,140,0,0,0,0,0,0,9.5,Medium,Medium,56809.49999999999,0
L,298.1,307.6,1460,46.5,143,0,0,0,0,0,0,9.5,Medium,Medium,67890.0,0
L,298.1,307.7,1664,27.6,145,0,0,0,0,0,0,9.599999999999966,Medium,Low,45926.4,0
M,298.1,307.7,1435,40.9,147,0,0,0,0,0,0,9.599999999999966,Medium,Medium,58691.5,0
M,298.1,307.6,2066,19.2,150,0,0,0,0,0,0,9.5,Medium,Low,39667.2,0
L,298.1,307.5,1493,43.7,153,0,0,0,0,0,0,9.399999999999977,Medium,Medium,65244.100000000006,0
L,298.1,307.6,1354,43.3,155,0,0,0,0,0,0,9.5,Medium,Medium,58628.2,0
L,298.1,307.6,1488,39.4,157,0,0,0,0,0,0,9.5,Medium,Medium,58627.2,0
L,298.1,307.7,1414,48.7,159,0,0,0,0,0,0,9.599999999999966,Medium,Medium,68861.8,0
L,298.1,307.5,1391,57.4,161,0,0,0,0,0,0,9.399999999999977,Medium,High,79843.4,0
M,298.0,307.5,1784,27.8,163,0,0,0,0,0,0,9.5,Medium,Low,49595.200000000004,0
H,297.8,307.3,1516,40.1,166,0,0,0,0,0,0,9.5,Medium,Medium,60791.6,0
M,297.9,307.3,1420,47.8,171,0,0,0,0,0,0,9.400000000000034,High,Medium,67876.0,0
L,297.8,307.2,1351,56.3,174,0,0,0,0,0,0,9.399999999999977,High,High,76061.3,0
L,297.8,307.2,1880,23.0,176,0,0,0,0,0,0,9.399999999999977,High,Low,43240.0,0
L,297.8,307.3,1859,24.0,178,0,0,0,0,0,0,9.5,High,Low,44616.0,0
M,297.8,307.3,1315,54.0,180,0,0,0,0,0,0,9.5,High,High,71010.0,0
M,297.8,307.4,1330,51.7,183,0,0,0,0,0,0,9.599999999999966,High,Medium,68761.0,0
L,297.8,307.3,1327,61.0,186,1,0,0,0,1,0,9.5,High,High,80947.0,0
L,297.8,307.2,1498,38.1,188,0,0,0,0,0,0,9.399999999999977,High,Medium,57073.8,0
H,297.8,307.3,1555,35.8,190,0,0,0,0,0,0,9.5,High,Medium,55668.99999999999,0
L,297.7,307.2,1518,35.8,195,0,0,0,0,0,0,9.5,High,Medium,54344.399999999994,0
L,297.7,307.2,1392,43.0,197,0,0,0,0,0,0,9.5,High,Medium,59856.0,0
M,297.8,307.2,1456,39.6,199,0,0,0,0,0,0,9.399999999999977,High,Medium,57657.6,0
L,297.7,307.1,1715,30.2,0,0,0,0,0,0,0,9.400000000000034,Low,Medium,51793.0,0
M,297.7,307.2,1405,43.7,2,0,0,0,0,0,0,9.5,Low,Medium,61398.50000000001,0
L,297.7,307.2,1668,37.8,5,0,0,0,0,0,0,9.5,Low,Medium,63050.399999999994,0
H,297.7,307.1,1855,22.5,7,0,0,0,0,0,0,9.400000000000034,Low,Low,41737.5,0
L,297.6,307.1,1496,39.2,12,0,0,0,0,0,0,9.5,Low,Medium,58643.200000000004,0
M,297.6,307.1,1471,44.9,14,0,0,0,0,0,0,9.5,Low,Medium,66047.9,0
L,297.7,307.2,1444,40.0,17,0,0,0,0,0,0,9.5,Low,Medium,57760.0,0
H,297.7,307.3,1514,38.6,19,0,0,0,0,0,0,9.600000000000023,Low,Medium,58440.4,0
L,297.8,307.3,1412,50.7,24,0,0,0,0,0,0,9.5,Low,Medium,71588.40000000001,0
H,297.7,307.2,1429,44.1,26,0,0,0,0,0,0,9.5,Low,Medium,63018.9,0
L,297.7,307.2,1668,32.7,31,0,0,0,0,0,0,9.5,Low,Medium,54543.600000000006,0
M,297.7,307.2,1372,52.8,33,0,0,0,0,0,0,9.5,Low,High,72441.59999999999,0
M,297.7,307.3,1365,49.2,36,0,0,0,0,0,0,9.600000000000023,Low,Medium,67158.0,0
M,297.6,307.1,1526,39.1,39,0,0,0,0,0,0,9.5,Low,Medium,59666.6,0
L,297.6,307.2,1486,40.6,42,0,0,0,0,0,0,9.599999999999966,Low,Medium,60331.6,0
M,297.6,307.2,1470,42.6,44,0,0,0,0,0,0,9.599999999999966,Low,Medium,62622.0,0
H,297.7,307.3,1249,62.8,47,0,0,0,0,0,0,9.600000000000023,Low,High,78437.2,0
M,297.8,307.4,1752,26.1,52,0,0,0,0,0,0,9.599999999999966,Low,Low,45727.200000000004,0
L,297.7,307.4,1643,36.5,55,0,0,0,0,0,0,9.699999999999989,Low,Medium,59969.5,0
M,297.8,307.4,1488,36.1,57,0,0,0,0,0,0,9.599999999999966,Low,Medium,53716.8,0
L,297.8,307.4,1355,45.8,60,0,0,0,0,0,0,9.599999999999966,Low,Medium,62058.99999999999,0
L,297.8,307.6,1607,30.3,62,0,0,0,0,0,0,9.800000000000011,Low,Medium,48692.1,0
M,297.9,307.6,1609,30.3,64,0,0,0,0,0,0,9.700000000000045,Low,Medium,48752.700000000004,0
L,297.9,307.7,1517,44.4,67,0,0,0,0,0,0,9.800000000000011,Low,Medium,67354.8,0
M,297.9,307.7,1517,39.5,69,0,0,0,0,0,0,9.800000000000011,Low,Medium,59921.5,0
L,297.9,307.7,1546,37.6,72,0,0,0,0,0,0,9.800000000000011,Low,Medium,58129.600000000006,0
L,297.9,307.7,1567,34.7,74,0,0,0,0,0,0,9.800000000000011,Low,Medium,54374.9,0
M,298.1,307.9,1662,28.9,76,0,0,0,0,0,0,9.799999999999955,Low,Medium,48031.799999999996,0
L,298.1,307.9,1502,41.8,79,0,0,0,0,0,0,9.799999999999955,Low,Medium,62783.6,0
L,298.3,308.0,1361,56.9,81,0,0,0,0,0,0,9.699999999999989,Low,High,77440.9,0
M,298.3,308.1,1630,32.7,83,0,0,0,0,0,0,9.800000000000011,Low,Medium,53301.00000000001,0
L,298.3,308.0,1486,42.3,86,0,0,0,0,0,0,9.699999999999989,Medium,Medium,62857.799999999996,0
L,298.3,308.1,1840,21.5,88,0,0,0,0,0,0,9.800000000000011,Medium,Low,39560.0,0
L,298.3,308.1,1326,58.4,90,0,0,0,0,0,0,9.800000000000011,Medium,High,77438.4,0
L,298.4,308.1,1367,57.8,92,0,0,0,0,0,0,9.700000000000045,Medium,High,79012.59999999999,0
L,298.4,308.1,1598,32.7,94,0,0,0,0,0,0,9.700000000000045,Medium,Medium,52254.600000000006,0
L,298.3,308.0,1363,50.1,96,0,0,0,0,0,0,9.699999999999989,Medium,Medium,68286.3,0
L,298.3,308.0,1242,62.0,98,0,0,0,0,0,0,9.699999999999989,Medium,High,77004.0,0
M,298.2,307.8,1566,33.8,100,0,0,0,0,0,0,9.600000000000023,Medium,Medium,52930.799999999996,0
M,298.1,307.7,1424,47.7,103,0,0,0,0,0,0,9.599999999999966,Medium,Medium,67924.8,0
M,298.2,307.7,1608,33.8,106,0,0,0,0,0,0,9.5,Medium,Medium,54350.399999999994,0
L,298.1,307.7,1705,29.1,109,0,0,0,0,0,0,9.599999999999966,Medium,Medium,49615.5,0
L,298.0,307.6,1548,45.8,111,0,0,0,0,0,0,9.600000000000023,Medium,Medium,70898.4,0
M,298.0,307.6,1581,43.4,113,0,0,0,0,0,0,9.600000000000023,Medium,Medium,68615.4,0
M,298.0,307.6,1472,46.7,116,0,0,0,0,0,0,9.600000000000023,Medium,Medium,68742.40000000001,0
M,298.0,307.6,1792,26.0,119,0,0,0,0,0,0,9.600000000000023,Medium,Low,46592.0,0
L,298.0,307.6,1683,32.8,122,0,0,0,0,0,0,9.600000000000023,Medium,Medium,55202.399999999994,0
L,297.9,307.6,1503,40.7,124,0,0,0,0,0,0,9.700000000000045,Medium,Medium,61172.100000000006,0
M,297.9,307.5,1642,32.4,126,0,0,0,0,0,0,9.600000000000023,Medium,Medium,53200.799999999996,0
M,297.8,307.4,1902,24.3,129,0,0,0,0,0,0,9.599999999999966,Medium,Low,46218.6,0
H,297.7,307.4,1432,40.2,132,0,0,0,0,0,0,9.699999999999989,Medium,Medium,57566.4,0
L,297.8,307.4,1512,40.8,137,0,0,0,0,0,0,9.599999999999966,Medium,Medium,61689.6,0
L,297.7,307.4,1764,29.0,139,0,0,0,0,0,0,9.699999999999989,Medium,Medium,51156.0,0
M,297.8,307.4,1438,43.6,141,0,0,0,0,0,0,9.599999999999966,Medium,Medium,62696.8,0
L,297.8,307.5,1631,29.9,144,0,0,0,0,0,0,9.699999999999989,Medium,Medium,48766.899999999994,0
H,297.9,307.5,1880,23.3,146,0,0,0,0,0,0,9.600000000000023,Medium,Low,43804.0,0
L,297.9,307.6,1344,54.3,151,0,0,0,0,0,0,9.700000000000045,Medium,High,72979.2,0
L,297.9,307.5,1574,35.8,153,0,0,0,0,0,0,9.600000000000023,Medium,Medium,56349.2,0
L,297.8,307.4,1418,41.2,155,0,0,0,0,0,0,9.599999999999966,Medium,Medium,58421.600000000006,0
L,297.8,307.5,1372,54.1,157,0,0,0,0,0,0,9.699999999999989,Medium,High,74225.2,0
L,297.8,307.5,1388,40.0,159,0,0,0,0,0,0,9.699999999999989,Medium,Medium,55520.0,0
H,297.9,307.6,1493,36.0,161,0,0,0,0,0,0,9.700000000000045,Medium,Medium,53748.0,0
M,297.9,307.6,1505,40.1,166,0,0,0,0,0,0,9.700000000000045,Medium,Medium,60350.5,0
L,298.0,307.6,1694,29.1,169,0,0,0,0,0,0,9.600000000000023,High,Medium,49295.4,0
L,297.9,307.6,1968,20.4,171,0,0,0,0,0,0,9.700000000000045,High,Low,40147.2,0
M,298.0,307.6,1569,35.6,173,0,0,0,0,0,0,9.600000000000023,High,Medium,55856.4,0
L,297.9,307.6,1687,29.1,176,0,0,0,0,0,0,9.700000000000045,High,Medium,49091.700000000004,0
L,297.9,307.6,1430,52.4,178,0,0,0,0,0,0,9.700000000000045,High,High,74932.0,0
L,297.9,307.6,1504,42.4,180,0,0,0,0,0,0,9.700000000000045,High,Medium,63769.6,0
L,297.9,307.6,1977,20.2,182,0,0,0,0,0,0,9.700000000000045,High,Low,39935.4,0
L,298.0,307.7,1435,45.6,184,0,0,0,0,0,0,9.699999999999989,High,Medium,65436.0,0
H,298.0,307.7,1547,36.8,186,0,0,0,0,0,0,9.699999999999989,High,Medium,56929.6,0
M,298.1,307.8,1316,57.2,191,0,0,0,0,0,0,9.699999999999989,High,High,75275.2,0
M,298.0,307.7,1621,34.9,194,0,0,0,0,0,0,9.699999999999989,High,Medium,56572.899999999994,0
M,298.0,307.8,1492,40.2,197,0,0,0,0,0,0,9.800000000000011,High,Medium,59978.4,0
L,298.0,307.7,1643,32.3,200,0,0,0,0,0,0,9.699999999999989,High,Medium,53068.899999999994,1
L,298.0,307.7,1492,38.7,202,0,0,0,0,0,0,9.699999999999989,High,Medium,57740.4,1
L,298.0,307.7,1387,50.8,204,0,0,0,0,0,0,9.699999999999989,High,Medium,70459.59999999999,1
M,298.1,307.9,1463,47.3,206,0,0,0,0,0,0,9.799999999999955,High,Medium,69199.9,1
M,298.1,307.9,1496,40.0,0,0,0,0,0,0,0,9.799999999999955,Low,Medium,59840.0,0
L,298.2,308.0,1658,30.0,3,0,0,0,0,0,0,9.800000000000011,Low,Medium,49740.0,0
L,298.1,307.9,2161,17.5,5,0,0,0,0,0,0,9.799999999999955,Low,Low,37817.5,0
L,298.1,307.9,1665,32.0,7,0,0,0,0,0,0,9.799999999999955,Low,Medium,53280.0,0
L,298.0,307.8,1716,26.6,9,0,0,0,0,0,0,9.800000000000011,Low,Low,45645.600000000006,0
L,298.0,307.7,1529,34.1,11,0,0,0,0,0,0,9.699999999999989,Low,Medium,52138.9,0
L,297.9,307.7,1353,50.7,13,0,0,0,0,0,0,9.800000000000011,Low,Medium,68597.1,0
L,297.9,307.7,1537,37.7,15,0,0,0,0,0,0,9.800000000000011,Low,Medium,57944.9,0
L,298.0,307.7,1606,30.8,17,0,0,0,0,0,0,9.699999999999989,Low,Medium,49464.8,0
H,298.0,307.8,1314,47.8,19,0,0,0,0,0,0,9.800000000000011,Low,Medium,62809.2,0
L,298.0,307.8,1623,29.9,24,0,0,0,0,0,0,9.800000000000011,Low,Medium,48527.7,0
M,298.0,307.8,1483,50.9,26,0,0,0,0,0,0,9.800000000000011,Low,Medium,75484.7,0
M,298.1,307.9,1569,37.0,29,0,0,0,0,0,0,9.799999999999955,Low,Medium,58053.0,0
M,298.2,308.0,1969,21.7,32,0,0,0,0,0,0,9.800000000000011,Low,Low,42727.299999999996,0
M,298.1,308.0,1686,29.3,35,0,0,0,0,0,0,9.899999999999977,Low,Medium,49399.8,0
L,298.1,308.0,1638,35.1,38,0,0,0,0,0,0,9.899999999999977,Low,Medium,57493.8,0
L,298.1,307.9,1698,33.3,40,0,0,0,0,0,0,9.799999999999955,Low,Medium,56543.399999999994,0
M,298.1,307.9,1377,55.1,42,0,0,0,0,0,0,9.799999999999955,Low,High,75872.7,0
M,298.1,308.0,2129,18.4,45,0,0,0,0,0,0,9.899999999999977,Low,Low,39173.6,0
L,298.2,308.0,1411,42.4,48,0,0,0,0,0,0,9.800000000000011,Low,Medium,59826.4,0
L,298.1,307.9,1517,40.8,50,0,0,0,0,0,0,9.799999999999955,Low,Medium,61893.6,0
M,298.1,307.9,1303,53.9,52,0,0,0,0,0,0,9.799999999999955,Low,High,70231.7,0
L,298.1,307.9,1578,35.6,55,0,0,0,0,0,0,9.799999999999955,Low,Medium,56176.8,0
L,298.1,307.9,1425,58.2,57,0,0,0,0,0,0,9.799999999999955,Low,High,82935.0,0
L,298.1,308.0,1456,42.4,59,0,0,0,0,0,0,9.899999999999977,Low,Medium,61734.4,0
L,298.1,308.0,1704,30.9,61,0,0,0,0,0,0,9.899999999999977,Low,Medium,52653.6,0
L,298.1,308.1,1791,27.3,63,0,0,0,0,0,0,10.0,Low,Low,48894.3,0
L,298.1,308.1,1616,32.8,65,0,0,0,0,0,0,10.0,Low,Medium,53004.799999999996,0
L,298.2,308.1,1622,34.9,67,0,0,0,0,0,0,9.900000000000034,Low,Medium,56607.799999999996,0
L,298.2,308.1,1462,49.9,69,0,0,0,0,0,0,9.900000000000034,Low,Medium,72953.8,0
L,298.1,308.1,1410,45.8,71,0,0,0,0,0,0,10.0,Low,Medium,64577.99999999999,0
M,298.1,308.0,1543,41.9,73,0,0,0,0,0,0,9.899999999999977,Low,Medium,64651.7,0
M,298.0,307.9,1479,47.6,76,0,0,0,0,0,0,9.899999999999977,Low,Medium,70400.40000000001,0
L,298.0,307.8,1839,22.7,79,0,0,0,0,0,0,9.800000000000011,Low,Low,41745.299999999996,0
L,298.0,307.8,1266,60.5,81,0,0,0,0,0,0,9.800000000000011,Low,High,76593.0,0
L,297.9,307.7,1593,34.9,83,0,0,0,0,0,0,9.800000000000011,Low,Medium,55595.7,0
L,297.9,307.8,1459,46.9,85,0,0,0,0,0,0,9.900000000000034,Medium,Medium,68427.09999999999,0
L,297.9,307.7,1308,55.2,87,0,0,0,0,0,0,9.800000000000011,Medium,High,72201.6,0
M,297.9,307.7,1364,46.8,89,0,0,0,0,0,0,9.800000000000011,Medium,Medium,63835.2,0
H,297.9,307.7,1618,35.9,92,0,0,0,0,0,0,9.800000000000011,Medium,Medium,58086.2,0
H,297.9,307.7,1464,43.2,97,0,0,0,0,0,0,9.800000000000011,Medium,Medium,63244.8,0
M,297.8,307.6,1352,49.4,102,0,0,0,0,0,0,9.800000000000011,Medium,Medium,66788.8,0
L,297.8,307.6,1446,51.4,105,0,0,0,0,0,0,9.800000000000011,Medium,Medium,74324.4,0
L,297.8,307.5,1448,51.2,107,0,0,0,0,0,0,9.699999999999989,Medium,Medium,74137.6,0
L,297.8,307.5,1391,48.6,109,0,0,0,0,0,0,9.699999999999989,Medium,Medium,67602.6,0
L,297.7,307.5,1379,43.3,111,0,0,0,0,0,0,9.800000000000011,Medium,Medium,59710.7,0
M,297.8,307.5,1405,46.9,113,0,0,0,0,0,0,9.699999999999989,Medium,Medium,65894.5,0
L,297.8,307.5,1581,33.1,116,0,0,0,0,0,0,9.699999999999989,Medium,Medium,52331.100000000006,0
L,297.9,307.6,1515,40.5,118,0,0,0,0,0,0,9.700000000000045,Medium,Medium,61357.5,0
L,297.9,307.6,1589,37.8,120,0,0,0,0,0,0,9.700000000000045,Medium,Medium,60064.2,0
L,298.0,307.6,1281,50.8,122,0,0,0,0,0,0,9.600000000000023,Medium,Medium,65074.799999999996,0
H,297.8,307.5,1631,31.3,124,0,0,0,0,0,0,9.699999999999989,Medium,Medium,51050.3,0
M,297.9,307.6,1202,67.0,129,0,0,0,0,0,0,9.700000000000045,Medium,High,80534.0,0
L,297.9,307.6,1298,52.7,132,0,0,0,0,0,0,9.700000000000045,Medium,High,68404.6,0
L,297.9,307.6,1612,30.7,134,0,0,0,0,0,0,9.700000000000045,Medium,Medium,49488.4,0
L,297.9,307.6,1747,25.3,136,0,0,0,0,0,0,9.700000000000045,Medium,Low,44199.1,0
L,298.0,307.6,1450,48.7,138,0,0,0,0,0,0,9.600000000000023,Medium,Medium,70615.0,0
L,298.0,307.7,1422,45.6,140,0,0,0,0,0,0,9.699999999999989,Medium,Medium,64843.200000000004,0
M,298.1,307.7,1419,47.4,142,0,0,0,0,0,0,9.599999999999966,Medium,Medium,67260.59999999999,0
M,298.1,307.7,1633,30.7,145,0,0,0,0,0,0,9.599999999999966,Medium,Medium,50133.1,0
L,298.0,307.7,1442,43.6,148,0,0,0,0,0,0,9.699999999999989,Medium,Medium,62871.200000000004,0
H,298.0,307.6,1420,45.8,150,0,0,0,0,0,0,9.600000000000023,Medium,Medium,65035.99999999999,0
M,298.0,307.6,1301,58.5,155,0,0,0,0,0,0,9.600000000000023,Medium,High,76108.5,0
L,298.0,307.6,1385,45.0,158,0,0,0,0,0,0,9.600000000000023,Medium,Medium,62325.0,0
M,298.0,307.7,1487,41.3,160,0,0,0,0,0,0,9.699999999999989,Medium,Medium,61413.1,0
M,298.0,307.6,1459,44.4,163,0,0,0,0,0,0,9.600000000000023,Medium,Medium,64779.6,0
M,298.0,307.5,1387,45.5,166,0,0,0,0,0,0,9.5,Medium,Medium,63108.5,0
L,298.1,307.7,1537,40.8,169,0,0,0,0,0,0,9.599999999999966,High,Medium,62709.6,0
L,298.1,307.6,1498,42.9,171,0,0,0,0,0,0,9.5,High,Medium,64264.2,0
M,298.2,307.8,1599,31.2,173,0,0,0,0,0,0,9.600000000000023,High,Medium,49888.799999999996,0
H,298.3,307.9,1420,39.2,176,0,0,0,0,0,0,9.599999999999966,High,Medium,55664.00000000001,0
L,298.2,307.9,1785,23.4,181,0,0,0,0,0,0,9.699999999999989,High,Low,41769.0,0
L,298.2,307.8,1423,48.1,183,0,0,0,0,0,0,9.600000000000023,High,Medium,68446.3,0
M,298.2,307.8,1583,36.6,185,0,0,0,0,0,0,9.600000000000023,High,Medium,57937.8,0
L,298.2,307.8,1375,46.6,188,0,0,0,0,0,0,9.600000000000023,High,Medium,64075.0,0
M,298.3,308.0,1463,42.5,190,0,0,0,0,0,0,9.699999999999989,High,Medium,62177.5,0
M,298.2,307.9,1403,45.1,193,0,0,0,0,0,0,9.699999999999989,High,Medium,63275.3,0
L,298.3,308.0,1451,47.1,196,0,0,0,0,0,0,9.699999999999989,High,Medium,68342.1,0
M,298.4,308.0,1416,38.2,198,1,1,0,0,0,0,9.600000000000023,High,Medium,54091.200000000004,0
L,298.3,308.1,1672,41.3,0,0,0,0,0,0,0,9.800000000000011,Low,Medium,69053.59999999999,0
H,298.3,308.0,1637,30.8,2,0,0,0,0,0,0,9.699999999999989,Low,Medium,50419.6,0
L,298.4,308.0,1540,37.8,7,0,0,0,0,0,0,9.600000000000023,Low,Medium,58211.99999999999,0
L,298.4,308.1,1279,53.1,9,0,0,0,0,0,0,9.700000000000045,Low,High,67914.90000000001,0
L,298.4,308.2,1604,34.9,11,0,0,0,0,0,0,9.800000000000011,Low,Medium,55979.6,0
L,298.5,308.2,1654,27.1,13,0,0,0,0,0,0,9.699999999999989,Low,Low,44823.4,0
M,298.5,308.2,1564,37.5,15,0,0,0,0,0,0,9.699999999999989,Low,Medium,58650.0,0
L,298.5,308.2,1451,47.5,18,0,0,0,0,0,0,9.699999999999989,Low,Medium,68922.5,0
L,298.5,308.3,1504,38.0,20,0,0,0,0,0,0,9.800000000000011,Low,Medium,57152.0,0
M,298.5,308.3,1381,50.5,22,0,0,0,0,0,0,9.800000000000011,Low,Medium,69740.5,0
L,298.6,308.4,1562,34.4,25,0,0,0,0,0,0,9.799999999999955,Low,Medium,53732.799999999996,0
L,298.5,308.3,1811,24.7,27,0,0,0,0,0,0,9.800000000000011,Low,Low,44731.7,0
M,298.6,308.3,1717,28.7,29,0,0,0,0,0,0,9.699999999999989,Low,Medium,49277.9,0
L,298.6,308.3,1278,60.5,32,0,0,0,0,0,0,9.699999999999989,Low,High,77319.0,0
L,298.7,308.5,1616,30.2,34,0,0,0,0,0,0,9.800000000000011,Low,Medium,48803.2,0
L,298.6,308.4,1397,46.4,36,0,0,0,0,0,0,9.799999999999955,Low,Medium,64820.799999999996,0
L,298.6,308.4,1485,42.9,38,0,0,0,0,0,0,9.799999999999955,Low,Medium,63706.5,0
L,298.6,308.4,1310,59.7,40,0,0,0,0,0,0,9.799999999999955,Low,High,78207.0,0
L,298.5,308.2,1301,66.3,42,1,0,0,1,0,0,9.699999999999989,Low,High,86256.3,0
L,298.5,308.3,1458,44.0,44,0,0,0,0,0,0,9.800000000000011,Low,Medium,64152.0,0
L,298.7,308.5,1483,42.5,46,0,0,0,0,0,0,9.800000000000011,Low,Medium,63027.5,0
L,298.7,308.5,1375,46.4,48,0,0,0,0,0,0,9.800000000000011,Low,Medium,63800.0,0
M,298.7,308.5,1660,27.0,50,0,0,0,0,0,0,9.800000000000011,Low,Low,44820.0,0
H,298.7,308.4,1560,33.3,53,0,0,0,0,0,0,9.699999999999989,Low,Medium,51947.99999999999,0
L,298.7,308.5,1480,42.2,58,0,0,0,0,0,0,9.800000000000011,Low,Medium,62456.00000000001,0
L,298.7,308.4,1373,46.9,60,0,0,0,0,0,0,9.699999999999989,Low,Medium,64393.7,0
L,298.7,308.5,1444,54.2,62,0,0,0,0,0,0,9.800000000000011,Low,High,78264.8,0
M,298.7,308.6,1722,24.7,64,0,0,0,0,0,0,9.900000000000034,Low,Low,42533.4,0
L,298.7,308.5,1469,39.9,67,0,0,0,0,0,0,9.800000000000011,Low,Medium,58613.1,0
M,298.7,308.5,1360,52.9,69,0,0,0,0,0,0,9.800000000000011,Low,High,71944.0,0
L,298.7,308.4,1750,25.8,72,0,0,0,0,0,0,9.699999999999989,Low,Low,45150.0,0
M,298.7,308.3,1349,46.6,74,0,0,0,0,0,0,9.600000000000023,Low,Medium,62863.4,0
L,298.7,308.5,1668,35.2,77,0,0,0,0,0,0,9.800000000000011,Low,Medium,58713.600000000006,0
L,298.9,308.6,1400,49.5,79,0,0,0,0,0,0,9.700000000000045,Low,Medium,69300.0,0
L,298.8,308.6,1331,62.8,81,0,0,0,0,0,0,9.800000000000011,Low,High,83586.8,0
L,298.8,308.5,1444,42.2,83,0,0,0,0,0,0,9.699999999999989,Low,Medium,60936.8,0
H,298.8,308.5,1359,47.6,85,0,0,0,0,0,0,9.699999999999989,Medium,Medium,64688.4,0
M,298.8,308.5,1425,47.4,90,0,0,0,0,0,0,9.699999999999989,Medium,Medium,67545.0,0
M,298.9,308.6,1469,34.2,93,0,0,0,0,0,0,9.700000000000045,Medium,Medium,50239.8,0
L,299.0,308.7,1892,22.8,96,0,0,0,0,0,0,9.699999999999989,Medium,Low,43137.6,0
H,299.0,308.7,1940,19.9,98,0,0,0,0,0,0,9.699999999999989,Medium,Low,38606.0,0
L,299.0,308.8,1405,55.2,103,0,0,0,0,0,0,9.800000000000011,Medium,High,77556.0,0
M,299.0,308.9,1449,39.6,105,0,0,0,0,0,0,9.899999999999977,Medium,Medium,57380.4,0
L,299.1,308.9,1686,29.6,108,0,0,0,0,0,0,9.799999999999955,Medium,Medium,49905.600000000006,0
L,299.1,308.9,1680,27.2,110,0,0,0,0,0,0,9.799999999999955,Medium,Low,45696.0,0
M,299.1,308.9,1397,52.4,112,0,0,0,0,0,0,9.799999999999955,Medium,High,73202.8,0
M,299.2,309.0,1597,30.3,115,0,0,0,0,0,0,9.800000000000011,Medium,Medium,48389.1,0
L,299.3,309.1,1470,41.1,118,0,0,0,0,0,0,9.800000000000011,Medium,Medium,60417.0,0
M,299.3,309.1,1703,31.3,120,0,0,0,0,0,0,9.800000000000011,Medium,Medium,53303.9,0
L,299.3,309.1,1388,45.5,123,0,0,0,0,0,0,9.800000000000011,Medium,Medium,63154.0,0
L,299.3,309.2,1775,24.2,125,0,0,0,0,0,0,9.899999999999977,Medium,Low,42955.0,0
L,299.3,309.2,1465,41.5,127,0,0,0,0,0,0,9.899999999999977,Medium,Medium,60797.5,0
M,299.3,309.2,1586,37.9,129,0,0,0,0,0,0,9.899999999999977,Medium,Medium,60109.399999999994,0
M,299.5,309.3,1675,29.2,132,0,0,0,0,0,0,9.800000000000011,Medium,Medium,48910.0,0
M,299.4,309.2,1470,44.4,135,0,0,0,0,0,0,9.800000000000011,Medium,Medium,65268.0,0
L,299.5,309.3,1477,40.4,138,0,0,0,0,0,0,9.800000000000011,Medium,Medium,59670.799999999996,0
L,299.5,309.3,1382,61.0,140,0,0,0,0,0,0,9.800000000000011,Medium,High,84302.0,0
M,299.6,309.4,1605,29.8,142,0,0,0,0,0,0,9.799999999999955,Medium,Medium,47829.0,0
L,299.6,309.4,1643,32.9,145,0,0,0,0,0,0,9.799999999999955,Medium,Medium,54054.7,0
L,299.5,309.3,1333,54.1,147,0,0,0,0,0,0,9.800000000000011,Medium,High,72115.3,0
L,299.5,309.3,1520,42.3,149,0,0,0,0,0,0,9.800000000000011,Medium,Medium,64295.99999999999,0
M,299.5,309.3,1902,24.0,151,0,0,0,0,0,0,9.800000000000011,Medium,Low,45648.0,0
H,299.5,309.4,1386,44.4,154,0,0,0,0,0,0,9.899999999999977,Medium,Medium,61538.4,0
L,299.6,309.5,1803,27.7,159,0,0,0,0,0,0,9.899999999999977,Medium,Low,49943.1,0
L,299.7,309.6,1359,50.7,161,0,0,0,0,0,0,9.900000000000034,Medium,Medium,68901.3,0
M,299.7,309.6,1477,42.7,163,0,0,0,0,0,0,9.900000000000034,Medium,Medium,63067.9,0
L,299.7,309.6,1321,53.4,166,0,0,0,0,0,0,9.900000000000034,Medium,High,70541.4,0
L,299.6,309.5,1453,41.4,168,0,0,0,0,0,0,9.899999999999977,Medium,Medium,60154.2,0
L,299.7,309.6,1419,45.1,170,0,0,0,0,0,0,9.900000000000034,High,Medium,63996.9,0
L,299.7,309.6,1512,36.2,172,0,0,0,0,0,0,9.900000000000034,High,Medium,54734.4,0
L,299.7,309.6,1553,36.8,174,0,0,0,0,0,0,9.900000000000034,High,Medium,57150.399999999994,0
M,299.7,309.6,1534,39.1,176,0,0,0,0,0,0,9.900000000000034,High,Medium,59979.4,0
H,299.7,309.6,1553,41.0,179,0,0,0,0,0,0,9.900000000000034,High,Medium,63673.0,0
L,299.7,309.5,1352,49.7,184,0,0,0,0,0,0,9.800000000000011,High,Medium,67194.40000000001,0
M,299.7,309.6,1313,60.0,186,0,0,0,0,0,0,9.900000000000034,High,High,78780.0,0
L,299.6,309.5,1570,35.5,189,0,0,0,0,0,1,9.899999999999977,High,Medium,55735.0,0
L,299.6,309.4,1677,31.1,191,0,0,0,0,0,0,9.799999999999955,High,Medium,52154.700000000004,0
L,299.5,309.4,1602,31.5,193,0,0,0,0,0,0,9.899999999999977,High,Medium,50463.0,0
L,299.5,309.4,1390,58.8,195,1,0,0,0,1,0,9.899999999999977,High,High,81732.0,0
L,299.4,309.3,1544,36.0,197,0,0,0,0,0,0,9.900000000000034,High,Medium,55584.0,0
L,299.4,309.4,1701,31.2,199,0,0,0,0,0,0,10.0,High,Medium,53071.2,0
M,299.4,309.3,1692,28.4,201,0,0,0,0,0,0,9.900000000000034,High,Medium,48052.799999999996,1
M,299.3,309.3,1523,37.9,204,0,0,0,0,0,0,10.0,High,Medium,57721.7,1
L,299.3,309.2,2280,15.4,207,0,0,0,0,0,0,9.899999999999977,High,Low,35112.0,1
M,299.4,309.3,1485,47.1,209,0,0,0,0,0,0,9.900000000000034,High,Medium,69943.5,1
H,299.4,309.2,1513,36.1,212,0,0,0,0,0,0,9.800000000000011,High,Medium,54619.3,1
H,299.4,309.3,1743,28.2,0,0,0,0,0,0,0,9.900000000000034,Low,Medium,49152.6,0
L,299.5,309.3,1442,46.2,5,0,0,0,0,0,0,9.800000000000011,Low,Medium,66620.40000000001,0
L,299.5,309.3,1462,46.7,7,0,0,0,0,0,0,9.800000000000011,Low,Medium,68275.40000000001,0
H,299.4,309.3,1439,49.7,9,0,0,0,0,0,0,9.900000000000034,Low,Medium,71518.3,0
L,299.5,309.3,1577,36.6,14,0,0,0,0,0,0,9.800000000000011,Low,Medium,57718.200000000004,0
L,299.6,309.4,1331,46.4,16,0,0,0,0,0,0,9.799999999999955,Low,Medium,61758.4,0
L,299.5,309.3,1941,22.5,18,0,0,0,0,0,0,9.800000000000011,Low,Low,43672.5,0
L,299.5,309.2,1393,47.3,20,0,0,0,0,0,0,9.699999999999989,Low,Medium,65888.9,0
L,299.4,309.2,1433,42.1,22,0,0,0,0,0,0,9.800000000000011,Low,Medium,60329.3,0
L,299.4,309.2,1444,48.2,24,0,0,0,0,0,0,9.800000000000011,Low,Medium,69600.8,0
L,299.4,309.2,1564,39.0,26,0,0,0,0,0,0,9.800000000000011,Low,Medium,60996.0,0
L,299.4,309.3,1377,43.6,28,0,0,0,0,0,0,9.900000000000034,Low,Medium,60037.200000000004,0
L,299.4,309.3,1525,41.5,30,0,0,0,0,0,0,9.900000000000034,Low,Medium,63287.5,0
M,299.5,309.4,1387,56.2,32,0,0,0,0,0,0,9.899999999999977,Low,High,77949.40000000001,0
M,299.4,309.4,1326,47.5,35,0,0,0,0,0,0,10.0,Low,Medium,62985.0,0
L,299.4,309.3,1401,59.0,38,0,0,0,0,0,0,9.900000000000034,Low,High,82659.0,0
L,299.4,309.3,1596,31.8,40,0,0,0,0,0,0,9.900000000000034,Low,Medium,50752.8,0
M,299.3,309.3,1471,46.0,42,0,0,0,0,0,0,10.0,Low,Medium,67666.0,0
L,299.3,309.3,1528,37.8,45,0,0,0,0,0,0,10.0,Low,Medium,57758.399999999994,0
L,299.3,309.3,1325,62.0,47,0,0,0,0,0,0,10.0,Low,High,82150.0,0
M,299.3,309.1,1376,46.7,49,0,0,0,0,0,0,9.800000000000011,Low,Medium,64259.200000000004,0
M,299.3,309.1,1600,35.3,52,0,0,0,0,0,0,9.800000000000011,Low,Medium,56479.99999999999,0
L,299.3,309.1,1495,44.0,55,0,0,0,0,0,0,9.800000000000011,Low,Medium,65780.0,0
L,299.4,309.1,1645,28.6,57,0,0,0,0,0,0,9.700000000000045,Low,Medium,47047.0,0
M,299.4,309.1,1417,47.3,59,0,0,0,0,0,0,9.700000000000045,Low,Medium,67024.09999999999,0
H,299.4,309.0,1415,51.7,62,0,0,0,0,0,0,9.600000000000023,Low,Medium,73155.5,0
M,299.3,309.0,1496,43.4,67,0,0,0,0,0,0,9.699999999999989,Low,Medium,64926.4,0
H,299.3,309.0,1508,35.0,70,0,0,0,0,0,0,9.699999999999989,Low,Medium,52780.0,0
L,299.4,309.0,1436,47.9,75,0,0,0,0,0,0,9.600000000000023,Low,Medium,68784.4,0
L,299.5,309.1,1852,22.6,77,0,0,0,0,0,0,9.600000000000023,Low,Low,41855.200000000004,0
L,299.5,309.1,1863,22.5,79,0,0,0,0,0,0,9.600000000000023,Low,Low,41917.5,0
H,299.4,309.1,1373,44.1,81,0,0,0,0,0,0,9.700000000000045,Low,Medium,60549.3,0
L,299.4,309.0,1404,47.3,86,0,0,0,0,0,0,9.600000000000023,Medium,Medium,66409.2,0
M,299.4,309.0,1381,44.9,88,0,0,0,0,0,0,9.600000000000023,Medium,Medium,62006.9,0
H,299.4,308.9,1762,29.3,91,0,0,0,0,0,0,9.5,Medium,Medium,51626.6,0
H,299.3,308.9,1429,43.0,96,0,0,0,0,0,0,9.599999999999966,Medium,Medium,61447.0,0
M,299.3,308.9,1858,24.7,101,0,0,0,0,0,0,9.599999999999966,Medium,Low,45892.6,0
H,299.2,308.8,1908,21.3,104,0,0,0,0,0,0,9.600000000000023,Medium,Low,40640.4,0
M,299.2,308.8,1503,37.4,109,0,0,0,0,0,0,9.600000000000023,Medium,Medium,56212.2,0
M,299.2,308.8,1523,38.9,112,0,0,0,0,0,0,9.600000000000023,Medium,Medium,59244.7,0
L,299.3,309.0,1491,38.4,115,0,0,0,0,0,0,9.699999999999989,Medium,Medium,57254.4,0
L,299.2,308.9,1430,39.1,117,0,0,0,0,0,0,9.699999999999989,Medium,Medium,55913.0,0
L,299.3,308.9,1258,69.4,119,1,0,0,1,0,0,9.599999999999966,Medium,High,87305.20000000001,0
L,299.3,309.0,1449,46.5,121,0,0,0,0,0,0,9.699999999999989,Medium,Medium,67378.5,0
H,299.3,309.0,1425,40.6,123,0,0,0,0,0,0,9.699999999999989,Medium,Medium,57855.0,0
L,299.4,309.0,1800,24.3,128,0,0,0,0,0,0,9.600000000000023,Medium,Low,43740.0,0
H,299.4,309.0,1607,33.7,130,0,0,0,0,0,0,9.600000000000023,Medium,Medium,54155.9,0
L,299.4,309.0,1391,58.2,135,0,0,0,0,0,0,9.600000000000023,Medium,High,80956.2,0
L,299.4,309.1,1432,45.4,137,0,0,0,0,0,0,9.700000000000045,Medium,Medium,65012.799999999996,0
L,299.4,309.0,1660,28.4,139,0,0,0,0,0,0,9.600000000000023,Medium,Medium,47144.0,0
H,299.3,309.0,1732,29.7,141,0,0,0,0,0,0,9.699999999999989,Medium,Medium,51440.4,0
L,299.3,309.0,1473,46.3,146,0,0,0,0,0,0,9.699999999999989,Medium,Medium,68199.9,0
L,299.3,309.0,1511,47.8,148,0,0,0,0,0,0,9.699999999999989,Medium,Medium,72225.8,0
L,299.2,308.9,1588,41.5,150,0,0,0,0,0,0,9.699999999999989,Medium,Medium,65902.0,0
L,299.3,308.9,1623,31.1,152,0,0,0,0,0,0,9.599999999999966,Medium,Medium,50475.3,0
L,299.3,309.0,1734,30.6,154,0,0,0,0,0,0,9.699999999999989,Medium,Medium,53060.4,0
L,299.3,309.0,1415,47.6,156,0,0,0,0,0,0,9.699999999999989,Medium,Medium,67354.0,0
L,299.3,309.0,1419,46.6,158,0,0,0,0,0,0,9.699999999999989,Medium,Medium,66125.40000000001,0
M,299.3,308.9,1577,34.9,160,0,0,0,0,0,0,9.599999999999966,Medium,Medium,55037.299999999996,0
L,299.3,308.9,1376,60.3,163,0,0,0,0,0,0,9.599999999999966,Medium,High,82972.8,0
M,299.3,308.8,1442,49.0,165,0,0,0,0,0,0,9.5,Medium,Medium,70658.0,0
L,299.4,308.9,1451,40.5,168,0,0,0,0,0,0,9.5,Medium,Medium,58765.5,0
L,299.3,308.8,1550,45.8,170,0,0,0,0,0,0,9.5,High,Medium,70990.0,0
L,299.3,308.8,1647,32.9,172,0,0,0,0,0,0,9.5,High,Medium,54186.299999999996,0
L,299.4,308.9,1550,33.7,174,0,0,0,0,0,0,9.5,High,Medium,52235.00000000001,0
L,299.4,308.9,1583,34.1,176,0,0,0,0,0,0,9.5,High,Medium,53980.3,0
L,299.4,309.0,1613,32.2,178,0,0,0,0,0,0,9.600000000000023,High,Medium,51938.600000000006,0
H,299.3,308.8,1636,35.5,180,0,0,0,0,0,0,9.5,High,Medium,58078.0,0
M,299.3,308.7,1289,51.5,185,0,0,0,0,0,0,9.399999999999977,High,Medium,66383.5,0
M,299.3,308.8,1648,28.4,188,0,0,0,0,0,0,9.5,High,Medium,46803.2,0
H,299.3,308.8,1397,45.4,191,0,0,0,0,0,0,9.5,High,Medium,63423.799999999996,0
M,299.3,308.9,1767,24.8,196,0,0,0,0,0,0,9.599999999999966,High,Low,43821.6,0
L,299.3,308.8,1341,47.7,199,0,0,0,0,0,0,9.5,High,Medium,63965.700000000004,0
M,299.4,308.9,1457,41.5,201,0,0,0,0,0,0,9.5,High,Medium,60465.5,1
M,299.4,309.0,1939,19.8,204,0,0,0,0,0,0,9.600000000000023,High,Low,38392.200000000004,1
M,299.5,309.0,1399,49.7,207,0,0,0,0,0,0,9.5,High,Medium,69530.3,1
M,299.5,309.0,1602,31.3,210,0,0,0,0,0,0,9.5,High,Medium,50142.6,1
L,299.4,309.0,1507,41.0,213,0,0,0,0,0,0,9.600000000000023,High,Medium,61787.0,1
L,299.4,309.1,1464,40.5,215,0,0,0,0,0,0,9.700000000000045,High,Medium,59292.0,1
L,299.5,309.1,1336,42.1,217,0,0,0,0,0,0,9.600000000000023,High,Medium,56245.6,1
L,299.6,309.2,1422,39.8,219,0,0,0,0,0,0,9.599999999999966,High,Medium,56595.6,1
L,299.6,309.2,1540,36.7,221,0,0,0,0,0,0,9.599999999999966,High,Medium,56518.00000000001,1
L,299.5,309.1,1476,47.8,223,0,0,0,0,0,0,9.600000000000023,High,Medium,70552.8,1
M,299.6,309.2,1867,23.4,225,1,1,0,0,0,0,9.599999999999966,High,Low,43687.799999999996,1
H,299.6,309.1,1588,41.3,0,0,0,0,0,0,0,9.5,Low,Medium,65584.4,0
M,299.5,309.1,1420,49.5,5,0,0,0,0,0,0,9.600000000000023,Low,Medium,70290.0,0
L,299.5,309.1,1415,49.2,8,0,0,0,0,0,0,9.600000000000023,Low,Medium,69618.0,0
M,299.4,309.1,1500,43.3,10,0,0,0,0,0,0,9.700000000000045,Low,Medium,64949.99999999999,0
L,299.5,309.1,1502,44.6,13,0,0,0,0,0,0,9.600000000000023,Low,Medium,66989.2,0
L,299.5,309.2,1816,23.0,15,0,0,0,0,0,0,9.699999999999989,Low,Low,41768.0,0
M,299.5,309.2,1495,41.6,17,0,0,0,0,0,0,9.699999999999989,Low,Medium,62192.0,0
L,299.6,309.2,1572,33.4,20,0,0,0,0,0,0,9.599999999999966,Low,Medium,52504.799999999996,0
M,299.5,309.2,1590,35.9,22,0,0,0,0,0,0,9.699999999999989,Low,Medium,57081.0,0
M,299.6,309.3,1387,48.3,25,0,0,0,0,0,0,9.699999999999989,Low,Medium,66992.09999999999,0
M,299.6,309.2,1393,47.7,28,0,0,0,0,0,0,9.599999999999966,Low,Medium,66446.1,0
L,299.6,309.2,1602,37.3,31,0,0,0,0,0,0,9.599999999999966,Low,Medium,59754.6,0
L,299.6,309.2,1601,33.3,33,0,0,0,0,0,0,9.599999999999966,Low,Medium,53313.299999999996,0
H,299.6,309.2,1597,36.3,35,0,0,0,0,0,0,9.599999999999966,Low,Medium,57971.1,0
H,299.5,309.1,1548,44.3,40,0,0,0,0,0,0,9.600000000000023,Low,Medium,68576.4,0
M,299.5,309.2,1314,61.8,45,0,0,0,0,0,0,9.699999999999989,Low,High,81205.2,0
M,299.6,309.3,1577,39.8,48,0,0,0,0,0,0,9.699999999999989,Low,Medium,62764.6,0
L,299.8,309.4,1475,43.4,51,0,0,0,0,0,0,9.599999999999966,Low,Medium,64015.0,0
L,299.8,309.4,1630,32.4,53,0,0,0,0,0,0,9.599999999999966,Low,Medium,52812.0,0
L,299.7,309.4,1445,42.9,55,0,0,0,0,0,0,9.699999999999989,Low,Medium,61990.5,0
M,299.8,309.4,1439,47.4,57,0,0,0,0,0,0,9.599999999999966,Low,Medium,68208.59999999999,0
L,299.7,309.3,1420,44.1,60,0,0,0,0,0,0,9.600000000000023,Low,Medium,62622.0,0
H,299.7,309.2,1554,41.6,62,0,0,0,0,0,0,9.5,Low,Medium,64646.4,0
M,299.6,309.1,1471,44.3,67,0,0,0,0,0,0,9.5,Low,Medium,65165.299999999996,0
L,299.6,309.0,1648,33.6,70,0,0,0,0,0,0,9.399999999999977,Low,Medium,55372.8,0
L,299.6,309.0,1472,48.8,72,0,0,0,0,0,0,9.399999999999977,Low,Medium,71833.59999999999,0
M,299.5,308.9,1448,42.9,74,0,0,0,0,0,0,9.399999999999977,Low,Medium,62119.2,0
M,299.6,308.9,1568,35.3,77,0,0,0,0,0,0,9.299999999999955,Low,Medium,55350.399999999994,0
L,299.6,308.9,1613,30.8,80,0,0,0,0,0,0,9.299999999999955,Low,Medium,49680.4,0
M,299.7,308.9,1551,35.4,82,0,0,0,0,0,0,9.199999999999989,Low,Medium,54905.399999999994,0
L,299.7,309.0,1412,49.2,85,0,0,0,0,0,0,9.300000000000011,Medium,Medium,69470.40000000001,0
M,299.7,308.9,1478,41.0,87,0,0,0,0,0,0,9.199999999999989,Medium,Medium,60598.0,0
M,299.8,309.1,1268,58.0,90,0,0,0,0,0,0,9.300000000000011,Medium,High,73544.0,0
L,299.8,309.1,1546,35.6,93,0,0,0,0,0,0,9.300000000000011,Medium,Medium,55037.600000000006,0
L,299.8,309.0,1567,36.1,95,0,0,0,0,0,0,9.199999999999989,Medium,Medium,56568.700000000004,0
M,299.9,309.2,1548,35.7,97,0,0,0,0,0,0,9.300000000000011,Medium,Medium,55263.600000000006,0
L,299.8,309.0,1614,30.8,100,0,0,0,0,0,0,9.199999999999989,Medium,Medium,49711.200000000004,0
M,299.7,309.1,1352,46.1,102,0,0,0,0,0,0,9.400000000000034,Medium,Medium,62327.200000000004,0
L,299.9,309.2,1624,34.6,105,0,0,0,0,0,0,9.300000000000011,Medium,Medium,56190.4,0
L,299.9,309.2,1436,52.0,107,0,0,0,0,0,0,9.300000000000011,Medium,Medium,74672.0,0
L,299.8,309.2,1591,37.5,109,0,0,0,0,0,0,9.399999999999977,Medium,Medium,59662.5,0
H,299.8,309.2,1435,42.6,111,0,0,0,0,0,0,9.399999999999977,Medium,Medium,61131.0,0
L,299.8,309.3,1386,49.4,116,0,0,0,0,0,0,9.5,Medium,Medium,68468.4,0
L,299.7,309.2,1401,54.1,118,0,0,0,0,0,0,9.5,Medium,High,75794.1,0
M,299.6,309.0,1245,64.0,120,0,0,0,0,0,0,9.399999999999977,Medium,High,79680.0,0
L,299.7,309.1,1475,40.0,123,0,0,0,0,0,0,9.400000000000034,Medium,Medium,59000.0,0
L,299.7,309.1,1473,39.4,125,0,0,0,0,0,0,9.400000000000034,Medium,Medium,58036.2,0
H,299.7,309.2,1355,44.8,127,0,0,0,0,0,0,9.5,Medium,Medium,60703.99999999999,0
H,299.7,309.2,1468,49.6,132,0,0,0,0,0,0,9.5,Medium,Medium,72812.8,0
L,299.7,309.2,1645,30.8,137,0,0,0,0,0,0,9.5,Medium,Medium,50666.0,0
L,299.7,309.1,1347,55.3,139,0,0,0,0,0,0,9.400000000000034,Medium,High,74489.09999999999,0
L,299.7,309.1,1713,33.5,141,0,0,0,0,0,0,9.400000000000034,Medium,Medium,57385.5,0
M,299.6,309.1,1435,48.4,143,0,0,0,0,0,0,9.5,Medium,Medium,69454.0,0
M,299.6,309.0,1736,26.1,146,0,0,0,0,0,0,9.399999999999977,Medium,Low,45309.600000000006,0
L,299.6,309.0,1372,60.4,149,0,0,0,0,0,0,9.399999999999977,Medium,High,82868.8,0
L,299.7,309.0,1605,33.0,151,0,0,0,0,0,0,9.300000000000011,Medium,Medium,52965.0,0
L,299.6,309.0,1413,48.5,153,0,0,0,0,0,0,9.399999999999977,Medium,Medium,68530.5,0
M,299.7,309.0,1645,31.9,155,0,0,0,0,0,0,9.300000000000011,Medium,Medium,52475.5,0
M,299.7,309.0,1465,49.0,158,0,0,0,0,0,0,9.300000000000011,Medium,Medium,71785.0,0
M,299.6,308.9,1685,27.8,161,0,0,0,0,0,0,9.299999999999955,Medium,Low,46843.0,0
L,299.5,308.8,1965,20.4,164,0,0,0,0,0,0,9.300000000000011,Medium,Low,40086.0,0
H,299.4,308.6,1542,41.8,166,0,0,0,0,0,0,9.200000000000045,Medium,Medium,64455.6,0
L,299.4,308.7,1681,30.8,171,0,0,0,0,0,0,9.300000000000011,High,Medium,51774.8,0
L,299.5,308.7,1446,45.7,173,0,0,0,0,0,0,9.199999999999989,High,Medium,66082.2,0
L,299.4,308.6,1415,56.4,175,0,0,0,0,0,0,9.200000000000045,High,High,79806.0,0
L,299.5,308.6,1672,30.5,177,0,0,0,0,0,0,9.100000000000023,High,Medium,50996.0,0
L,299.5,308.7,2549,13.0,179,1,0,0,1,0,0,9.199999999999989,High,Low,33137.0,0
L,299.4,308.6,1492,40.5,181,0,0,0,0,0,0,9.200000000000045,High,Medium,60426.0,0
M,299.4,308.6,1455,42.7,183,0,0,0,0,0,0,9.200000000000045,High,Medium,62128.50000000001,0
M,299.3,308.5,1422,43.1,186,0,0,0,0,0,0,9.199999999999989,High,Medium,61288.200000000004,0
L,299.3,308.6,1403,50.6,189,0,0,0,0,0,0,9.300000000000011,High,Medium,70991.8,0
L,299.3,308.6,1474,49.6,191,0,0,0,0,0,0,9.300000000000011,High,Medium,73110.40000000001,0
L,299.2,308.6,1381,50.0,193,0,0,0,0,0,0,9.400000000000034,High,Medium,69050.0,0
L,299.2,308.5,1457,44.7,195,0,0,0,0,0,0,9.300000000000011,High,Medium,65127.9,0
L,299.2,308.4,1711,28.9,197,0,0,0,0,0,0,9.199999999999989,High,Medium,49447.899999999994,0
L,299.2,308.4,1667,29.0,199,0,0,0,0,0,0,9.199999999999989,High,Medium,48343.0,0
L,299.2,308.4,1465,35.0,201,0,0,0,0,0,0,9.199999999999989,High,Medium,51275.0,1
M,299.3,308.4,1542,37.5,203,1,1,0,0,0,0,9.099999999999966,High,Medium,57825.0,1
M,299.3,308.4,1438,42.3,0,0,0,0,0,0,0,9.099999999999966,Low,Medium,60827.399999999994,0
L,299.3,308.4,1406,47.4,3,0,0,0,0,0,0,9.099999999999966,Low,Medium,66644.4,0
M,299.2,308.4,1396,48.5,5,0,0,0,0,0,0,9.199999999999989,Low,Medium,67706.0,0
M,299.3,308.5,1304,60.6,8,0,0,0,0,0,0,9.199999999999989,Low,High,79022.40000000001,0
L,299.2,308.5,1442,46.5,11,0,0,0,0,0,0,9.300000000000011,Low,Medium,67053.0,0
M,299.2,308.4,1396,48.7,13,0,0,0,0,0,0,9.199999999999989,Low,Medium,67985.2,0
H,299.1,308.3,1424,43.4,16,0,0,0,0,0,0,9.199999999999989,Low,Medium,61801.6,0
H,299.1,308.3,1451,42.8,21,0,0,0,0,0,0,9.199999999999989,Low,Medium,62102.799999999996,0
L,299.2,308.4,1386,54.1,26,0,0,0,0,0,0,9.199999999999989,Low,High,74982.6,0
L,299.1,308.3,1325,46.9,28,0,0,0,0,0,0,9.199999999999989,Low,Medium,62142.5,0
L,299.1,308.3,1559,33.7,30,0,0,0,0,0,0,9.199999999999989,Low,Medium,52538.3,0
L,299.1,308.3,1489,38.1,32,0,0,0,0,0,0,9.199999999999989,Low,Medium,56730.9,0
L,299.1,308.3,1892,25.2,34,0,0,0,0,0,0,9.199999999999989,Low,Low,47678.4,0
L,299.1,308.2,1319,60.3,36,0,0,0,0,0,0,9.099999999999966,Low,High,79535.7,0
L,299.1,308.3,1431,52.3,38,0,0,0,0,0,0,9.199999999999989,Low,Medium,74841.3,0
H,299.1,308.3,1521,36.5,40,0,0,0,0,0,0,9.199999999999989,Low,Medium,55516.5,0
M,299.1,308.2,1435,45.2,45,0,0,0,0,0,0,9.099999999999966,Low,Medium,64862.00000000001,0
L,299.1,308.3,1533,42.4,48,0,0,0,0,0,0,9.199999999999989,Low,Medium,64999.2,0
M,299.2,308.4,1529,43.0,50,0,0,0,0,0,0,9.199999999999989,Low,Medium,65747.0,0
M,299.2,308.4,1415,43.5,53,0,0,0,0,0,0,9.199999999999989,Low,Medium,61552.5,0
M,299.2,308.4,1330,51.2,56,0,0,0,0,0,0,9.199999999999989,Low,Medium,68096.0,0
L,299.2,308.5,1381,60.6,59,0,0,0,0,0,0,9.300000000000011,Low,High,83688.6,0
L,299.2,308.5,1370,52.4,61,0,0,0,0,0,0,9.300000000000011,Low,High,71788.0,0
L,299.2,308.5,1438,46.6,63,0,0,0,0,0,0,9.300000000000011,Low,Medium,67010.8,0
L,299.3,308.6,1314,48.2,65,0,0,0,0,0,0,9.300000000000011,Low,Medium,63334.8,0
L,299.3,308.6,1437,48.1,67,0,0,0,0,0,0,9.300000000000011,Low,Medium,69119.7,0
L,299.2,308.5,1821,26.1,69,0,0,0,0,0,0,9.300000000000011,Low,Low,47528.100000000006,0
M,299.3,308.6,1448,52.1,71,0,0,0,0,0,0,9.300000000000011,Low,Medium,75440.8,0
L,299.3,308.5,1589,32.7,74,0,0,0,0,0,0,9.199999999999989,Low,Medium,51960.3,0
L,299.3,308.6,1520,33.7,76,0,0,0,0,0,0,9.300000000000011,Low,Medium,51224.00000000001,0
L,299.3,308.6,1605,37.0,78,0,0,0,0,0,0,9.300000000000011,Low,Medium,59385.0,0
L,299.3,308.7,1393,54.2,80,0,0,0,0,0,0,9.399999999999977,Low,High,75500.6,0
H,299.3,308.7,1408,44.4,82,0,0,0,0,0,0,9.399999999999977,Low,Medium,62515.2,0
M,299.3,308.7,1459,35.6,87,0,0,0,0,0,0,9.399999999999977,Medium,Medium,51940.4,0
L,299.4,308.7,1525,39.0,90,0,0,0,0,0,0,9.300000000000011,Medium,Medium,59475.0,0
L,299.4,308.8,1390,57.0,92,0,0,0,0,0,0,9.400000000000034,Medium,High,79230.0,0
L,299.3,308.7,1536,38.9,94,0,0,0,0,0,0,9.399999999999977,Medium,Medium,59750.399999999994,0
L,299.4,308.7,1459,47.6,96,0,0,0,0,0,0,9.300000000000011,Medium,Medium,69448.40000000001,0
L,299.2,308.5,1387,51.1,98,0,0,0,0,0,0,9.300000000000011,Medium,Medium,70875.7,0
L,299.2,308.5,1378,53.4,100,0,0,0,0,0,0,9.300000000000011,Medium,High,73585.2,0
L,299.4,308.7,1381,56.7,102,0,0,0,0,0,0,9.300000000000011,Medium,High,78302.7,0
M,299.4,308.7,1289,60.5,104,0,0,0,0,0,0,9.300000000000011,Medium,High,77984.5,0
L,299.4,308.6,1746,26.8,107,0,0,0,0,0,0,9.200000000000045,Medium,Low,46792.8,0
M,299.4,308.6,1541,39.1,109,0,0,0,0,0,0,9.200000000000045,Medium,Medium,60253.100000000006,0
L,299.4,308.7,1504,37.8,112,0,0,0,0,0,0,9.300000000000011,Medium,Medium,56851.2,0
M,299.5,308.7,1321,51.9,114,0,0,0,0,0,0,9.199999999999989,Medium,Medium,68559.9,0
M,299.5,308.8,1886,20.9,117,0,0,0,0,0,0,9.300000000000011,Medium,Low,39417.399999999994,0
L,299.6,308.9,1422,53.2,120,0,0,0,0,0,0,9.299999999999955,Medium,High,75650.40000000001,0
L,299.5,308.9,1520,38.3,122,0,0,0,0,0,0,9.399999999999977,Medium,Medium,58215.99999999999,0
L,299.4,308.8,1627,32.6,124,0,0,0,0,0,0,9.400000000000034,Medium,Medium,53040.200000000004,0
L,299.4,308.7,1512,37.2,126,0,0,0,0,0,0,9.300000000000011,Medium,Medium,56246.4,0
L,299.4,308.7,1553,42.7,128,0,0,0,0,0,0,9.300000000000011,Medium,Medium,66313.1,0
L,299.3,308.7,1802,26.0,130,0,0,0,0,0,0,9.399999999999977,Medium,Low,46852.0,0
L,299.3,308.6,1482,37.6,132,0,0,0,0,0,0,9.300000000000011,Medium,Medium,55723.200000000004,0
L,299.4,308.7,1446,62.9,134,1,0,0,1,0,0,9.300000000000011,Medium,High,90953.4,0
L,299.3,308.6,1371,50.5,136,0,0,0,0,0,0,9.300000000000011,Medium,Medium,69235.5,0
M,299.2,308.6,1586,35.7,138,0,0,0,0,0,0,9.400000000000034,Medium,Medium,56620.200000000004,0
L,299.2,308.5,1515,39.8,141,0,0,0,0,0,0,9.300000000000011,Medium,Medium,60296.99999999999,0
L,299.2,308.5,1374,53.6,143,0,0,0,0,0,0,9.300000000000011,Medium,High,73646.40000000001,0
L,299.1,308.5,1455,39.8,145,0,0,0,0,0,0,9.399999999999977,Medium,Medium,57908.99999999999,0
H,299.2,308.5,1342,47.5,147,0,0,0,0,0,0,9.300000000000011,Medium,Medium,63745.0,0
L,299.1,308.6,1260,57.8,152,0,0,0,0,0,0,9.5,Medium,High,72828.0,0
H,299.0,308.5,1623,33.5,154,0,0,0,0,0,0,9.5,Medium,Medium,54370.5,0
L,299.1,308.5,1371,55.5,159,0,0,0,0,0,0,9.399999999999977,Medium,High,76090.5,0
L,299.1,308.6,1611,31.4,161,0,0,0,0,0,0,9.5,Medium,Medium,50585.399999999994,0
M,299.0,308.4,1535,47.5,163,0,0,0,0,0,0,9.399999999999977,Medium,Medium,72912.5,0
M,299.1,308.6,1491,38.5,166,0,0,0,0,0,0,9.5,Medium,Medium,57403.5,0
M,299.1,308.6,1441,36.2,169,0,0,0,0,0,0,9.5,High,Medium,52164.200000000004,0
M,299.1,308.8,1725,26.6,172,0,0,0,0,0,0,9.699999999999989,High,Low,45885.0,0
L,299.2,308.9,1368,47.2,175,0,0,0,0,0,0,9.699999999999989,High,Medium,64569.600000000006,0
L,299.2,308.9,1526,37.9,177,0,0,0,0,0,0,9.699999999999989,High,Medium,57835.4,0
L,299.2,308.8,1542,39.2,179,0,0,0,0,0,0,9.600000000000023,High,Medium,60446.4,0
L,299.2,308.8,1605,31.1,181,0,0,0,0,0,0,9.600000000000023,High,Medium,49915.5,0
L,299.2,308.8,1405,51.4,183,0,0,0,0,0,0,9.600000000000023,High,Medium,72217.0,0
M,299.2,308.8,1700,33.5,185,0,0,0,0,0,0,9.600000000000023,High,Medium,56950.0,0
H,299.2,308.8,1440,39.1,188,0,0,0,0,0,0,9.600000000000023,High,Medium,56304.0,0
M,299.2,308.8,1314,52.5,193,0,0,0,0,0,0,9.600000000000023,High,High,68985.0,0
L,299.2,308.7,1514,41.9,196,0,0,0,0,0,0,9.5,High,Medium,63436.6,0
M,299.2,308.7,1401,47.0,198,0,0,0,0,0,0,9.5,High,Medium,65847.0,0
L,299.3,308.8,1636,29.9,201,0,0,0,0,0,0,9.5,High,Medium,48916.399999999994,1
L,299.3,308.8,1603,33.9,203,0,0,0,0,0,0,9.5,High,Medium,54341.7,1
M,299.4,308.7,1487,52.6,205,0,0,0,0,0,0,9.300000000000011,High,High,78216.2,1
M,299.3,308.7,1420,50.3,208,0,0,0,0,0,0,9.399999999999977,High,Medium,71426.0,1
L,299.3,308.7,1579,36.3,211,0,0,0,0,0,0,9.399999999999977,High,Medium,57317.7,1
L,299.3,308.7,1484,40.5,213,0,0,0,0,0,0,9.399999999999977,High,Medium,60102.0,1
M,299.3,308.7,1390,49.3,215,0,0,0,0,0,0,9.399999999999977,High,Medium,68527.0,1
L,299.3,308.6,1384,53.6,218,1,0,0,0,1,0,9.300000000000011,High,High,74182.40000000001,1
L,299.2,308.5,1378,50.4,220,1,0,0,0,1,0,9.300000000000011,High,Medium,69451.2,1
L,299.2,308.5,1445,45.2,222,0,0,0,0,0,0,9.300000000000011,High,Medium,65314.00000000001,1
L,299.2,308.4,1445,43.5,224,0,0,0,0,0,0,9.199999999999989,High,Medium,62857.5,1
L,299.2,308.4,1509,39.4,0,0,0,0,0,0,0,9.199999999999989,Low,Medium,59454.6,0
L,299.2,308.4,1434,46.8,2,0,0,0,0,0,0,9.199999999999989,Low,Medium,67111.2,0
L,299.2,308.4,1877,23.9,4,0,0,0,0,0,0,9.199999999999989,Low,Low,44860.299999999996,0
L,299.3,308.3,1651,28.0,6,0,0,0,0,0,0,9.0,Low,Low,46228.0,0
L,299.2,308.2,1466,41.3,8,0,0,0,0,0,0,9.0,Low,Medium,60545.799999999996,0
L,299.1,308.1,1479,40.7,10,0,0,0,0,0,0,9.0,Low,Medium,60195.3,0
L,299.1,308.2,1409,46.4,12,0,0,0,0,0,0,9.099999999999966,Low,Medium,65377.6,0
M,299.2,308.2,1674,28.2,14,0,0,0,0,0,0,9.0,Low,Medium,47206.799999999996,0
L,299.1,308.3,1305,61.4,17,0,0,0,0,0,0,9.199999999999989,Low,High,80127.0,0
M,299.2,308.3,1755,26.4,19,0,0,0,0,0,0,9.100000000000023,Low,Low,46332.0,0
L,299.2,308.4,1475,38.7,22,0,0,0,0,0,0,9.199999999999989,Low,Medium,57082.50000000001,0
L,299.2,308.4,1402,47.7,24,0,0,0,0,0,0,9.199999999999989,Low,Medium,66875.40000000001,0
L,299.2,308.3,1410,43.0,26,0,0,0,0,0,0,9.100000000000023,Low,Medium,60630.0,0
L,299.2,308.4,1436,41.8,28,0,0,0,0,0,0,9.199999999999989,Low,Medium,60024.799999999996,0
M,299.3,308.5,1386,42.2,30,0,0,0,0,0,0,9.199999999999989,Low,Medium,58489.200000000004,0
L,299.3,308.6,1744,26.4,33,0,0,0,0,0,0,9.300000000000011,Low,Low,46041.6,0
L,299.2,308.4,1393,48.4,35,0,0,0,0,0,0,9.199999999999989,Low,Medium,67421.2,0
M,299.3,308.5,1422,45.4,37,0,0,0,0,0,0,9.199999999999989,Low,Medium,64558.799999999996,0
L,299.2,308.4,1841,22.8,40,0,0,0,0,0,0,9.199999999999989,Low,Low,41974.8,0
L,299.3,308.6,1433,37.7,42,0,0,0,0,0,0,9.300000000000011,Low,Medium,54024.100000000006,0
M,299.3,308.5,1305,60.6,44,0,0,0,0,0,0,9.199999999999989,Low,High,79083.0,0
H,299.3,308.6,1498,39.5,47,0,0,0,0,0,0,9.300000000000011,Low,Medium,59171.0,0
L,299.3,308.5,1772,26.1,52,0,0,0,0,0,0,9.199999999999989,Low,Low,46249.200000000004,0
M,299.2,308.4,1381,42.5,54,0,0,0,0,0,0,9.199999999999989,Low,Medium,58692.5,0
L,299.3,308.5,1413,38.5,57,0,0,0,0,0,0,9.199999999999989,Low,Medium,54400.5,0
H,299.2,308.4,1388,53.2,59,0,0,0,0,0,0,9.199999999999989,Low,High,73841.6,0
M,299.2,308.6,1631,35.4,64,0,0,0,0,0,0,9.400000000000034,Low,Medium,57737.399999999994,0
H,299.3,308.6,1520,41.4,67,0,0,0,0,0,0,9.300000000000011,Low,Medium,62928.0,0
L,299.3,308.5,1510,45.4,72,0,0,0,0,0,0,9.199999999999989,Low,Medium,68554.0,0
L,299.2,308.5,1366,49.7,74,0,0,0,0,0,0,9.300000000000011,Low,Medium,67890.2,0
L,299.4,308.5,1845,22.9,76,0,0,0,0,0,0,9.100000000000023,Low,Low,42250.5,0
L,299.3,308.5,1485,44.7,78,0,0,0,0,0,0,9.199999999999989,Low,Medium,66379.5,0
M,299.3,308.5,1496,39.4,80,0,0,0,0,0,0,9.199999999999989,Low,Medium,58942.4,0
M,299.3,308.4,1468,42.2,83,0,0,0,0,0,0,9.099999999999966,Low,Medium,61949.600000000006,0
M,299.2,308.4,1856,22.7,86,0,0,0,0,0,0,9.199999999999989,Medium,Low,42131.2,0
L,299.2,308.4,1620,34.1,89,0,0,0,0,0,0,9.199999999999989,Medium,Medium,55242.0,0
L,299.3,308.5,1409,44.8,91,0,0,0,0,0,0,9.199999999999989,Medium,Medium,63123.2,0
M,299.3,308.5,1404,49.4,93,0,0,0,0,0,0,9.199999999999989,Medium,Medium,69357.59999999999,0
L,299.2,308.4,1350,51.3,96,0,0,0,0,0,0,9.199999999999989,Medium,Medium,69255.0,0
M,299.2,308.4,1538,38.0,98,0,0,0,0,0,0,9.199999999999989,Medium,Medium,58444.0,0
M,299.2,308.4,1476,32.7,101,0,0,0,0,0,0,9.199999999999989,Medium,Medium,48265.200000000004,0
M,299.2,308.3,1364,51.8,104,0,0,0,0,0,0,9.100000000000023,Medium,Medium,70655.2,0
M,299.2,308.3,1582,45.5,107,0,0,0,0,0,0,9.100000000000023,Medium,Medium,71981.0,0
L,299.1,308.2,1348,56.1,110,0,0,0,0,0,0,9.099999999999966,Medium,High,75622.8,0
H,299.1,308.2,1450,46.1,112,0,0,0,0,0,0,9.099999999999966,Medium,Medium,66845.0,0
L,299.0,308.1,1242,60.9,117,0,0,0,0,0,0,9.100000000000023,Medium,High,75637.8,0
L,299.1,308.2,1493,34.9,119,0,0,0,0,0,0,9.099999999999966,Medium,Medium,52105.7,0
L,299.1,308.3,1601,31.4,121,0,0,0,0,0,0,9.199999999999989,Medium,Medium,50271.399999999994,0
L,299.1,308.2,1568,33.3,123,0,0,0,0,0,0,9.099999999999966,Medium,Medium,52214.399999999994,0
M,299.1,308.3,1506,38.0,125,0,0,0,0,0,0,9.199999999999989,Medium,Medium,57228.0,0
L,299.1,308.3,1524,34.1,128,0,0,0,0,0,0,9.199999999999989,Medium,Medium,51968.4,0
L,299.1,308.4,1543,37.9,130,0,0,0,0,0,0,9.299999999999955,Medium,Medium,58479.7,0
M,299.2,308.5,1474,47.2,132,0,0,0,0,0,0,9.300000000000011,Medium,Medium,69572.8,0
M,299.2,308.5,1526,37.3,135,0,0,0,0,0,0,9.300000000000011,Medium,Medium,56919.799999999996,0
L,299.2,308.5,1867,27.0,138,0,0,0,0,0,0,9.300000000000011,Medium,Low,50409.0,0
L,299.2,308.5,1487,41.2,140,0,0,0,0,0,0,9.300000000000011,Medium,Medium,61264.4,0
L,299.2,308.4,1580,32.6,142,0,0,0,0,0,0,9.199999999999989,Medium,Medium,51508.0,0
L,299.2,308.5,1340,50.0,144,0,0,0,0,0,0,9.300000000000011,Medium,Medium,67000.0,0
L,299.2,308.5,1544,41.6,146,0,0,0,0,0,0,9.300000000000011,Medium,Medium,64230.4,0
L,299.2,308.5,1488,40.3,148,0,0,0,0,0,0,9.300000000000011,Medium,Medium,59966.399999999994,0
M,299.2,308.5,1742,28.9,150,0,0,0,0,0,0,9.300000000000011,Medium,Medium,50343.799999999996,0
M,299.1,308.5,1592,34.2,153,0,0,0,0,0,0,9.399999999999977,Medium,Medium,54446.4,0
L,299.2,308.6,1582,38.8,156,0,0,0,0,0,0,9.400000000000034,Medium,Medium,61381.6,0
L,299.2,308.5,1490,43.2,158,0,0,0,0,0,0,9.300000000000011,Medium,Medium,64368.00000000001,0
M,299.2,308.5,1594,35.8,160,0,0,0,0,0,0,9.300000000000011,Medium,Medium,57065.2,0
H,299.2,308.6,1462,55.0,163,0,0,0,0,0,0,9.400000000000034,Medium,High,80410.0,0
M,299.2,308.6,1367,47.6,168,0,0,0,0,0,0,9.400000000000034,Medium,Medium,65069.200000000004,0
L,299.2,308.7,1325,51.0,171,0,0,0,0,0,0,9.5,High,Medium,67575.0,0
H,299.2,308.7,1448,51.4,173,0,0,0,0,0,0,9.5,High,Medium,74427.2,0
M,299.1,308.7,2008,20.3,178,0,0,0,0,0,0,9.599999999999966,High,Low,40762.4,0
L,299.1,308.7,1498,38.9,181,0,0,0,0,0,0,9.599999999999966,High,Medium,58272.2,0
L,299.1,308.6,1437,41.6,183,0,0,0,0,0,0,9.5,High,Medium,59779.200000000004,0
M,299.1,308.6,1499,45.1,185,0,0,0,0,0,0,9.5,High,Medium,67604.90000000001,0
L,299.0,308.4,1356,52.6,188,0,0,0,0,0,0,9.399999999999977,High,High,71325.6,0
L,299.1,308.5,1539,46.8,190,0,0,0,0,0,0,9.399999999999977,High,Medium,72025.2,0
L,299.1,308.5,1689,32.1,192,0,0,0,0,0,0,9.399999999999977,High,Medium,54216.9,0
L,299.0,308.5,1559,38.1,194,0,0,0,0,0,0,9.5,High,Medium,59397.9,0
L,299.1,308.6,1408,46.7,196,0,0,0,0,0,0,9.5,High,Medium,65753.6,0
L,299.0,308.5,1886,23.0,198,0,0,0,0,0,0,9.5,High,Low,43378.0,0
L,299.1,308.5,1415,43.4,0,0,0,0,0,0,0,9.399999999999977,Low,Medium,61411.0,0
M,299.1,308.5,1587,35.6,2,0,0,0,0,0,0,9.399999999999977,Low,Medium,56497.200000000004,0
L,299.0,308.4,1571,38.6,5,0,0,0,0,0,0,9.399999999999977,Low,Medium,60640.600000000006,0
L,298.9,308.3,1576,36.6,7,0,0,0,0,0,0,9.400000000000034,Low,Medium,57681.600000000006,0
L,298.9,308.3,1660,34.4,9,0,0,0,0,0,0,9.400000000000034,Low,Medium,57104.0,0
M,298.9,308.2,1328,49.2,11,0,0,0,0,0,0,9.300000000000011,Low,Medium,65337.600000000006,0
H,298.8,308.2,1450,44.7,14,0,0,0,0,0,0,9.399999999999977,Low,Medium,64815.00000000001,0
L,298.9,308.2,2384,15.0,19,0,0,0,0,0,0,9.300000000000011,Low,Low,35760.0,0
L,298.8,308.2,1443,53.4,21,0,0,0,0,0,0,9.399999999999977,Low,High,77056.2,0
M,298.9,308.2,2022,20.0,23,0,0,0,0,0,0,9.300000000000011,Low,Low,40440.0,0
L,298.9,308.2,1828,23.8,26,0,0,0,0,0,0,9.300000000000011,Low,Low,43506.4,0
L,298.8,308.1,1472,53.5,28,0,0,0,0,0,0,9.300000000000011,Low,High,78752.0,0
M,298.9,308.2,1372,63.6,30,1,0,0,1,0,0,9.300000000000011,Low,High,87259.2,0
L,298.9,308.3,1855,23.8,33,0,0,0,0,0,0,9.400000000000034,Low,Low,44149.0,0
M,299.0,308.3,1377,47.2,35,0,0,0,0,0,0,9.300000000000011,Low,Medium,64994.4,0
L,298.9,308.3,1432,48.9,38,0,0,0,0,0,0,9.400000000000034,Low,Medium,70024.8,0
M,298.9,308.2,1335,47.8,40,0,0,0,0,0,0,9.300000000000011,Low,Medium,63812.99999999999,0
M,298.9,308.2,1411,51.3,43,0,0,0,0,0,0,9.300000000000011,Low,Medium,72384.3,0
L,298.9,308.2,1510,43.5,46,0,0,0,0,0,0,9.300000000000011,Low,Medium,65685.0,0
L,299.0,308.3,1441,44.0,48,0,0,0,0,0,0,9.300000000000011,Low,Medium,63404.0,0
M,299.0,308.2,1358,42.7,50,0,0,0,0,0,0,9.199999999999989,Low,Medium,57986.600000000006,0
L,298.9,308.2,1686,30.4,53,0,0,0,0,0,0,9.300000000000011,Low,Medium,51254.399999999994,0
H,299.0,308.2,1662,30.4,55,0,0,0,0,0,0,9.199999999999989,Low,Medium,50524.799999999996,0
L,299.1,308.3,1426,40.1,60,0,0,0,0,0,0,9.199999999999989,Low,Medium,57182.6,0
M,299.1,308.4,1330,53.6,62,0,0,0,0,0,0,9.299999999999955,Low,High,71288.0,0
L,299.1,308.4,1693,31.6,65,0,0,0,0,0,0,9.299999999999955,Low,Medium,53498.8,0
L,299.1,308.4,1426,47.9,67,0,0,0,0,0,0,9.299999999999955,Low,Medium,68305.4,0
L,299.1,308.5,1676,31.0,69,0,0,0,0,0,0,9.399999999999977,Low,Medium,51956.0,0
M,299.1,308.4,1332,51.7,71,0,0,0,0,0,0,9.299999999999955,Low,Medium,68864.40000000001,0
L,299.1,308.5,1647,35.0,74,0,0,0,0,0,0,9.399999999999977,Low,Medium,57645.0,0
L,299.2,308.6,1267,68.2,76,1,0,0,1,0,0,9.400000000000034,Low,High,86409.40000000001,0
H,299.2,308.7,1375,55.1,78,0,0,0,0,0,0,9.5,Low,High,75762.5,0
L,299.3,308.6,1422,48.9,83,0,0,0,0,0,0,9.300000000000011,Low,Medium,69535.8,0
L,299.3,308.7,1408,48.7,85,0,0,0,0,0,0,9.399999999999977,Medium,Medium,68569.6,0
L,299.4,308.9,1440,42.5,87,0,0,0,0,0,0,9.5,Medium,Medium,61200.0,0
L,299.3,308.8,1772,25.2,89,0,0,0,0,0,0,9.5,Medium,Low,44654.4,0
L,299.2,308.7,1492,37.8,91,0,0,0,0,0,0,9.5,Medium,Medium,56397.6,0
L,299.2,308.7,1650,30.5,93,0,0,0,0,0,0,9.5,Medium,Medium,50325.0,0
M,299.1,308.6,2329,14.6,95,0,0,0,0,0,0,9.5,Medium,Low,34003.4,0
L,299.0,308.6,1648,30.8,98,0,0,0,0,0,0,9.600000000000023,Medium,Medium,50758.4,0
L,299.0,308.6,1653,31.7,100,0,0,0,0,0,0,9.600000000000023,Medium,Medium,52400.1,0
L,299.0,308.6,1946,22.3,102,0,0,0,0,0,0,9.600000000000023,Medium,Low,43395.8,0
L,299.1,308.6,1555,36.6,104,0,0,0,0,0,0,9.5,Medium,Medium,56913.0,0
L,299.0,308.6,1661,32.2,106,0,0,0,0,0,0,9.600000000000023,Medium,Medium,53484.200000000004,0
L,299.0,308.6,1434,45.9,108,0,0,0,0,0,0,9.600000000000023,Medium,Medium,65820.59999999999,0
L,299.0,308.6,1297,54.2,110,0,0,0,0,0,0,9.600000000000023,Medium,High,70297.40000000001,0
L,299.0,308.6,1466,46.4,112,0,0,0,0,0,0,9.600000000000023,Medium,Medium,68022.4,0
M,298.9,308.6,1517,39.8,114,0,0,0,0,0,0,9.700000000000045,Medium,Medium,60376.6,0
L,298.9,308.5,1742,34.5,117,0,0,0,0,0,0,9.600000000000023,Medium,Medium,60099.0,0
L,298.9,308.5,1580,39.1,119,0,0,0,0,0,0,9.600000000000023,Medium,Medium,61778.0,0
M,298.9,308.5,1534,42.9,121,0,0,0,0,0,0,9.600000000000023,Medium,Medium,65808.59999999999,0
L,298.9,308.6,1481,40.7,124,0,0,0,0,0,0,9.700000000000045,Medium,Medium,60276.700000000004,0
L,299.0,308.6,1429,37.7,126,0,0,0,0,0,0,9.600000000000023,Medium,Medium,53873.3,0
M,298.9,308.6,1574,33.5,128,0,0,0,0,0,0,9.700000000000045,Medium,Medium,52729.0,0
M,298.9,308.6,1524,40.4,131,0,0,0,0,0,0,9.700000000000045,Medium,Medium,61569.6,0
L,299.0,308.7,1507,37.5,134,0,0,0,0,0,0,9.699999999999989,Medium,Medium,56512.5,0
L,298.9,308.5,1467,44.7,136,0,0,0,0,0,0,9.600000000000023,Medium,Medium,65574.90000000001,0
L,298.9,308.4,1301,51.1,138,0,0,0,0,0,0,9.5,Medium,Medium,66481.1,0
L,298.9,308.5,1429,55.1,140,0,0,0,0,0,0,9.600000000000023,Medium,High,78737.90000000001,0
M,298.9,308.5,1555,37.6,142,0,0,0,0,0,0,9.600000000000023,Medium,Medium,58468.0,0
L,298.9,308.5,1503,40.6,145,0,0,0,0,0,0,9.600000000000023,Medium,Medium,61021.8,0
L,298.9,308.5,1459,43.1,147,0,0,0,0,0,0,9.600000000000023,Medium,Medium,62882.9,0
H,298.9,308.4,1449,42.4,149,0,0,0,0,0,0,9.5,Medium,Medium,61437.6,0
L,298.9,308.5,1387,57.3,154,0,0,0,0,0,0,9.600000000000023,Medium,High,79475.09999999999,0
M,298.9,308.5,1456,50.0,156,0,0,0,0,0,0,9.600000000000023,Medium,Medium,72800.0,0
L,299.0,308.5,1604,34.7,159,0,0,0,0,0,0,9.5,Medium,Medium,55658.8,0
L,299.0,308.6,1734,32.4,161,0,0,0,0,0,0,9.600000000000023,Medium,Medium,56181.6,0
L,299.0,308.6,1378,47.8,163,0,0,0,0,0,0,9.600000000000023,Medium,Medium,65868.4,0
L,298.9,308.7,1504,41.8,165,0,0,0,0,0,0,9.800000000000011,Medium,Medium,62867.2,0
M,298.9,308.7,1402,49.8,167,0,0,0,0,0,0,9.800000000000011,Medium,Medium,69819.59999999999,0
H,298.8,308.6,1524,37.7,170,0,0,0,0,0,0,9.800000000000011,High,Medium,57454.8,0
L,298.8,308.6,1593,35.5,175,0,0,0,0,0,0,9.800000000000011,High,Medium,56551.5,0
M,298.9,308.7,1772,28.4,177,0,0,0,0,0,0,9.800000000000011,High,Medium,50324.799999999996,0
H,298.9,308.6,1623,31.0,180,0,0,0,0,0,0,9.700000000000045,High,Medium,50313.0,0
L,298.9,308.7,1356,50.7,185,0,0,0,0,0,0,9.800000000000011,High,Medium,68749.2,0
H,298.9,308.7,1500,41.6,187,0,0,0,0,0,0,9.800000000000011,High,Medium,62400.0,0
H,299.1,308.8,1566,46.6,192,0,0,0,0,0,0,9.699999999999989,High,Medium,72975.6,0
L,299.1,308.9,1445,43.4,197,0,0,0,0,0,0,9.799999999999955,High,Medium,62713.0,0
H,299.0,308.8,1382,58.5,199,0,0,0,0,0,0,9.800000000000011,High,High,80847.0,0
M,299.0,308.8,1418,45.7,204,0,0,0,0,0,0,9.800000000000011,High,Medium,64802.600000000006,1
L,299.1,308.8,1329,53.6,207,1,0,0,0,1,0,9.699999999999989,High,High,71234.40000000001,1
M,299.1,308.8,1491,41.0,209,0,0,0,0,0,0,9.699999999999989,High,Medium,61131.0,1
M,299.2,308.9,1573,37.4,212,0,0,0,0,0,0,9.699999999999989,High,Medium,58830.2,1
M,299.2,308.9,1521,42.3,215,0,0,0,0,0,0,9.699999999999989,High,Medium,64338.299999999996,1
L,299.1,308.9,1467,47.2,218,0,0,0,0,0,0,9.799999999999955,High,Medium,69242.40000000001,1
M,299.1,308.9,1325,48.4,220,0,0,0,0,0,0,9.799999999999955,High,Medium,64130.0,1
L,299.1,308.9,1617,32.3,223,0,0,0,0,0,0,9.799999999999955,High,Medium,52229.1,1
M,299.1,308.9,1476,42.7,225,0,0,0,0,0,0,9.799999999999955,High,Medium,63025.200000000004,1
L,299.2,309.0,1515,48.9,228,1,0,0,0,1,0,9.800000000000011,High,Medium,74083.5,1
L,299.2,309.0,1408,47.2,0,0,0,0,0,0,0,9.800000000000011,Low,Medium,66457.6,0
L,299.2,309.1,1468,45.6,2,0,0,0,0,0,0,9.900000000000034,Low,Medium,66940.8,0
L,299.2,309.1,1387,48.7,4,0,0,0,0,0,0,9.900000000000034,Low,Medium,67546.90000000001,0
M,299.2,309.1,1503,34.7,6,0,0,0,0,0,0,9.900000000000034,Low,Medium,52154.100000000006,0
H,299.2,309.1,1410,47.1,9,0,0,0,0,0,0,9.900000000000034,Low,Medium,66411.0,0
L,299.0,308.9,1615,30.6,14,0,0,0,0,0,0,9.899999999999977,Low,Medium,49419.0,0
L,299.0,308.9,1511,35.9,16,0,0,0,0,0,0,9.899999999999977,Low,Medium,54244.9,0
L,299.1,309.0,1405,53.8,18,0,0,0,0,0,0,9.899999999999977,Low,High,75589.0,0
M,299.0,308.9,1526,41.1,20,0,0,0,0,0,0,9.899999999999977,Low,Medium,62718.6,0
L,298.9,308.8,1530,38.3,23,0,0,0,0,0,0,9.900000000000034,Low,Medium,58598.99999999999,0
L,299.0,308.7,1583,32.5,25,0,0,0,0,0,0,9.699999999999989,Low,Medium,51447.5,0
L,298.9,308.6,2069,18.7,27,0,0,0,0,0,0,9.700000000000045,Low,Low,38690.299999999996,0
L,298.8,308.5,1490,35.0,29,0,0,0,0,0,0,9.699999999999989,Low,Medium,52150.0,0
L,298.8,308.5,1736,29.0,31,0,0,0,0,0,0,9.699999999999989,Low,Medium,50344.0,0
L,298.8,308.5,1395,44.4,33,0,0,0,0,0,0,9.699999999999989,Low,Medium,61938.0,0
M,298.9,308.6,1425,49.6,35,0,0,0,0,0,0,9.700000000000045,Low,Medium,70680.0,0
L,298.8,308.6,1631,32.4,38,0,0,0,0,0,0,9.800000000000011,Low,Medium,52844.399999999994,0
L,298.8,308.6,1535,41.2,40,0,0,0,0,0,0,9.800000000000011,Low,Medium,63242.00000000001,0
L,298.8,308.6,1584,34.4,42,0,0,0,0,0,0,9.800000000000011,Low,Medium,54489.6,0
M,298.8,308.7,1543,38.2,44,0,0,0,0,0,0,9.899999999999977,Low,Medium,58942.600000000006,0
L,298.8,308.7,1635,35.2,47,0,0,0,0,0,0,9.899999999999977,Low,Medium,57552.00000000001,0
M,298.8,308.7,1446,45.5,49,0,0,0,0,0,0,9.899999999999977,Low,Medium,65793.0,0
M,298.8,308.6,1598,35.1,52,0,0,0,0,0,0,9.800000000000011,Low,Medium,56089.8,0
L,298.8,308.6,1501,35.0,55,0,0,0,0,0,0,9.800000000000011,Low,Medium,52535.0,0
L,298.8,308.5,1450,50.8,57,0,0,0,0,0,0,9.699999999999989,Low,Medium,73660.0,0
L,298.8,308.6,1730,25.9,59,0,0,0,0,0,0,9.800000000000011,Low,Low,44807.0,0
M,298.8,308.6,1571,33.7,61,0,0,0,0,0,0,9.800000000000011,Low,Medium,52942.700000000004,0
L,298.9,308.7,1438,51.7,64,0,0,0,0,0,0,9.800000000000011,Low,Medium,74344.6,0
M,298.8,308.5,1510,38.7,66,0,0,0,0,0,0,9.699999999999989,Low,Medium,58437.00000000001,0
L,298.9,308.7,1389,44.9,69,0,0,0,0,0,0,9.800000000000011,Low,Medium,62366.1,0
L,298.8,308.7,1490,33.6,71,0,0,0,0,0,0,9.899999999999977,Low,Medium,50064.0,0
L,298.9,308.7,1729,26.6,73,0,0,0,0,0,0,9.800000000000011,Low,Low,45991.4,0
L,299.0,308.8,1495,38.4,75,0,0,0,0,0,0,9.800000000000011,Low,Medium,57408.0,0
L,298.9,308.8,1281,53.9,77,0,0,0,0,0,0,9.900000000000034,Low,High,69045.9,0
H,298.9,308.7,1353,48.1,79,0,0,0,0,0,0,9.800000000000011,Low,Medium,65079.3,0
L,299.1,308.8,1429,50.1,84,0,0,0,0,0,0,9.699999999999989,Low,Medium,71592.90000000001,0
L,299.1,308.8,1413,42.1,86,0,0,0,0,0,0,9.699999999999989,Medium,Medium,59487.3,0
L,299.1,308.8,1502,38.3,88,0,0,0,0,0,0,9.699999999999989,Medium,Medium,57526.6,0
H,299.1,308.8,1553,32.6,90,0,0,0,0,0,0,9.699999999999989,Medium,Medium,50627.8,0
H,299.2,308.9,1712,26.4,95,0,0,0,0,0,0,9.699999999999989,Medium,Low,45196.799999999996,0
L,299.3,309.0,1786,23.5,100,0,0,0,0,0,0,9.699999999999989,Medium,Low,41971.0,0
L,299.2,309.0,1951,21.4,102,0,0,0,0,0,0,9.800000000000011,Medium,Low,41751.399999999994,0
M,299.2,309.0,1541,36.3,104,0,0,0,0,0,0,9.800000000000011,Medium,Medium,55938.299999999996,0
L,299.2,309.1,1605,34.3,107,0,0,0,0,0,0,9.900000000000034,Medium,Medium,55051.49999999999,0
L,299.2,309.1,1578,38.1,109,0,0,0,0,0,0,9.900000000000034,Medium,Medium,60121.8,0
M,299.3,309.2,1440,37.5,111,0,0,0,0,0,0,9.899999999999977,Medium,Medium,54000.0,0
L,299.4,309.2,1489,42.3,114,0,0,0,0,0,0,9.800000000000011,Medium,Medium,62984.7,0
L,299.4,309.3,1366,48.4,116,0,0,0,0,0,0,9.900000000000034,Medium,Medium,66114.4,0
L,299.3,309.2,1541,37.2,118,0,0,0,0,0,0,9.899999999999977,Medium,Medium,57325.200000000004,0
H,299.3,309.1,1552,40.7,120,0,0,0,0,0,0,9.800000000000011,Medium,Medium,63166.4,0
L,299.3,309.1,1473,40.3,125,0,0,0,0,0,0,9.800000000000011,Medium,Medium,59361.899999999994,0
L,299.3,309.1,1531,37.9,127,0,0,0,0,0,0,9.800000000000011,Medium,Medium,58024.9,0
L,299.3,309.2,1511,37.2,129,0,0,0,0,0,0,9.899999999999977,Medium,Medium,56209.200000000004,0
M,299.3,309.1,1449,47.9,131,0,0,0,0,0,0,9.800000000000011,Medium,Medium,69407.09999999999,0
M,299.4,309.1,1440,50.0,134,0,0,0,0,0,0,9.700000000000045,Medium,Medium,72000.0,0
M,299.2,309.0,1881,23.9,137,0,0,0,0,0,0,9.800000000000011,Medium,Low,44955.899999999994,0
L,299.3,309.0,1447,50.4,140,0,0,0,0,0,1,9.699999999999989,Medium,Medium,72928.8,0
M,299.4,309.1,1326,62.0,142,0,0,0,0,0,0,9.700000000000045,Medium,High,82212.0,0
L,299.4,309.2,1607,31.7,145,0,0,0,0,0,0,9.800000000000011,Medium,Medium,50941.9,0
L,299.3,309.1,1551,39.1,147,0,0,0,0,0,0,9.800000000000011,Medium,Medium,60644.100000000006,0
L,299.3,309.1,1496,37.2,149,0,0,0,0,0,0,9.800000000000011,Medium,Medium,55651.200000000004,0
L,299.3,309.1,1493,38.0,151,0,0,0,0,0,0,9.800000000000011,Medium,Medium,56734.0,0
L,299.4,309.1,1304,50.5,153,0,0,0,0,0,0,9.700000000000045,Medium,Medium,65852.0,0
M,299.3,309.0,1420,41.6,155,0,0,0,0,0,0,9.699999999999989,Medium,Medium,59072.0,0
L,299.4,309.1,1766,24.6,158,0,0,0,0,0,0,9.700000000000045,Medium,Low,43443.600000000006,0
L,299.6,309.2,1450,43.1,160,0,0,0,0,0,0,9.599999999999966,Medium,Medium,62495.0,0
H,299.5,309.2,1872,22.6,162,0,0,0,0,0,0,9.699999999999989,Medium,Low,42307.200000000004,0
L,299.6,309.2,1713,26.5,167,0,0,0,0,0,0,9.599999999999966,Medium,Low,45394.5,0
M,299.5,309.2,1497,40.9,169,0,0,0,0,0,0,9.699999999999989,High,Medium,61227.299999999996,0
M,299.4,309.1,1352,44.7,172,0,0,0,0,0,0,9.700000000000045,High,Medium,60434.4,0
L,299.5,309.2,1499,41.5,175,0,0,0,0,0,0,9.699999999999989,High,Medium,62208.5,0
L,299.5,309.3,1972,19.3,177,0,0,0,0,0,0,9.800000000000011,High,Low,38059.6,0
L,299.5,309.3,1422,49.2,179,0,0,0,0,0,0,9.800000000000011,High,Medium,69962.40000000001,0
L,299.5,309.3,1523,41.5,181,0,0,0,0,0,0,9.800000000000011,High,Medium,63204.5,0
L,299.5,309.4,1563,41.5,183,0,0,0,0,0,0,9.899999999999977,High,Medium,64864.5,0
L,299.4,309.3,1391,46.6,185,0,0,0,0,0,0,9.900000000000034,High,Medium,64820.6,0
L,299.3,309.1,1795,24.7,187,0,0,0,0,0,0,9.800000000000011,High,Low,44336.5,0
L,299.3,309.1,1293,53.7,189,0,0,0,0,0,0,9.800000000000011,High,High,69434.1,0
L,299.2,309.1,1345,60.7,191,1,0,0,0,1,0,9.900000000000034,High,High,81641.5,0
L,299.2,309.0,1615,33.7,193,0,0,0,0,0,0,9.800000000000011,High,Medium,54425.50000000001,0
L,299.2,308.9,1342,50.8,195,0,0,0,0,0,0,9.699999999999989,High,Medium,68173.59999999999,0
L,299.1,308.8,1502,46.7,197,0,0,0,0,0,0,9.699999999999989,High,Medium,70143.40000000001,0
M,299.0,308.7,1620,35.4,199,0,0,0,0,0,0,9.699999999999989,High,Medium,57348.0,0
L,299.0,308.7,1537,42.8,202,0,0,0,0,0,0,9.699999999999989,High,Medium,65783.59999999999,1
L,299.0,308.7,2248,16.8,204,0,0,0,0,0,0,9.699999999999989,High,Low,37766.4,1
L,299.0,308.7,1706,28.6,206,0,0,0,0,0,0,9.699999999999989,High,Medium,48791.600000000006,1
L,299.0,308.7,2250,16.6,208,0,0,0,0,0,0,9.699999999999989,High,Low,37350.0,1
L,299.0,308.7,1396,48.6,0,0,0,0,0,0,0,9.699999999999989,Low,Medium,67845.6,0
L,298.9,308.6,1522,46.4,2,0,0,0,0,0,0,9.700000000000045,Low,Medium,70620.8,0
L,298.9,308.6,1539,45.4,4,0,0,0,0,0,0,9.700000000000045,Low,Medium,69870.59999999999,0
H,298.9,308.5,1415,54.0,6,0,0,0,0,0,0,9.600000000000023,Low,High,76410.0,0
L,298.8,308.5,1446,37.0,11,0,0,0,0,0,0,9.699999999999989,Low,Medium,53502.0,0
M,298.8,308.6,1486,41.1,13,0,0,0,0,0,0,9.800000000000011,Low,Medium,61074.6,0
L,299.0,308.7,1426,38.6,16,0,0,0,0,0,0,9.699999999999989,Low,Medium,55043.6,0
L,299.0,308.7,1449,38.9,18,0,0,0,0,0,0,9.699999999999989,Low,Medium,56366.1,0
L,299.1,308.8,1320,67.5,20,1,0,0,1,0,0,9.699999999999989,Low,High,89100.0,0
M,299.2,308.9,1447,39.6,22,0,0,0,0,0,0,9.699999999999989,Low,Medium,57301.200000000004,0
L,299.3,309.0,1422,47.3,25,0,0,0,0,0,0,9.699999999999989,Low,Medium,67260.59999999999,0
L,299.3,309.1,1399,52.1,27,0,0,0,0,0,0,9.800000000000011,Low,Medium,72887.90000000001,0
L,299.4,309.2,1427,41.5,29,0,0,0,0,0,0,9.800000000000011,Low,Medium,59220.5,0
M,299.3,309.2,1334,46.3,31,0,0,0,0,0,0,9.899999999999977,Low,Medium,61764.2,0
M,299.3,309.1,1385,45.6,34,0,0,0,0,0,0,9.800000000000011,Low,Medium,63156.0,0
L,299.4,309.2,1552,37.4,37,0,0,0,0,0,0,9.800000000000011,Low,Medium,58044.799999999996,0
H,299.4,309.3,1534,37.5,39,0,0,0,0,0,0,9.900000000000034,Low,Medium,57525.0,0
L,299.4,309.3,1448,48.6,44,0,0,0,0,0,0,9.900000000000034,Low,Medium,70372.8,0
L,299.5,309.3,1409,44.7,46,0,0,0,0,0,0,9.800000000000011,Low,Medium,62982.3,0
L,299.4,309.2,1621,34.5,48,0,0,0,0,0,0,9.800000000000011,Low,Medium,55924.5,0
H,299.4,309.1,1547,40.9,50,0,0,0,0,0,0,9.700000000000045,Low,Medium,63272.299999999996,0
L,299.4,309.1,1957,22.1,55,0,0,0,0,0,0,9.700000000000045,Low,Low,43249.700000000004,0
L,299.4,309.1,2421,14.2,57,0,0,0,0,0,0,9.700000000000045,Low,Low,34378.2,0
M,299.3,309.1,1571,38.3,59,0,0,0,0,0,0,9.800000000000011,Low,Medium,60169.299999999996,0
L,299.3,309.1,1634,36.8,62,0,0,0,0,0,0,9.800000000000011,Low,Medium,60131.2,0
L,299.3,309.0,1516,38.7,64,0,0,0,0,0,0,9.699999999999989,Low,Medium,58669.200000000004,0
L,299.4,309.1,1207,66.5,66,0,0,0,0,0,0,9.700000000000045,Low,High,80265.5,0
L,299.4,309.1,1670,35.9,68,0,0,0,0,0,0,9.700000000000045,Low,Medium,59953.0,0
M,299.4,309.1,1461,48.6,70,0,0,0,0,0,0,9.700000000000045,Low,Medium,71004.6,0
L,299.4,309.2,1569,40.8,73,0,0,0,0,0,0,9.800000000000011,Low,Medium,64015.2,0
L,299.4,309.2,1556,35.7,75,0,0,0,0,0,0,9.800000000000011,Low,Medium,55549.200000000004,0
M,299.5,309.3,1506,41.5,77,0,0,0,0,0,0,9.800000000000011,Low,Medium,62499.0,0
M,299.6,309.4,1642,30.3,80,0,0,0,0,0,0,9.799999999999955,Low,Medium,49752.6,0
M,299.6,309.4,1283,62.1,83,0,0,0,0,0,0,9.799999999999955,Low,High,79674.3,0
H,299.7,309.5,1375,46.8,86,0,0,0,0,0,0,9.800000000000011,Medium,Medium,64349.99999999999,0
L,299.7,309.4,1399,39.9,91,0,0,0,0,0,0,9.699999999999989,Medium,Medium,55820.1,0
L,299.7,309.4,1650,29.8,93,0,0,0,0,0,0,9.699999999999989,Medium,Medium,49170.0,0
M,299.8,309.6,1346,53.2,95,0,0,0,0,0,0,9.800000000000011,Medium,High,71607.2,0
H,299.9,309.6,1410,51.2,98,0,0,0,0,0,0,9.700000000000045,Medium,Medium,72192.0,0
L,300.0,309.7,1586,37.8,103,0,0,0,0,0,0,9.699999999999989,Medium,Medium,59950.799999999996,0
L,300.0,309.8,1372,39.6,105,0,0,0,0,0,0,9.800000000000011,Medium,Medium,54331.200000000004,0
H,300.0,309.7,1529,42.4,107,0,0,0,0,0,0,9.699999999999989,Medium,Medium,64829.6,0
M,300.0,309.7,1652,28.6,112,0,0,0,0,0,0,9.699999999999989,Medium,Medium,47247.200000000004,0
L,300.1,309.8,1532,39.8,115,0,0,0,0,0,0,9.699999999999989,Medium,Medium,60973.6,0
L,300.0,309.7,1554,32.0,117,0,0,0,0,0,0,9.699999999999989,Medium,Medium,49728.0,0
H,299.9,309.6,1462,51.0,119,0,0,0,0,0,0,9.700000000000045,Medium,Medium,74562.0,0
L,299.9,309.6,1254,61.3,124,0,0,0,0,0,0,9.700000000000045,Medium,High,76870.2,0
L,299.9,309.6,1294,49.7,126,0,0,0,0,0,0,9.700000000000045,Medium,Medium,64311.8,0
L,299.8,309.5,1739,27.5,128,0,0,0,0,0,0,9.699999999999989,Medium,Low,47822.5,0
M,299.8,309.4,1412,47.8,130,0,0,0,0,0,0,9.599999999999966,Medium,Medium,67493.59999999999,0
M,299.9,309.5,1372,56.2,133,0,0,0,0,0,0,9.600000000000023,Medium,High,77106.40000000001,0
H,299.8,309.5,1420,46.7,136,0,0,0,0,0,0,9.699999999999989,Medium,Medium,66314.0,0
L,299.8,309.5,1542,40.3,141,0,0,0,0,0,0,9.699999999999989,Medium,Medium,62142.6,0
M,299.8,309.4,1401,48.1,143,0,0,0,0,0,0,9.599999999999966,Medium,Medium,67388.1,0
L,299.8,309.4,1510,42.5,146,0,0,0,0,0,0,9.599999999999966,Medium,Medium,64175.0,0
H,299.9,309.5,1547,38.5,148,0,0,0,0,0,0,9.600000000000023,Medium,Medium,59559.5,0
M,299.8,309.5,1453,43.2,153,0,0,0,0,0,0,9.699999999999989,Medium,Medium,62769.600000000006,0
L,299.8,309.4,1408,45.6,156,0,0,0,0,0,0,9.599999999999966,Medium,Medium,64204.8,0
L,299.8,309.4,1436,51.6,158,0,0,0,0,0,0,9.599999999999966,Medium,Medium,74097.6,0
M,299.9,309.5,1582,38.2,160,0,0,0,0,0,0,9.600000000000023,Medium,Medium,60432.4,0
L,299.9,309.6,1280,59.3,163,0,0,0,0,0,0,9.700000000000045,Medium,High,75904.0,0
L,299.9,309.5,2008,20.4,165,0,0,0,0,0,0,9.600000000000023,Medium,Low,40963.2,0
L,299.9,309.5,1772,23.5,167,0,0,0,0,0,0,9.600000000000023,Medium,Low,41642.0,0
L,299.9,309.5,1779,26.1,169,0,0,0,0,0,0,9.600000000000023,High,Low,46431.9,0
L,299.9,309.5,1567,35.5,171,0,0,0,0,0,0,9.600000000000023,High,Medium,55628.5,0
M,299.8,309.4,1751,27.0,173,0,0,0,0,0,0,9.599999999999966,High,Low,47277.0,0
L,299.9,309.5,1349,51.3,176,0,0,0,0,0,0,9.600000000000023,High,Medium,69203.7,0
M,300.0,309.5,1425,40.8,178,0,0,0,0,0,0,9.5,High,Medium,58139.99999999999,0
L,300.0,309.4,1395,44.5,181,0,0,0,0,0,0,9.399999999999977,High,Medium,62077.5,0
H,299.8,309.3,1595,32.1,183,0,0,0,0,0,0,9.5,High,Medium,51199.5,0
L,299.8,309.3,1291,56.4,188,0,0,0,0,0,0,9.5,High,High,72812.4,0
M,299.9,309.4,1509,42.8,190,0,0,0,0,0,0,9.5,High,Medium,64585.2,0
M,299.9,309.4,1483,38.1,193,0,0,0,0,0,0,9.5,High,Medium,56502.3,0
L,299.9,309.3,1620,31.1,196,0,0,0,0,0,0,9.400000000000034,High,Medium,50382.0,0
M,299.9,309.4,1487,42.2,198,0,0,0,0,0,0,9.5,High,Medium,62751.4,0
L,299.8,309.4,2256,15.9,201,0,0,0,0,0,0,9.599999999999966,High,Low,35870.4,1
H,299.7,309.2,1691,27.7,203,0,0,0,0,0,0,9.5,High,Low,46840.7,1
M,299.8,309.3,1663,35.2,208,0,0,0,0,0,0,9.5,High,Medium,58537.600000000006,1
M,299.8,309.3,1640,31.1,211,0,0,0,0,0,0,9.5,High,Medium,51004.0,1
H,299.7,309.3,1494,37.8,214,0,0,0,0,0,0,9.600000000000023,High,Medium,56473.2,1
L,299.8,309.4,1467,46.2,219,0,0,0,0,0,0,9.599999999999966,High,Medium,67775.40000000001,1
M,299.7,309.3,1399,41.9,221,1,1,0,0,0,0,9.600000000000023,High,Medium,58618.1,1
L,299.7,309.3,1445,42.6,0,0,0,0,0,0,0,9.600000000000023,Low,Medium,61557.0,0
L,299.8,309.4,1480,40.9,2,0,0,0,0,0,0,9.599999999999966,Low,Medium,60532.0,0
L,299.7,309.3,1546,37.2,4,0,0,0,0,0,0,9.600000000000023,Low,Medium,57511.200000000004,0
L,299.7,309.3,1574,35.8,6,0,0,0,0,0,0,9.600000000000023,Low,Medium,56349.2,0
L,299.7,309.3,1592,34.2,8,0,0,0,0,0,0,9.600000000000023,Low,Medium,54446.4,0
L,299.8,309.5,1495,39.6,10,0,0,0,0,0,0,9.699999999999989,Low,Medium,59202.0,0
L,299.8,309.6,1447,43.1,12,0,0,0,0,0,0,9.800000000000011,Low,Medium,62365.700000000004,0
L,299.8,309.5,1476,44.4,14,0,0,0,0,0,0,9.699999999999989,Low,Medium,65534.4,0
L,299.8,309.5,1641,27.1,16,0,0,0,0,0,0,9.699999999999989,Low,Low,44471.100000000006,0
L,299.8,309.5,1545,32.2,18,0,0,0,0,0,0,9.699999999999989,Low,Medium,49749.00000000001,0
M,299.9,309.6,1364,44.4,20,0,0,0,0,0,0,9.700000000000045,Low,Medium,60561.6,0
L,299.8,309.5,1590,28.5,23,0,0,0,0,0,0,9.699999999999989,Low,Medium,45315.0,0
L,299.8,309.4,1460,37.4,25,0,0,0,0,0,0,9.599999999999966,Low,Medium,54604.0,0
L,299.8,309.4,1609,32.5,27,0,0,0,0,0,0,9.599999999999966,Low,Medium,52292.5,0
L,299.8,309.4,1633,27.5,29,0,0,0,0,0,0,9.599999999999966,Low,Low,44907.5,0
L,299.9,309.4,1348,52.8,31,0,0,0,0,0,0,9.5,Low,High,71174.4,0
L,299.9,309.4,1322,53.9,33,0,0,0,0,0,0,9.5,Low,High,71255.8,0
L,300.0,309.5,1641,30.1,35,0,0,0,0,0,0,9.5,Low,Medium,49394.100000000006,0
L,300.0,309.5,1728,26.0,37,0,0,0,0,0,0,9.5,Low,Low,44928.0,0
L,300.0,309.6,1431,47.7,39,0,0,0,0,0,0,9.600000000000023,Low,Medium,68258.7,0
L,300.1,309.7,1641,30.4,41,0,0,0,0,0,0,9.599999999999966,Low,Medium,49886.399999999994,0
M,300.1,309.6,1622,36.1,43,0,0,0,0,0,0,9.5,Low,Medium,58554.200000000004,0
M,300.1,309.6,1625,38.0,46,0,0,0,0,0,0,9.5,Low,Medium,61750.0,0
L,300.0,309.5,1869,22.7,49,0,0,0,0,0,0,9.5,Low,Low,42426.299999999996,0
L,300.0,309.6,1452,46.0,51,0,0,0,0,0,0,9.600000000000023,Low,Medium,66792.0,0
L,300.0,309.6,1618,28.7,53,0,0,0,0,0,0,9.600000000000023,Low,Medium,46436.6,0
L,300.0,309.4,2010,20.0,55,0,0,0,0,0,0,9.399999999999977,Low,Low,40200.0,0
L,299.9,309.4,1363,60.9,57,0,0,0,0,0,0,9.5,Low,High,83006.7,0
L,299.9,309.3,1473,40.4,59,0,0,0,0,0,0,9.400000000000034,Low,Medium,59509.2,0
L,299.9,309.2,1333,50.8,61,0,0,0,0,0,0,9.300000000000011,Low,Medium,67716.4,0
L,299.8,309.2,1760,25.9,63,0,0,0,0,0,0,9.399999999999977,Low,Low,45584.0,0
M,299.8,309.2,1372,58.2,65,0,0,0,0,0,0,9.399999999999977,Low,High,79850.40000000001,0
M,299.7,309.2,1608,34.4,68,0,0,0,0,0,0,9.5,Low,Medium,55315.2,0
L,299.7,309.2,1326,64.8,71,0,0,0,0,0,0,9.5,Low,High,85924.8,0
M,299.6,309.1,1560,37.1,73,0,0,0,0,0,0,9.5,Low,Medium,57876.0,0
M,299.6,309.0,1539,36.1,76,0,0,0,0,0,0,9.399999999999977,Low,Medium,55557.9,0
L,299.6,309.1,2266,15.3,79,0,0,0,0,0,0,9.5,Low,Low,34669.8,0
L,299.6,309.1,1641,35.8,81,0,0,0,0,0,0,9.5,Low,Medium,58747.799999999996,0
L,299.6,309.1,1574,39.2,83,0,0,0,0,0,0,9.5,Low,Medium,61700.8,0
L,299.6,309.1,1407,50.6,85,0,0,0,0,0,0,9.5,Medium,Medium,71194.2,0
H,299.7,309.2,1302,55.5,87,0,0,0,0,0,0,9.5,Medium,High,72261.0,0
M,299.6,309.2,1651,30.8,92,0,0,0,0,0,0,9.599999999999966,Medium,Medium,50850.8,0
M,299.6,309.1,1366,55.2,95,0,0,0,0,0,0,9.5,Medium,High,75403.2,0
M,299.5,309.0,1701,28.6,98,0,0,0,0,0,0,9.5,Medium,Medium,48648.600000000006,0
L,299.5,309.0,1498,44.6,101,0,0,0,0,0,0,9.5,Medium,Medium,66810.8,0
M,299.5,309.1,1422,45.3,103,0,0,0,0,0,0,9.600000000000023,Medium,Medium,64416.6,0
L,299.5,309.1,1357,47.3,106,0,0,0,0,0,0,9.600000000000023,Medium,Medium,64186.1,0
L,299.5,309.2,1690,29.2,108,0,0,0,0,0,0,9.699999999999989,Medium,Medium,49348.0,0
L,299.6,309.2,1559,39.1,110,0,0,0,0,0,0,9.599999999999966,Medium,Medium,60956.9,0
M,299.6,309.3,1553,32.4,112,0,0,0,0,0,0,9.699999999999989,Medium,Medium,50317.2,0
L,299.6,309.3,1558,34.8,115,0,0,0,0,0,0,9.699999999999989,Medium,Medium,54218.399999999994,0
L,299.7,309.4,1362,51.9,117,0,0,0,0,0,0,9.699999999999989,Medium,Medium,70687.8,0
M,299.8,309.3,1470,42.7,119,0,0,0,0,0,0,9.5,Medium,Medium,62769.00000000001,0
L,299.8,309.4,1555,34.8,122,0,0,0,0,0,0,9.599999999999966,Medium,Medium,54113.99999999999,0
M,299.8,309.4,1423,42.9,124,0,0,0,0,0,0,9.599999999999966,Medium,Medium,61046.7,0
L,299.7,309.3,1434,38.5,127,0,0,0,0,0,0,9.600000000000023,Medium,Medium,55209.0,0
L,299.7,309.3,1779,25.5,129,0,0,0,0,0,0,9.600000000000023,Medium,Low,45364.5,0
L,299.7,309.3,1417,54.6,131,0,0,0,0,0,0,9.600000000000023,Medium,High,77368.2,0
L,299.6,309.2,1425,45.9,133,0,0,0,0,0,0,9.599999999999966,Medium,Medium,65407.5,0
M,299.7,309.2,1597,32.9,135,0,0,0,0,0,0,9.5,Medium,Medium,52541.299999999996,0
L,299.7,309.2,1346,57.4,138,0,0,0,0,0,0,9.5,Medium,High,77260.4,0
L,299.7,309.2,1422,40.4,140,0,0,0,0,0,0,9.5,Medium,Medium,57448.799999999996,0
H,299.7,309.2,1572,32.8,142,0,0,0,0,0,0,9.5,Medium,Medium,51561.6,0
L,299.7,309.2,1412,45.4,147,0,0,0,0,0,0,9.5,Medium,Medium,64104.799999999996,0
M,299.7,309.1,1576,36.4,149,0,0,0,0,0,0,9.400000000000034,Medium,Medium,57366.399999999994,0
M,299.7,309.1,1508,41.2,152,0,0,0,0,0,0,9.400000000000034,Medium,Medium,62129.600000000006,0
M,299.8,309.1,1496,44.4,155,0,0,0,0,0,0,9.300000000000011,Medium,Medium,66422.4,0
L,299.8,309.2,1572,35.4,158,0,0,0,0,0,0,9.399999999999977,Medium,Medium,55648.799999999996,0
L,299.6,309.0,1525,42.8,160,0,0,0,0,0,0,9.399999999999977,Medium,Medium,65269.99999999999,0
L,299.6,309.0,1378,51.9,162,0,0,0,0,0,0,9.399999999999977,Medium,Medium,71518.2,0
L,299.6,309.1,1369,51.4,164,0,0,0,0,0,0,9.5,Medium,Medium,70366.59999999999,0
L,299.6,309.1,1476,45.3,166,0,0,0,0,0,0,9.5,Medium,Medium,66862.8,0
L,299.7,309.2,1620,30.0,168,0,0,0,0,0,0,9.5,Medium,Medium,48600.0,0
M,299.7,309.1,1603,38.5,170,0,0,0,0,0,0,9.400000000000034,High,Medium,61715.5,0
L,299.7,309.2,1411,46.1,173,0,0,0,0,0,0,9.5,High,Medium,65047.1,0
L,299.7,309.2,1616,31.6,175,0,0,0,0,0,0,9.5,High,Medium,51065.600000000006,0
L,299.7,309.2,1631,35.1,177,0,0,0,0,0,0,9.5,High,Medium,57248.100000000006,0
M,299.7,309.2,1685,28.9,179,1,0,0,0,0,0,9.5,High,Medium,48696.5,0
H,299.7,309.2,1456,40.6,182,0,0,0,0,0,0,9.5,High,Medium,59113.6,0
L,299.7,309.1,1417,50.1,187,0,0,0,0,0,0,9.400000000000034,High,Medium,70991.7,0
M,299.7,309.1,1851,24.7,189,0,0,0,0,0,0,9.400000000000034,High,Low,45719.7,0
L,299.7,309.1,1715,27.8,192,0,0,0,0,0,0,9.400000000000034,High,Low,47677.0,0
H,299.6,309.1,1630,32.3,194,0,0,0,0,0,0,9.5,High,Medium,52648.99999999999,0
L,299.7,309.2,1478,38.8,199,0,0,0,0,0,0,9.5,High,Medium,57346.399999999994,0
L,299.7,309.2,1781,29.6,201,0,0,0,0,0,0,9.5,High,Medium,52717.600000000006,1
L,299.8,309.2,1439,36.1,203,0,0,0,0,0,0,9.399999999999977,High,Medium,51947.9,1
M,299.7,309.2,1412,45.3,205,0,0,0,0,0,0,9.5,High,Medium,63963.6,1
L,299.7,309.1,1483,41.1,208,0,0,0,0,0,0,9.400000000000034,High,Medium,60951.3,1
L,299.8,309.2,1400,42.6,210,0,0,0,0,0,0,9.399999999999977,High,Medium,59640.0,1
L,299.8,309.3,1299,65.1,212,1,0,0,0,1,0,9.5,High,High,84564.9,1
L,299.8,309.2,1479,44.4,214,0,0,0,0,0,0,9.399999999999977,High,Medium,65667.59999999999,1
L,299.8,309.2,1491,47.5,216,0,0,0,0,0,0,9.399999999999977,High,Medium,70822.5,1
M,299.9,309.3,1389,52.8,0,0,0,0,0,0,0,9.400000000000034,Low,High,73339.2,0
M,299.9,309.4,1399,54.8,3,0,0,0,0,0,0,9.5,Low,High,76665.2,0
M,299.9,309.4,1889,26.0,6,0,0,0,0,0,0,9.5,Low,Low,49114.0,0
L,300.0,309.5,1925,21.9,9,0,0,0,0,0,0,9.5,Low,Low,42157.5,0
L,300.0,309.5,1675,30.2,11,0,0,0,0,0,0,9.5,Low,Medium,50585.0,0
M,300.0,309.6,1477,38.1,13,0,0,0,0,0,0,9.600000000000023,Low,Medium,56273.700000000004,0
L,300.0,309.6,1364,45.9,16,0,0,0,0,0,0,9.600000000000023,Low,Medium,62607.6,0
L,299.9,309.5,1451,39.4,18,0,0,0,0,0,0,9.600000000000023,Low,Medium,57169.4,0
L,299.9,309.4,1467,41.2,20,0,0,0,0,0,0,9.5,Low,Medium,60440.4,0
L,299.9,309.4,1858,22.5,22,0,0,0,0,0,0,9.5,Low,Low,41805.0,0
L,300.1,309.4,1559,39.7,24,0,0,0,0,0,0,9.299999999999955,Low,Medium,61892.3,0
L,300.1,309.4,1560,47.7,26,0,0,0,0,0,0,9.299999999999955,Low,Medium,74412.0,0
L,300.1,309.4,1453,47.6,28,0,0,0,0,0,0,9.299999999999955,Low,Medium,69162.8,0
L,300.1,309.4,1464,41.7,30,0,0,0,0,0,0,9.299999999999955,Low,Medium,61048.8,0
L,300.0,309.4,1308,50.2,32,0,0,0,0,0,0,9.399999999999977,Low,Medium,65661.6,0
L,300.1,309.5,1353,50.9,34,0,0,0,0,0,0,9.399999999999977,Low,Medium,68867.7,0
M,300.2,309.6,1556,35.8,36,0,0,0,0,0,0,9.400000000000034,Low,Medium,55704.799999999996,0
L,300.2,309.5,2183,17.8,39,0,0,0,0,0,0,9.300000000000011,Low,Low,38857.4,0
M,300.2,309.6,1491,41.8,41,0,0,0,0,0,0,9.400000000000034,Low,Medium,62323.799999999996,0
M,300.2,309.6,1528,35.1,44,0,0,0,0,0,0,9.400000000000034,Low,Medium,53632.8,0
L,300.2,309.6,1430,52.7,47,0,0,0,0,0,0,9.400000000000034,Low,High,75361.0,0
L,300.2,309.5,1495,32.6,49,0,0,0,0,0,0,9.300000000000011,Low,Medium,48737.0,0
M,300.2,309.5,1630,28.3,51,0,0,0,0,0,0,9.300000000000011,Low,Medium,46129.0,0
M,300.3,309.6,1524,38.4,54,0,0,0,0,0,0,9.300000000000011,Low,Medium,58521.6,0
L,300.3,309.6,1326,52.4,57,0,0,0,0,0,0,9.300000000000011,Low,High,69482.4,0
H,300.3,309.5,1438,44.0,59,0,0,0,0,0,0,9.199999999999989,Low,Medium,63272.0,0
L,300.4,309.6,1356,45.9,64,0,0,0,0,0,0,9.200000000000045,Low,Medium,62240.4,0
H,300.4,309.6,1416,43.3,66,0,0,0,0,0,0,9.200000000000045,Low,Medium,61312.799999999996,0
L,300.4,309.7,1584,32.6,71,0,0,0,0,0,0,9.300000000000011,Low,Medium,51638.4,0
L,300.3,309.6,1597,31.8,73,0,0,0,0,0,0,9.300000000000011,Low,Medium,50784.6,0
L,300.4,309.6,1553,43.9,75,0,0,0,0,0,0,9.200000000000045,Low,Medium,68176.7,0
M,300.3,309.5,1405,49.4,77,0,0,0,0,0,0,9.199999999999989,Low,Medium,69407.0,0
L,300.2,309.5,1539,35.3,80,0,0,0,0,0,0,9.300000000000011,Low,Medium,54326.7,0
M,300.3,309.6,1398,53.7,82,0,0,0,0,0,0,9.300000000000011,Low,High,75072.6,0
L,300.3,309.6,1568,39.6,85,0,0,0,0,0,0,9.300000000000011,Medium,Medium,62092.8,0
L,300.3,309.6,1404,44.6,87,0,0,0,0,0,0,9.300000000000011,Medium,Medium,62618.4,0
M,300.2,309.5,1500,45.7,89,0,0,0,0,0,0,9.300000000000011,Medium,Medium,68550.0,0
M,300.2,309.5,1642,28.8,92,0,0,0,0,0,0,9.300000000000011,Medium,Medium,47289.6,0
M,300.3,309.6,1509,46.6,95,0,0,0,0,0,0,9.300000000000011,Medium,Medium,70319.40000000001,0
L,300.2,309.5,1343,50.2,98,0,0,0,0,0,0,9.300000000000011,Medium,Medium,67418.6,0
L,300.1,309.5,1450,40.1,100,0,0,0,0,0,0,9.399999999999977,Medium,Medium,58145.0,0
L,300.0,309.4,1460,43.5,102,0,0,0,0,0,0,9.399999999999977,Medium,Medium,63510.0,0
L,300.0,309.3,1364,41.2,104,0,0,0,0,0,0,9.300000000000011,Medium,Medium,56196.8,0
M,299.9,309.3,1452,41.9,106,0,0,0,0,0,0,9.400000000000034,Medium,Medium,60838.799999999996,0
L,299.9,309.3,1471,41.8,109,0,0,0,0,0,0,9.400000000000034,Medium,Medium,61487.799999999996,0
L,299.9,309.2,1598,34.6,111,0,0,0,0,0,0,9.300000000000011,Medium,Medium,55290.8,0
L,299.8,309.1,1772,24.8,113,0,0,0,0,0,0,9.300000000000011,Medium,Low,43945.6,0
L,299.9,309.2,1761,25.6,115,0,0,0,0,0,0,9.300000000000011,Medium,Low,45081.600000000006,0
M,300.0,309.3,1413,40.7,117,0,0,0,0,0,0,9.300000000000011,Medium,Medium,57509.100000000006,0
L,300.0,309.3,1887,22.6,120,0,0,0,0,0,0,9.300000000000011,Medium,Low,42646.200000000004,0
L,300.0,309.3,1395,56.5,122,0,0,0,0,0,0,9.300000000000011,Medium,High,78817.5,0
M,300.1,309.4,1569,31.6,124,0,0,0,0,0,0,9.299999999999955,Medium,Medium,49580.4,0
L,300.1,309.4,1434,47.3,127,0,0,0,0,0,0,9.299999999999955,Medium,Medium,67828.2,0
L,300.2,309.5,1417,41.1,129,0,0,0,0,0,0,9.300000000000011,Medium,Medium,58238.700000000004,0
L,300.2,309.5,1729,28.4,131,0,0,0,0,0,0,9.300000000000011,Medium,Medium,49103.6,0
L,300.2,309.5,1356,51.1,133,0,0,0,0,0,0,9.300000000000011,Medium,Medium,69291.6,0
L,300.2,309.5,1436,48.8,135,0,0,0,0,0,0,9.300000000000011,Medium,Medium,70076.8,0
M,300.3,309.6,1419,42.5,137,0,0,0,0,0,0,9.300000000000011,Medium,Medium,60307.5,0
L,300.3,309.6,1593,38.1,140,0,0,0,0,0,0,9.300000000000011,Medium,Medium,60693.3,0
M,300.3,309.5,1320,62.2,142,0,0,0,0,0,0,9.199999999999989,Medium,High,82104.0,0
M,300.3,309.5,1448,42.4,145,0,0,0,0,0,0,9.199999999999989,Medium,Medium,61395.2,0
L,300.3,309.4,1470,33.5,148,0,0,0,0,0,0,9.099999999999966,Medium,Medium,49245.0,0
M,300.3,309.4,1612,33.1,150,0,0,0,0,0,0,9.099999999999966,Medium,Medium,53357.200000000004,0
L,300.4,309.4,1412,51.6,153,0,0,0,0,0,0,9.0,Medium,Medium,72859.2,0
M,300.4,309.4,1875,23.9,155,0,0,0,0,0,0,9.0,Medium,Low,44812.5,0
L,300.3,309.3,1612,36.0,158,0,0,0,0,0,0,9.0,Medium,Medium,58032.0,0
M,300.4,309.3,1411,41.6,160,0,0,0,0,0,0,8.900000000000034,Medium,Medium,58697.6,0
M,300.3,309.2,1490,47.9,163,0,0,0,0,0,0,8.899999999999977,Medium,Medium,71371.0,0
M,300.4,309.3,1467,40.3,166,0,0,0,0,0,0,8.900000000000034,Medium,Medium,59120.1,0
L,300.3,309.2,1807,26.4,169,0,0,0,0,0,0,8.899999999999977,High,Low,47704.799999999996,0
L,300.3,309.1,1368,46.0,171,0,0,0,0,0,0,8.800000000000011,High,Medium,62928.0,0
L,300.3,309.2,1572,32.0,173,0,0,0,0,0,0,8.899999999999977,High,Medium,50304.0,0
M,300.3,309.1,1458,44.3,175,0,0,0,0,0,0,8.800000000000011,High,Medium,64589.399999999994,0
L,300.3,309.1,1699,30.3,178,0,0,0,0,0,0,8.800000000000011,High,Medium,51479.700000000004,0
L,300.3,309.3,1478,39.5,180,0,0,0,0,0,0,9.0,High,Medium,58381.0,0
M,300.4,309.4,1362,42.1,182,0,0,0,0,0,0,9.0,High,Medium,57340.200000000004,0
H,300.4,309.4,1487,38.9,185,0,0,0,0,0,0,9.0,High,Medium,57844.299999999996,0
L,300.3,309.4,1705,29.4,190,0,0,0,0,0,0,9.099999999999966,High,Medium,50127.0,0
L,300.3,309.3,1345,53.5,192,0,0,0,0,0,0,9.0,High,High,71957.5,0
L,300.3,309.2,1532,40.2,194,0,0,0,0,0,0,8.899999999999977,High,Medium,61586.4,0
L,300.3,309.2,1650,35.2,196,0,0,0,0,0,0,8.899999999999977,High,Medium,58080.00000000001,0
L,300.3,309.2,1398,54.4,198,0,0,0,0,0,0,8.899999999999977,High,High,76051.2,0
L,300.3,309.2,1412,44.8,200,0,0,0,0,0,0,8.899999999999977,High,Medium,63257.6,1
L,300.4,309.3,1525,39.6,202,0,0,0,0,0,0,8.900000000000034,High,Medium,60390.0,1
M,300.3,309.3,1391,57.9,204,0,0,0,0,0,0,9.0,High,High,80538.9,1
L,300.4,309.3,1766,28.2,207,0,0,0,0,0,0,8.900000000000034,High,Medium,49801.2,1
L,300.4,309.3,1671,35.0,209,0,0,0,0,0,0,8.900000000000034,High,Medium,58485.0,1
L,300.5,309.3,1373,48.8,211,0,0,0,0,0,0,8.800000000000011,High,Medium,67002.4,1
M,300.5,309.4,1347,50.1,213,0,0,0,0,0,0,8.899999999999977,High,Medium,67484.7,1
M,300.5,309.3,1539,39.1,216,0,0,0,0,0,0,8.800000000000011,High,Medium,60174.9,1
L,300.5,309.3,1470,40.8,219,0,0,0,0,0,0,8.800000000000011,High,Medium,59975.99999999999,1
L,300.5,309.3,1528,37.0,221,0,0,0,0,0,0,8.800000000000011,High,Medium,56536.0,1
H,300.5,309.3,1471,45.2,223,0,0,0,0,0,0,8.800000000000011,High,Medium,66489.2,1
M,300.4,309.2,1528,37.2,228,0,0,0,0,0,0,8.800000000000011,High,Medium,56841.600000000006,1
L,300.5,309.3,1417,51.5,231,1,0,0,0,1,0,8.800000000000011,High,Medium,72975.5,1
L,300.6,309.4,1549,43.4,233,0,0,0,0,0,0,8.799999999999955,High,Medium,67226.59999999999,1
H,300.6,309.4,1463,49.2,235,0,0,0,0,0,0,8.799999999999955,High,Medium,71979.6,1
L,300.7,309.5,1479,43.6,240,0,0,0,0,0,0,8.800000000000011,High,Medium,64484.4,1
L,300.6,309.5,1867,23.0,242,0,0,0,0,0,0,8.899999999999977,High,Low,42941.0,1
L,300.6,309.4,1471,44.1,244,0,0,0,0,0,0,8.799999999999955,High,Medium,64871.1,1
H,300.6,309.4,1380,47.6,246,1,1,0,0,0,0,8.799999999999955,High,Medium,65688.0,1
H,300.7,309.7,1623,32.7,0,0,0,0,0,0,0,9.0,Low,Medium,53072.100000000006,0
L,300.8,309.7,1997,20.7,5,0,0,0,0,0,0,8.899999999999977,Low,Low,41337.9,0
H,300.7,309.6,1390,48.5,7,0,0,0,0,0,0,8.900000000000034,Low,Medium,67415.0,0
L,300.8,309.7,1418,46.6,12,0,0,0,0,0,0,8.899999999999977,Low,Medium,66078.8,0
L,300.8,309.7,1519,35.8,14,0,0,0,0,0,0,8.899999999999977,Low,Medium,54380.2,0
M,300.8,309.7,1519,39.7,16,0,0,0,0,0,0,8.899999999999977,Low,Medium,60304.3,0
M,300.7,309.6,1536,37.2,19,0,0,0,0,0,0,8.900000000000034,Low,Medium,57139.200000000004,0
L,300.8,309.6,1680,28.7,22,0,0,0,0,0,0,8.800000000000011,Low,Medium,48216.0,0
H,300.6,309.4,1555,37.9,24,0,0,0,0,0,0,8.799999999999955,Low,Medium,58934.5,0
L,300.6,309.5,1471,49.6,29,0,0,0,0,0,0,8.899999999999977,Low,Medium,72961.6,0
M,300.5,309.4,1877,23.8,31,0,0,0,0,0,0,8.899999999999977,Low,Low,44672.6,0
M,300.5,309.3,1578,30.5,34,0,0,0,0,0,0,8.800000000000011,Low,Medium,48129.0,0
M,300.5,309.4,1655,32.1,37,0,0,0,0,0,0,8.899999999999977,Low,Medium,53125.5,0
H,300.5,309.4,1502,34.3,40,0,0,0,0,0,0,8.899999999999977,Low,Medium,51518.6,0
M,300.6,309.4,1367,63.2,45,1,0,0,1,0,0,8.799999999999955,Low,High,86394.40000000001,0
L,300.7,309.5,1541,37.2,48,0,0,0,0,0,0,8.800000000000011,Low,Medium,57325.200000000004,0
M,300.6,309.6,1588,37.0,50,0,0,0,0,0,0,9.0,Low,Medium,58756.0,0
L,300.6,309.6,1684,32.8,53,0,0,0,0,0,0,9.0,Low,Medium,55235.2,0
L,300.6,309.5,1437,40.0,55,0,0,0,0,0,0,8.899999999999977,Low,Medium,57480.0,0
L,300.6,309.6,1409,42.4,57,0,0,0,0,0,0,9.0,Low,Medium,59741.6,0
M,300.5,309.5,1320,49.9,59,0,0,0,0,0,0,9.0,Low,Medium,65868.0,0
H,300.5,309.5,1635,34.2,62,0,0,0,0,0,0,9.0,Low,Medium,55917.00000000001,0
M,300.5,309.5,1691,27.6,67,0,0,0,0,0,0,9.0,Low,Low,46671.600000000006,0
M,300.6,309.6,1365,50.0,70,0,0,0,0,0,0,9.0,Low,Medium,68250.0,0
M,300.7,309.7,1523,38.2,73,0,0,0,0,0,0,9.0,Low,Medium,58178.600000000006,0
L,300.6,309.7,1593,32.4,76,0,0,0,0,0,0,9.099999999999966,Low,Medium,51613.2,0
L,300.6,309.6,1682,30.7,78,0,0,0,0,0,0,9.0,Low,Medium,51637.4,0
L,300.7,309.6,1329,54.3,80,0,0,0,0,0,0,8.900000000000034,Low,High,72164.7,0
M,300.7,309.6,1568,35.2,82,0,0,0,0,0,0,8.900000000000034,Low,Medium,55193.600000000006,0
L,300.7,309.6,1733,24.8,85,0,0,0,0,0,0,8.900000000000034,Medium,Low,42978.4,0
M,300.7,309.6,1473,48.1,87,0,0,0,0,0,0,8.900000000000034,Medium,Medium,70851.3,0
M,300.7,309.5,1633,31.3,90,0,0,0,0,0,0,8.800000000000011,Medium,Medium,51112.9,0
M,300.6,309.5,1530,40.2,93,0,0,0,0,0,0,8.899999999999977,Medium,Medium,61506.00000000001,0
M,300.6,309.5,1550,40.2,96,0,0,0,0,0,0,8.899999999999977,Medium,Medium,62310.00000000001,0
L,300.6,309.4,1410,40.6,99,0,0,0,0,0,0,8.799999999999955,Medium,Medium,57246.0,0
L,300.5,309.3,1574,33.5,101,0,0,0,0,0,0,8.800000000000011,Medium,Medium,52729.0,0
L,300.6,309.4,1425,40.3,103,0,0,0,0,0,0,8.799999999999955,Medium,Medium,57427.49999999999,0
M,300.6,309.4,1541,35.2,105,0,0,0,0,0,0,8.799999999999955,Medium,Medium,54243.200000000004,0
M,300.7,309.5,1733,26.7,108,0,0,0,0,0,0,8.800000000000011,Medium,Low,46271.1,0
L,300.6,309.4,2496,13.5,111,0,0,0,0,0,0,8.799999999999955,Medium,Low,33696.0,0
L,300.6,309.4,1552,36.4,113,0,0,0,0,0,0,8.799999999999955,Medium,Medium,56492.799999999996,0
L,300.6,309.3,1409,38.7,115,0,0,0,0,0,0,8.699999999999989,Medium,Medium,54528.3,0
M,300.6,309.4,1581,35.7,117,0,0,0,0,0,0,8.799999999999955,Medium,Medium,56441.700000000004,0
L,300.7,309.5,1251,59.9,120,0,0,0,0,0,0,8.800000000000011,Medium,High,74934.9,0
L,300.7,309.6,1500,44.1,122,0,0,0,0,0,0,8.900000000000034,Medium,Medium,66150.0,0
L,300.6,309.5,1576,38.8,124,0,0,0,0,0,0,8.899999999999977,Medium,Medium,61148.799999999996,0
M,300.7,309.5,1352,44.0,126,0,0,0,0,0,0,8.800000000000011,Medium,Medium,59488.0,0
L,300.7,309.6,1661,30.3,129,0,0,0,0,0,0,8.900000000000034,Medium,Medium,50328.3,0
L,300.7,309.6,1541,34.6,131,0,0,0,0,0,0,8.900000000000034,Medium,Medium,53318.600000000006,0
H,300.6,309.6,1888,20.5,133,0,0,0,0,0,0,9.0,Medium,Low,38704.0,0
L,300.5,309.5,1255,62.1,138,0,0,0,0,0,0,9.0,Medium,High,77935.5,0
L,300.6,309.6,1411,41.6,140,0,0,0,0,0,0,9.0,Medium,Medium,58697.6,0
L,300.6,309.5,1516,39.0,142,0,0,0,0,0,0,8.899999999999977,Medium,Medium,59124.0,0
M,300.6,309.5,1492,34.0,144,0,0,0,0,0,0,8.899999999999977,Medium,Medium,50728.0,0
L,300.6,309.6,1726,30.0,147,0,0,0,0,0,0,9.0,Medium,Medium,51780.0,0
L,300.7,309.7,1598,33.7,149,0,0,0,0,0,0,9.0,Medium,Medium,53852.600000000006,0
L,300.8,309.8,1657,31.1,151,0,0,0,0,0,0,9.0,Medium,Medium,51532.700000000004,0
L,300.8,309.7,1481,38.1,153,0,0,0,0,0,0,8.899999999999977,Medium,Medium,56426.1,0
M,300.7,309.7,1397,51.3,155,0,0,0,0,0,0,9.0,Medium,Medium,71666.09999999999,0
L,300.8,309.7,1461,44.3,158,0,0,0,0,0,0,8.899999999999977,Medium,Medium,64722.299999999996,0
M,300.7,309.6,1388,51.1,160,0,0,0,0,0,0,8.900000000000034,Medium,Medium,70926.8,0
L,300.7,309.7,1507,52.4,163,0,0,0,0,0,0,9.0,Medium,High,78966.8,0
M,300.7,309.6,1421,49.8,165,0,0,0,0,0,0,8.900000000000034,Medium,Medium,70765.8,0
M,300.8,309.7,1258,54.9,168,0,0,0,0,0,0,8.899999999999977,Medium,High,69064.2,0
M,300.8,309.7,1482,39.0,171,0,0,0,0,0,0,8.899999999999977,High,Medium,57798.0,0
H,300.7,309.6,1403,51.3,174,0,0,0,0,0,0,8.900000000000034,High,Medium,71973.9,0
L,300.8,309.7,1373,45.4,179,0,0,0,0,0,0,8.899999999999977,High,Medium,62334.2,0
L,300.9,309.7,1460,42.1,181,0,0,0,0,0,0,8.800000000000011,High,Medium,61466.0,0
M,300.8,309.7,1751,27.9,183,0,0,0,0,0,0,8.899999999999977,High,Low,48852.899999999994,0
M,300.8,309.6,1546,42.3,186,0,0,0,0,0,0,8.800000000000011,High,Medium,65395.799999999996,0
M,300.8,309.7,1680,28.2,189,0,0,0,0,0,0,8.899999999999977,High,Medium,47376.0,0
M,300.9,309.7,1394,48.8,192,0,0,0,0,0,0,8.800000000000011,High,Medium,68027.2,0
L,300.7,309.6,1810,26.0,195,0,0,0,0,0,0,8.900000000000034,High,Low,47060.0,0
L,300.7,309.5,1479,34.5,197,0,0,0,0,0,0,8.800000000000011,High,Medium,51025.5,0
L,300.9,309.7,1431,41.4,199,0,0,0,0,0,0,8.800000000000011,High,Medium,59243.4,0
L,300.9,309.7,2355,14.4,201,0,0,0,0,0,0,8.800000000000011,High,Low,33912.0,1
M,300.7,309.6,1996,19.8,203,1,1,0,0,0,0,8.900000000000034,High,Low,39520.8,1
L,300.7,309.5,1461,49.9,0,0,0,0,0,0,0,8.800000000000011,Low,Medium,72903.9,0
H,300.7,309.5,2007,19.7,2,0,0,0,0,0,0,8.800000000000011,Low,Low,39537.9,0
L,300.7,309.6,1505,34.9,7,0,0,0,0,0,0,8.900000000000034,Low,Medium,52524.5,0
H,300.7,309.6,1925,20.5,9,0,0,0,0,0,0,8.900000000000034,Low,Low,39462.5,0
M,300.7,309.5,1622,30.5,14,0,0,0,0,0,0,8.800000000000011,Low,Medium,49471.0,0
L,300.7,309.5,1592,29.0,17,0,0,0,0,0,0,8.800000000000011,Low,Medium,46168.0,0
L,300.7,309.5,1850,24.5,19,0,0,0,0,0,0,8.800000000000011,Low,Low,45325.0,0
M,300.7,309.5,1470,48.7,21,0,0,0,0,0,0,8.800000000000011,Low,Medium,71589.0,0
M,300.7,309.5,1445,46.4,24,0,0,0,0,0,0,8.800000000000011,Low,Medium,67048.0,0
L,300.7,309.5,1685,31.1,27,0,0,0,0,0,0,8.800000000000011,Low,Medium,52403.5,0
H,300.7,309.5,1667,30.5,29,0,0,0,0,0,0,8.800000000000011,Low,Medium,50843.5,0
L,300.7,309.5,1578,35.4,34,0,0,0,0,0,0,8.800000000000011,Low,Medium,55861.2,0
H,300.6,309.4,1691,28.0,36,0,0,0,0,0,0,8.799999999999955,Low,Low,47348.0,0
M,300.7,309.5,1439,43.8,41,0,0,0,0,0,0,8.800000000000011,Low,Medium,63028.2,0
M,300.8,309.6,1404,38.7,44,0,0,0,0,0,0,8.800000000000011,Low,Medium,54334.8,0
L,300.8,309.6,1498,45.8,47,0,0,0,0,0,0,8.800000000000011,Low,Medium,68608.4,0
M,300.8,309.5,1481,44.5,49,0,0,0,0,0,0,8.699999999999989,Low,Medium,65904.5,0
M,300.7,309.4,1589,35.0,52,0,0,0,0,0,0,8.699999999999989,Low,Medium,55615.0,0
L,300.7,309.5,1467,44.3,55,0,0,0,0,0,0,8.800000000000011,Low,Medium,64988.1,0
L,300.6,309.4,1654,32.8,57,0,0,0,0,0,0,8.799999999999955,Low,Medium,54251.2,0
L,300.7,309.5,1508,39.9,59,0,0,0,0,0,0,8.800000000000011,Low,Medium,60169.2,0
M,300.7,309.6,1439,43.0,61,0,0,0,0,0,0,8.900000000000034,Low,Medium,61877.0,0
L,300.7,309.5,1692,30.3,64,0,0,0,0,0,0,8.800000000000011,Low,Medium,51267.6,0
M,300.7,309.5,1838,24.9,66,0,0,0,0,0,0,8.800000000000011,Low,Low,45766.2,0
L,300.6,309.3,1601,40.2,69,0,0,0,0,0,0,8.699999999999989,Low,Medium,64360.200000000004,0
L,300.6,309.4,1369,51.6,71,0,0,0,0,0,0,8.799999999999955,Low,Medium,70640.40000000001,0
M,300.6,309.4,1312,45.2,73,0,0,0,0,0,0,8.799999999999955,Low,Medium,59302.4,0
L,300.6,309.4,1468,44.1,76,0,0,0,0,0,0,8.799999999999955,Low,Medium,64738.8,0
M,300.6,309.4,1452,39.4,78,0,0,0,0,0,0,8.799999999999955,Low,Medium,57208.799999999996,0
M,300.7,309.5,1393,43.9,81,0,0,0,0,0,0,8.800000000000011,Low,Medium,61152.7,0
M,300.6,309.4,1432,44.2,84,0,0,0,0,0,0,8.799999999999955,Low,Medium,63294.4,0
M,300.6,309.3,1510,46.0,87,0,0,0,0,0,0,8.699999999999989,Medium,Medium,69460.0,0
M,300.6,309.4,1521,37.2,90,0,0,0,0,0,0,8.799999999999955,Medium,Medium,56581.200000000004,0
H,300.5,309.4,1360,46.2,93,0,0,0,0,0,0,8.899999999999977,Medium,Medium,62832.00000000001,0
M,300.5,309.3,1881,25.5,98,0,0,0,0,0,0,8.800000000000011,Medium,Low,47965.5,0
L,300.4,309.3,1413,50.3,101,0,0,0,0,0,0,8.900000000000034,Medium,Medium,71073.9,0
H,300.5,309.4,1642,36.2,103,0,0,0,0,0,0,8.899999999999977,Medium,Medium,59440.4,0
L,300.5,309.5,1542,38.5,108,0,0,0,0,0,0,9.0,Medium,Medium,59367.0,0
L,300.4,309.5,1447,39.3,110,0,0,0,0,0,0,9.100000000000023,Medium,Medium,56867.1,0
H,300.4,309.4,1530,40.4,112,0,0,0,0,0,0,9.0,Medium,Medium,61812.0,0
L,300.5,309.5,1795,27.7,117,0,0,0,0,0,0,9.0,Medium,Low,49721.5,0
L,300.6,309.6,1290,57.4,119,0,0,0,0,0,0,9.0,Medium,High,74046.0,0
L,300.6,309.7,1639,30.4,121,0,0,0,0,0,0,9.099999999999966,Medium,Medium,49825.6,0
L,300.7,309.8,1596,31.5,123,0,0,0,0,0,0,9.100000000000023,Medium,Medium,50274.0,0
L,300.6,309.8,1455,48.0,125,0,0,0,0,0,0,9.199999999999989,Medium,Medium,69840.0,0
M,300.6,309.8,1659,28.9,127,0,0,0,0,0,0,9.199999999999989,Medium,Medium,47945.1,0
M,300.6,309.8,1532,42.5,130,0,0,0,0,0,0,9.199999999999989,Medium,Medium,65110.0,0
L,300.6,309.8,1502,42.4,133,0,0,0,0,0,0,9.199999999999989,Medium,Medium,63684.799999999996,0
L,300.6,309.8,1688,28.6,135,0,0,0,0,0,0,9.199999999999989,Medium,Medium,48276.8,0
M,300.5,309.7,1341,50.9,137,0,0,0,0,0,0,9.199999999999989,Medium,Medium,68256.9,0
M,300.5,309.7,1685,29.4,140,0,0,0,0,0,0,9.199999999999989,Medium,Medium,49539.0,0
M,300.5,309.8,1370,55.9,143,0,0,0,0,0,0,9.300000000000011,Medium,High,76583.0,0
L,300.5,309.8,1461,52.5,146,0,0,0,0,0,0,9.300000000000011,Medium,High,76702.5,0
L,300.5,309.8,1550,37.4,148,0,0,0,0,0,0,9.300000000000011,Medium,Medium,57970.0,0
M,300.5,309.8,1508,37.8,150,0,0,0,0,0,0,9.300000000000011,Medium,Medium,57002.399999999994,0
L,300.5,309.8,1345,62.7,153,0,0,0,0,0,0,9.300000000000011,Medium,High,84331.5,0
L,300.5,309.7,1616,34.5,155,0,0,0,0,0,0,9.199999999999989,Medium,Medium,55752.0,0
L,300.5,309.7,1395,61.0,157,0,0,0,0,0,0,9.199999999999989,Medium,High,85095.0,0
H,300.5,309.8,1324,72.8,159,1,0,0,1,0,0,9.300000000000011,Medium,High,96387.2,0
L,300.5,309.8,1445,43.9,164,0,0,0,0,0,0,9.300000000000011,Medium,Medium,63435.5,0
M,300.5,309.8,1555,38.9,166,0,0,0,0,0,0,9.300000000000011,Medium,Medium,60489.5,0
M,300.6,309.9,1449,42.4,169,0,0,0,0,0,0,9.299999999999955,High,Medium,61437.6,0
M,300.5,309.9,1466,53.2,172,0,0,0,0,0,0,9.399999999999977,High,High,77991.2,0
L,300.5,309.9,1503,37.4,175,0,0,0,0,0,0,9.399999999999977,High,Medium,56212.2,0
L,300.4,309.7,1488,35.7,177,0,0,0,0,0,0,9.300000000000011,High,Medium,53121.600000000006,0
L,300.4,309.7,1314,50.2,179,0,0,0,0,0,0,9.300000000000011,High,Medium,65962.8,0
M,300.4,309.7,1547,38.0,181,0,0,0,0,0,0,9.300000000000011,High,Medium,58786.0,0
M,300.4,309.7,1466,39.8,184,0,0,0,0,0,0,9.300000000000011,High,Medium,58346.799999999996,0
L,300.3,309.6,1537,37.1,187,0,0,0,0,0,0,9.300000000000011,High,Medium,57022.700000000004,0
M,300.2,309.5,1434,51.5,189,0,0,0,0,0,0,9.300000000000011,High,Medium,73851.0,0
L,300.4,309.6,1432,44.7,192,0,0,0,0,0,0,9.200000000000045,High,Medium,64010.4,0
L,300.5,309.6,1390,48.4,194,0,0,0,0,0,0,9.100000000000023,High,Medium,67276.0,0
L,300.5,309.7,1580,42.8,196,0,0,0,0,0,0,9.199999999999989,High,Medium,67624.0,0
L,300.5,309.7,1589,30.5,198,0,0,0,0,0,0,9.199999999999989,High,Medium,48464.5,0
L,300.5,309.8,1441,48.8,200,0,0,0,0,0,0,9.300000000000011,High,Medium,70320.8,1
L,300.5,309.8,1305,51.7,202,0,0,0,0,0,0,9.300000000000011,High,Medium,67468.5,1
M,300.5,309.8,1566,35.9,204,0,0,0,0,0,0,9.300000000000011,High,Medium,56219.399999999994,1
L,300.5,309.8,1379,54.2,207,1,0,0,0,1,0,9.300000000000011,High,High,74741.8,1
L,300.4,309.6,1543,38.1,209,0,0,0,0,0,0,9.200000000000045,High,Medium,58788.3,1
L,300.5,309.8,1421,49.6,211,0,0,0,0,0,0,9.300000000000011,High,Medium,70481.6,1
L,300.5,309.6,1760,30.6,213,0,0,0,0,0,0,9.100000000000023,High,Medium,53856.0,1
L,300.4,309.5,1711,29.2,215,0,0,0,0,0,0,9.100000000000023,High,Medium,49961.2,1
L,300.5,309.6,1465,41.6,217,0,0,0,0,0,0,9.100000000000023,High,Medium,60944.0,1
L,300.5,309.6,1366,50.2,219,0,0,0,0,0,0,9.100000000000023,High,Medium,68573.2,1
M,300.4,309.5,1888,21.9,221,0,0,0,0,0,0,9.100000000000023,High,Low,41347.2,1
L,300.5,309.5,1777,23.6,0,0,0,0,0,0,0,9.0,Low,Low,41937.200000000004,0
L,300.5,309.5,1379,55.6,2,0,0,0,0,0,0,9.0,Low,High,76672.40000000001,0
L,300.4,309.5,1525,51.3,4,0,0,0,0,0,0,9.100000000000023,Low,Medium,78232.5,0
M,300.4,309.6,1563,34.0,6,0,0,0,0,0,0,9.200000000000045,Low,Medium,53142.0,0
M,300.5,309.7,1389,43.3,9,0,0,0,0,0,0,9.199999999999989,Low,Medium,60143.7,0
M,300.6,309.8,1447,42.9,12,0,0,0,0,0,0,9.199999999999989,Low,Medium,62076.299999999996,0
M,300.6,309.7,1934,22.8,15,0,0,0,0,0,0,9.099999999999966,Low,Low,44095.200000000004,0
H,300.6,309.7,1470,43.8,18,0,0,0,0,0,0,9.099999999999966,Low,Medium,64385.99999999999,0
M,300.6,309.7,1428,42.6,23,0,0,0,0,0,0,9.099999999999966,Low,Medium,60832.8,0
L,300.4,309.6,1319,48.1,26,0,0,0,0,0,0,9.200000000000045,Low,Medium,63443.9,0
L,300.5,309.7,1887,24.3,28,0,0,0,0,0,0,9.199999999999989,Low,Low,45854.1,0
L,300.4,309.5,1349,50.4,30,0,0,0,0,0,0,9.100000000000023,Low,Medium,67989.59999999999,0
M,300.3,309.5,1665,31.4,32,0,0,0,0,0,0,9.199999999999989,Low,Medium,52281.0,0
L,300.3,309.5,1474,38.7,35,0,0,0,0,0,0,9.199999999999989,Low,Medium,57043.8,0
L,300.4,309.5,1543,38.9,37,0,0,0,0,0,0,9.100000000000023,Low,Medium,60022.7,0
M,300.2,309.4,1459,43.9,39,0,0,0,0,0,0,9.199999999999989,Low,Medium,64050.1,0
L,300.3,309.5,1551,37.9,42,0,0,0,0,0,0,9.199999999999989,Low,Medium,58782.899999999994,0
L,300.2,309.4,1981,21.4,44,0,0,0,0,0,0,9.199999999999989,Low,Low,42393.399999999994,0
L,300.2,309.4,1526,35.3,46,0,0,0,0,0,0,9.199999999999989,Low,Medium,53867.799999999996,0
M,300.2,309.4,1501,40.0,48,0,0,0,0,0,0,9.199999999999989,Low,Medium,60040.0,0
L,300.2,309.4,1558,38.3,51,0,0,0,0,0,0,9.199999999999989,Low,Medium,59671.399999999994,0
L,300.2,309.3,1532,43.2,53,0,0,0,0,0,0,9.100000000000023,Low,Medium,66182.40000000001,0
L,300.1,309.2,1326,55.9,55,0,0,0,0,0,0,9.099999999999966,Low,High,74123.4,0
L,300.2,309.2,1431,51.3,57,0,0,0,0,0,0,9.0,Low,Medium,73410.3,0
L,300.2,309.3,1366,49.3,59,0,0,0,0,0,0,9.100000000000023,Low,Medium,67343.8,0
L,300.1,309.2,1421,42.5,61,0,0,0,0,0,0,9.099999999999966,Low,Medium,60392.5,0
H,300.2,309.3,1506,35.6,63,0,0,0,0,0,0,9.100000000000023,Low,Medium,53613.6,0
H,300.2,309.3,1342,48.7,68,0,0,0,0,0,0,9.100000000000023,Low,Medium,65355.4,0
L,300.1,309.2,1427,37.6,73,0,0,0,0,0,0,9.099999999999966,Low,Medium,53655.200000000004,0
L,300.2,309.2,1667,29.9,75,0,0,0,0,0,0,9.0,Low,Medium,49843.299999999996,0
L,300.1,309.1,1400,46.7,77,0,0,0,0,0,0,9.0,Low,Medium,65380.00000000001,0
L,300.0,309.0,1709,32.1,79,0,0,0,0,0,0,9.0,Low,Medium,54858.9,0
M,300.0,309.0,1368,45.8,81,0,0,0,0,0,0,9.0,Low,Medium,62654.399999999994,0
L,300.0,309.1,1882,23.8,84,0,0,0,0,0,0,9.100000000000023,Low,Low,44791.6,0
L,300.1,309.1,1353,58.7,86,0,0,0,0,0,0,9.0,Medium,High,79421.1,0
L,299.9,309.0,1553,40.0,88,0,0,0,0,0,0,9.100000000000023,Medium,Medium,62120.0,0
L,300.0,309.1,1431,45.4,90,0,0,0,0,0,0,9.100000000000023,Medium,Medium,64967.4,0
M,300.1,309.1,1731,30.4,92,0,0,0,0,0,0,9.0,Medium,Medium,52622.399999999994,0
M,300.1,309.2,1687,27.7,95,0,0,0,0,0,1,9.099999999999966,Medium,Low,46729.9,0
M,300.1,309.2,1457,44.3,98,0,0,0,0,0,0,9.099999999999966,Medium,Medium,64545.1,0
L,300.1,309.2,1533,37.0,101,0,0,0,0,0,0,9.099999999999966,Medium,Medium,56721.0,0
H,300.0,309.0,1622,31.8,103,0,0,0,0,0,0,9.0,Medium,Medium,51579.6,0
L,300.0,309.1,1791,28.2,108,0,0,0,0,0,0,9.100000000000023,Medium,Medium,50506.2,0
L,300.0,309.1,1631,28.3,110,0,0,0,0,0,0,9.100000000000023,Medium,Medium,46157.3,0
L,300.0,309.0,2174,16.9,112,0,0,0,0,0,0,9.0,Medium,Low,36740.6,0
L,300.1,309.0,1314,58.2,114,0,0,0,0,0,0,8.899999999999977,Medium,High,76474.8,0
L,300.1,309.1,1478,46.9,116,0,0,0,0,0,0,9.0,Medium,Medium,69318.2,0
L,300.1,309.2,1783,27.3,118,0,0,0,0,0,0,9.099999999999966,Medium,Low,48675.9,0
M,300.1,309.2,1385,46.1,120,0,0,0,0,0,0,9.099999999999966,Medium,Medium,63848.5,0
L,300.0,309.2,1444,43.6,123,0,0,0,0,0,0,9.199999999999989,Medium,Medium,62958.4,0
L,300.1,309.3,1841,23.0,125,0,0,0,0,0,0,9.199999999999989,Medium,Low,42343.0,0
M,300.1,309.4,1349,56.2,127,0,0,0,0,0,0,9.299999999999955,Medium,High,75813.8,0
L,300.1,309.3,1340,56.0,130,0,0,0,0,0,0,9.199999999999989,Medium,High,75040.0,0
M,299.9,309.2,1539,43.2,132,0,0,0,0,0,0,9.300000000000011,Medium,Medium,66484.8,0
M,300.0,309.3,1932,21.8,135,0,0,0,0,0,0,9.300000000000011,Medium,Low,42117.6,0
M,300.0,309.3,1407,43.9,138,0,0,0,0,0,0,9.300000000000011,Medium,Medium,61767.299999999996,0
L,300.1,309.3,1712,28.5,141,0,0,0,0,0,0,9.199999999999989,Medium,Medium,48792.0,0
H,300.1,309.4,1329,55.2,143,0,0,0,0,0,0,9.299999999999955,Medium,High,73360.8,0
L,300.1,309.2,1441,42.9,148,0,0,0,0,0,0,9.099999999999966,Medium,Medium,61818.9,0
L,300.0,309.2,1610,32.1,150,0,0,0,0,0,0,9.199999999999989,Medium,Medium,51681.0,0
M,300.0,309.1,1474,45.2,152,0,0,0,0,0,0,9.100000000000023,Medium,Medium,66624.8,0
M,300.0,309.1,1624,30.8,155,0,0,0,0,0,0,9.100000000000023,Medium,Medium,50019.200000000004,0
H,300.1,309.3,1520,38.2,158,0,0,0,0,0,0,9.199999999999989,Medium,Medium,58064.00000000001,0
H,300.1,309.3,1448,45.8,163,0,0,0,0,0,0,9.199999999999989,Medium,Medium,66318.4,0
L,300.0,309.3,1558,29.7,168,0,0,0,0,0,0,9.300000000000011,Medium,Medium,46272.6,0
M,300.0,309.3,2293,16.3,170,0,0,0,0,0,0,9.300000000000011,High,Low,37375.9,0
L,300.0,309.3,1397,51.2,173,0,0,0,0,0,0,9.300000000000011,High,Medium,71526.40000000001,0
L,300.0,309.3,1972,22.0,175,0,0,0,0,0,0,9.300000000000011,High,Low,43384.0,0
M,299.9,309.2,1574,36.5,177,0,0,0,0,0,0,9.300000000000011,High,Medium,57451.0,0
L,299.9,309.2,1560,38.9,180,0,0,0,0,0,0,9.300000000000011,High,Medium,60684.0,0
M,299.9,309.2,1353,49.8,182,0,0,0,0,0,0,9.300000000000011,High,Medium,67379.4,0
M,299.9,309.2,1389,51.2,185,0,0,0,0,0,0,9.300000000000011,High,Medium,71116.8,0
M,299.9,309.1,1513,43.8,188,0,0,0,0,0,0,9.200000000000045,High,Medium,66269.4,0
L,299.8,309.1,1578,42.1,191,0,0,0,0,0,0,9.300000000000011,High,Medium,66433.8,0
H,299.8,309.0,1467,37.3,193,0,0,0,0,0,0,9.199999999999989,High,Medium,54719.1,0
L,299.9,309.1,1412,48.3,198,0,0,0,0,0,0,9.200000000000045,High,Medium,68199.59999999999,0
L,299.8,309.1,1668,30.3,200,0,0,0,0,0,0,9.300000000000011,High,Medium,50540.4,1
M,299.8,309.2,1678,29.8,202,0,0,0,0,0,0,9.399999999999977,High,Medium,50004.4,1
L,299.8,309.1,1612,35.4,205,0,0,0,0,0,0,9.300000000000011,High,Medium,57064.799999999996,1
L,299.8,309.1,1485,39.9,207,0,0,0,0,0,0,9.300000000000011,High,Medium,59251.5,1
M,299.8,309.1,1456,39.4,209,0,0,0,0,0,0,9.300000000000011,High,Medium,57366.4,1
L,299.8,309.2,1504,38.7,212,0,0,0,0,0,0,9.399999999999977,High,Medium,58204.8,1
L,299.9,309.2,1491,44.3,214,0,0,0,0,0,0,9.300000000000011,High,Medium,66051.3,1
H,299.9,309.2,1525,33.2,0,0,0,0,0,0,0,9.300000000000011,Low,Medium,50630.00000000001,0
L,300.0,309.2,1759,27.9,5,0,0,0,0,0,0,9.199999999999989,Low,Low,49076.1,0
M,299.8,309.1,1355,56.7,7,0,0,0,0,0,0,9.300000000000011,Low,High,76828.5,0
M,299.9,309.1,1345,56.8,10,0,0,0,0,0,0,9.200000000000045,Low,High,76396.0,0
M,299.9,309.2,1683,30.5,13,0,0,0,0,0,0,9.300000000000011,Low,Medium,51331.5,0
L,299.9,309.2,1658,34.8,16,0,0,0,0,0,0,9.300000000000011,Low,Medium,57698.399999999994,0
L,300.0,309.2,1566,34.4,18,0,0,0,0,0,0,9.199999999999989,Low,Medium,53870.399999999994,0
M,300.1,309.3,1469,43.9,20,0,0,0,0,0,0,9.199999999999989,Low,Medium,64489.1,0
M,300.2,309.5,1458,46.9,23,0,0,0,0,0,0,9.300000000000011,Low,Medium,68380.2,0
L,300.1,309.4,1858,23.6,26,0,0,0,0,0,0,9.299999999999955,Low,Low,43848.8,0
H,300.1,309.4,1563,40.8,28,0,0,0,0,0,0,9.299999999999955,Low,Medium,63770.399999999994,0
L,300.1,309.4,2141,17.9,33,0,0,0,0,0,0,9.299999999999955,Low,Low,38323.899999999994,0
L,300.0,309.3,1473,46.0,35,0,0,0,0,0,0,9.300000000000011,Low,Medium,67758.0,0
H,300.0,309.4,1498,38.5,37,0,0,0,0,0,0,9.399999999999977,Low,Medium,57673.0,0
L,300.1,309.4,1568,39.7,42,0,0,0,0,0,0,9.299999999999955,Low,Medium,62249.600000000006,0
L,300.1,309.4,1694,27.4,44,0,0,0,0,0,0,9.299999999999955,Low,Low,46415.6,0
L,300.0,309.4,1499,35.7,46,0,0,0,0,0,0,9.399999999999977,Low,Medium,53514.3,0
L,300.0,309.5,1717,28.3,48,0,0,0,0,0,0,9.5,Low,Medium,48591.1,0
M,300.1,309.5,1462,42.8,50,0,0,0,0,0,0,9.399999999999977,Low,Medium,62573.6,0
L,300.1,309.6,1642,34.5,53,0,0,0,0,0,0,9.5,Low,Medium,56649.0,0
L,300.1,309.6,1760,25.4,55,0,0,0,0,0,0,9.5,Low,Low,44704.0,0
L,300.1,309.5,1660,32.7,57,0,0,0,0,0,0,9.399999999999977,Low,Medium,54282.00000000001,0
L,300.1,309.5,1557,40.6,59,0,0,0,0,0,0,9.399999999999977,Low,Medium,63214.200000000004,0
H,300.2,309.6,1442,49.2,61,0,0,0,0,0,0,9.400000000000034,Low,Medium,70946.40000000001,0
L,300.2,309.6,1359,51.5,66,0,0,0,0,0,0,9.400000000000034,Low,Medium,69988.5,0
L,300.4,309.8,1342,52.5,68,0,0,0,0,0,0,9.400000000000034,Low,High,70455.0,0
L,300.4,309.9,1435,54.8,70,0,0,0,0,0,0,9.5,Low,High,78638.0,0
L,300.4,309.9,1567,36.5,72,0,0,0,0,0,0,9.5,Low,Medium,57195.5,0
L,300.4,309.9,1376,43.5,74,0,0,0,0,0,0,9.5,Low,Medium,59856.0,0
H,300.4,309.9,1513,38.7,76,0,0,0,0,0,0,9.5,Low,Medium,58553.100000000006,0
H,300.4,309.9,2563,12.8,81,1,0,0,1,0,0,9.5,Low,Low,32806.4,0
L,300.5,310.0,1521,45.1,86,0,0,0,0,0,0,9.5,Medium,Medium,68597.1,0
L,300.6,310.0,1658,34.7,88,0,0,0,0,0,0,9.399999999999977,Medium,Medium,57532.600000000006,0
H,300.6,310.0,1419,42.4,90,0,0,0,0,0,0,9.399999999999977,Medium,Medium,60165.6,0
M,300.6,310.0,1478,36.3,95,0,0,0,0,0,0,9.399999999999977,Medium,Medium,53651.399999999994,0
M,300.5,310.0,1415,43.5,98,0,0,0,0,0,0,9.5,Medium,Medium,61552.5,0
M,300.5,309.9,1780,26.5,101,0,0,0,0,0,0,9.399999999999977,Medium,Low,47170.0,0
M,300.4,309.7,1440,42.8,104,0,0,0,0,0,0,9.300000000000011,Medium,Medium,61631.99999999999,0
H,300.4,309.8,1448,39.7,107,0,0,0,0,0,0,9.400000000000034,Medium,Medium,57485.600000000006,0
H,300.4,309.7,1500,35.2,112,0,0,0,0,0,0,9.300000000000011,Medium,Medium,52800.00000000001,0
L,300.4,309.8,1513,32.9,117,0,0,0,0,0,0,9.400000000000034,Medium,Medium,49777.7,0
L,300.5,309.8,1428,43.8,119,0,0,0,0,0,0,9.300000000000011,Medium,Medium,62546.399999999994,0
M,300.5,309.8,1473,42.3,121,0,0,0,0,0,0,9.300000000000011,Medium,Medium,62307.899999999994,0
M,300.5,309.9,1483,49.3,124,0,0,0,0,0,0,9.399999999999977,Medium,Medium,73111.9,0
L,300.4,309.7,1534,42.5,127,0,0,0,0,0,0,9.300000000000011,Medium,Medium,65195.0,0
L,300.5,309.8,1367,54.0,129,0,0,0,0,0,0,9.300000000000011,Medium,High,73818.0,0
L,300.4,309.7,1467,36.9,131,0,0,0,0,0,0,9.300000000000011,Medium,Medium,54132.299999999996,0
M,300.4,309.7,1488,42.2,133,0,0,0,0,0,0,9.300000000000011,Medium,Medium,62793.600000000006,0
L,300.4,309.7,1679,30.1,136,0,0,0,0,0,0,9.300000000000011,Medium,Medium,50537.9,0
H,300.4,309.8,1409,47.5,138,0,0,0,0,0,0,9.400000000000034,Medium,Medium,66927.5,0
M,300.4,309.7,1367,51.2,143,0,0,0,0,0,0,9.300000000000011,Medium,Medium,69990.40000000001,0
L,300.4,309.8,1314,63.1,146,0,0,0,0,0,0,9.400000000000034,Medium,High,82913.40000000001,0
L,300.5,309.9,1480,40.0,148,0,0,0,0,0,0,9.399999999999977,Medium,Medium,59200.0,0
L,300.4,309.8,1549,38.9,150,0,0,0,0,0,0,9.400000000000034,Medium,Medium,60256.1,0
L,300.4,309.7,1685,31.3,152,0,0,0,0,0,0,9.300000000000011,Medium,Medium,52740.5,0
L,300.4,309.6,1536,34.5,154,0,0,0,0,0,0,9.200000000000045,Medium,Medium,52992.0,0
M,300.4,309.7,1539,37.7,156,0,0,0,0,0,0,9.300000000000011,Medium,Medium,58020.3,0
L,300.4,309.7,1384,45.1,159,0,0,0,0,0,0,9.300000000000011,Medium,Medium,62418.4,0
M,300.4,309.6,1614,30.3,161,0,0,0,0,0,0,9.200000000000045,Medium,Medium,48904.200000000004,0
M,300.4,309.6,1675,35.5,164,0,0,0,0,0,0,9.200000000000045,Medium,Medium,59462.5,0
M,300.4,309.7,1685,32.3,167,0,0,0,0,0,0,9.300000000000011,Medium,Medium,54425.49999999999,0
L,300.4,309.6,1386,56.9,170,0,0,0,0,0,0,9.200000000000045,High,High,78863.4,0
M,300.3,309.6,1488,41.3,172,0,0,0,0,0,0,9.300000000000011,High,Medium,61454.399999999994,0
L,300.3,309.6,1624,32.6,175,0,0,0,0,0,0,9.300000000000011,High,Medium,52942.4,0
L,300.3,309.6,1600,34.6,177,0,0,0,0,0,0,9.300000000000011,High,Medium,55360.0,0
L,300.3,309.6,1468,44.7,179,0,0,0,0,0,0,9.300000000000011,High,Medium,65619.6,0
L,300.3,309.6,1435,45.4,181,0,0,0,0,0,0,9.300000000000011,High,Medium,65149.0,0
M,300.2,309.5,1564,33.4,183,0,0,0,0,0,0,9.300000000000011,High,Medium,52237.6,0
M,300.2,309.4,1329,53.6,186,0,0,0,0,0,0,9.199999999999989,High,High,71234.40000000001,0
L,300.1,309.3,1570,36.8,189,0,0,0,0,0,0,9.199999999999989,High,Medium,57775.99999999999,0
M,300.2,309.4,1433,48.8,191,0,0,0,0,0,0,9.199999999999989,High,Medium,69930.4,0
L,300.2,309.4,1527,37.0,194,0,0,0,0,0,0,9.199999999999989,High,Medium,56499.0,0
M,300.1,309.3,1443,50.3,196,0,0,0,0,0,0,9.199999999999989,High,Medium,72582.9,0
L,300.1,309.3,1616,32.0,199,0,0,0,0,0,0,9.199999999999989,High,Medium,51712.0,0
L,300.1,309.3,1654,31.0,201,0,0,0,0,0,0,9.199999999999989,High,Medium,51274.0,1
L,300.1,309.3,1685,27.1,203,0,0,0,0,0,0,9.199999999999989,High,Low,45663.5,1
M,300.2,309.4,1456,48.8,205,0,0,0,0,0,0,9.199999999999989,High,Medium,71052.8,1
M,300.2,309.4,1752,27.8,208,0,0,0,0,0,0,9.199999999999989,High,Low,48705.6,1
M,300.1,309.2,1438,51.0,211,0,0,0,0,0,0,9.099999999999966,High,Medium,73338.0,1
L,300.1,309.1,1551,33.7,214,0,0,0,0,0,0,9.0,High,Medium,52268.700000000004,1
L,300.1,309.2,1599,30.1,216,0,0,0,0,0,0,9.099999999999966,High,Medium,48129.9,1
M,300.1,309.2,1732,33.7,218,0,0,0,0,0,0,9.099999999999966,High,Medium,58368.4,1
M,300.1,309.2,1418,39.8,221,0,0,0,0,0,0,9.099999999999966,High,Medium,56436.399999999994,1
L,300.0,309.1,1401,44.5,0,0,0,0,0,0,0,9.100000000000023,Low,Medium,62344.5,0
L,300.0,309.0,1454,51.7,2,0,0,0,0,0,0,9.0,Low,Medium,75171.8,0
M,300.0,309.2,1635,32.4,4,0,0,0,0,0,0,9.199999999999989,Low,Medium,52974.0,0
L,300.0,309.1,1489,40.3,7,0,0,0,0,0,0,9.100000000000023,Low,Medium,60006.7,0
L,300.0,309.1,1465,40.6,9,0,0,0,0,0,0,9.100000000000023,Low,Medium,59479.0,0
M,300.0,309.1,1463,45.7,11,0,0,0,0,0,0,9.100000000000023,Low,Medium,66859.1,0
H,300.1,309.1,1560,35.4,14,0,0,0,0,0,0,9.0,Low,Medium,55224.0,0
M,300.1,309.2,1454,44.4,19,0,0,0,0,0,0,9.099999999999966,Low,Medium,64557.6,0
L,300.2,309.1,1479,47.0,22,0,0,0,0,0,0,8.900000000000034,Low,Medium,69513.0,0
L,300.2,309.2,1430,43.4,24,0,0,0,0,0,0,9.0,Low,Medium,62062.0,0
M,300.1,309.1,1533,38.0,26,0,0,0,0,0,0,9.0,Low,Medium,58254.0,0
L,300.1,309.0,1404,54.8,29,0,0,0,0,0,0,8.899999999999977,Low,High,76939.2,0
M,300.1,308.9,1548,38.4,31,0,0,0,0,0,0,8.799999999999955,Low,Medium,59443.2,0
M,300.1,309.0,1612,33.0,34,0,0,0,0,0,0,8.899999999999977,Low,Medium,53196.0,0
M,300.2,309.0,1642,31.2,37,0,0,0,0,0,0,8.800000000000011,Low,Medium,51230.4,0
M,300.2,309.1,1406,42.2,40,0,0,0,0,0,0,8.900000000000034,Low,Medium,59333.200000000004,0
L,300.3,309.2,1587,31.4,43,0,0,0,0,0,0,8.899999999999977,Low,Medium,49831.799999999996,0
M,300.3,309.2,1364,47.6,45,0,0,0,0,0,0,8.899999999999977,Low,Medium,64926.4,0
L,300.3,309.2,1462,51.4,48,0,0,0,0,0,0,8.899999999999977,Low,Medium,75146.8,0
L,300.3,309.2,1649,32.4,50,0,0,0,0,0,0,8.899999999999977,Low,Medium,53427.6,0
L,300.4,309.2,1752,29.0,52,0,0,0,0,0,0,8.800000000000011,Low,Medium,50808.0,0
H,300.4,309.3,1396,51.2,54,0,0,0,0,0,0,8.900000000000034,Low,Medium,71475.2,0
M,300.5,309.4,2179,16.3,59,0,0,0,0,0,0,8.899999999999977,Low,Low,35517.700000000004,0
L,300.5,309.5,1653,27.6,62,0,0,0,0,0,0,9.0,Low,Low,45622.8,0
L,300.6,309.5,2025,21.4,64,0,0,0,0,0,0,8.899999999999977,Low,Low,43335.0,0
L,300.6,309.6,1426,53.6,66,0,0,0,0,0,0,9.0,Low,High,76433.6,0
M,300.6,309.6,1503,38.4,68,0,0,0,0,0,0,9.0,Low,Medium,57715.2,0
M,300.7,309.6,1525,36.5,71,0,0,0,0,0,0,8.900000000000034,Low,Medium,55662.5,0
L,300.6,309.6,1423,49.1,74,0,0,0,0,0,0,9.0,Low,Medium,69869.3,0
M,300.7,309.7,1435,44.7,76,0,0,0,0,0,0,9.0,Low,Medium,64144.50000000001,0
H,300.6,309.5,1495,36.5,79,0,0,0,0,0,0,8.899999999999977,Low,Medium,54567.5,0
M,300.6,309.5,1557,33.8,84,0,0,0,0,0,0,8.899999999999977,Low,Medium,52626.6,0
L,300.6,309.4,1474,40.7,87,0,0,0,0,0,0,8.799999999999955,Medium,Medium,59991.8,0
L,300.5,309.3,1465,46.0,89,0,0,0,0,0,0,8.800000000000011,Medium,Medium,67390.0,0
M,300.5,309.3,1589,34.9,91,0,0,0,0,0,0,8.800000000000011,Medium,Medium,55456.1,0
L,300.5,309.3,1475,46.8,94,0,0,0,0,0,0,8.800000000000011,Medium,Medium,69030.0,0
L,300.6,309.4,1442,43.2,96,0,0,0,0,0,0,8.799999999999955,Medium,Medium,62294.4,0
L,300.6,309.4,1556,36.0,98,0,0,0,0,0,0,8.799999999999955,Medium,Medium,56016.0,0
L,300.7,309.3,1425,45.3,100,0,0,0,0,0,0,8.600000000000023,Medium,Medium,64552.49999999999,0
L,300.7,309.3,1580,38.3,102,0,0,0,0,0,0,8.600000000000023,Medium,Medium,60513.99999999999,0
H,300.8,309.4,1474,40.7,104,0,0,0,0,0,0,8.599999999999966,Medium,Medium,59991.8,0
L,300.8,309.4,1489,38.4,109,0,0,0,0,0,0,8.599999999999966,Medium,Medium,57177.6,0
L,300.8,309.4,1946,20.5,111,0,0,0,0,0,0,8.599999999999966,Medium,Low,39893.0,0
M,300.8,309.4,1342,62.4,113,1,0,1,0,0,0,8.599999999999966,Medium,High,83740.8,0
M,300.9,309.5,1758,26.8,116,0,0,0,0,0,0,8.600000000000023,Medium,Low,47114.4,0
M,300.9,309.4,1724,25.6,119,0,0,0,0,0,0,8.5,Medium,Low,44134.4,0
L,301.0,309.5,1430,48.5,122,0,0,0,0,0,0,8.5,Medium,Medium,69355.0,0
L,300.9,309.5,1612,35.2,124,0,0,0,0,0,0,8.600000000000023,Medium,Medium,56742.4,0
H,300.9,309.5,1469,43.4,126,0,0,0,0,0,0,8.600000000000023,Medium,Medium,63754.6,0
L,300.9,309.6,1384,42.4,131,0,0,0,0,0,0,8.700000000000045,Medium,Medium,58681.6,0
L,301.0,309.6,1724,28.1,133,0,0,0,0,0,0,8.600000000000023,Medium,Medium,48444.4,0
M,301.0,309.6,1397,48.0,135,0,0,0,0,0,0,8.600000000000023,Medium,Medium,67056.0,0
M,301.0,309.6,1588,32.7,138,0,0,0,0,0,0,8.600000000000023,Medium,Medium,51927.600000000006,0
L,301.0,309.7,1468,42.0,141,0,0,0,0,0,0,8.699999999999989,Medium,Medium,61656.0,0
M,301.0,309.8,1594,31.1,143,0,0,0,0,0,0,8.800000000000011,Medium,Medium,49573.4,0
M,301.0,309.7,1511,39.3,146,0,0,0,0,0,0,8.699999999999989,Medium,Medium,59382.299999999996,0
L,301.1,309.8,1493,38.9,149,0,0,0,0,0,0,8.699999999999989,Medium,Medium,58077.7,0
H,301.2,309.8,1709,27.0,151,0,0,0,0,0,0,8.600000000000023,Medium,Low,46143.0,0
L,301.1,309.6,1501,36.1,156,0,0,0,0,0,0,8.5,Medium,Medium,54186.1,0
L,301.1,309.7,1668,30.8,158,0,0,0,0,0,0,8.599999999999966,Medium,Medium,51374.4,0
L,301.1,309.6,1502,48.9,160,0,0,0,0,0,0,8.5,Medium,Medium,73447.8,0
M,301.0,309.7,1288,58.4,162,0,0,0,0,0,0,8.699999999999989,Medium,High,75219.2,0
L,301.0,309.7,1491,42.9,165,0,0,0,0,0,0,8.699999999999989,Medium,Medium,63963.9,0
L,301.1,309.8,1519,39.6,167,0,0,0,0,0,0,8.699999999999989,Medium,Medium,60152.4,0
L,301.2,309.9,1984,19.7,169,0,0,0,0,0,0,8.699999999999989,High,Low,39084.799999999996,0
L,301.2,309.9,1643,32.9,171,0,0,0,0,0,0,8.699999999999989,High,Medium,54054.7,0
M,301.2,310.0,1625,31.6,173,0,0,0,0,0,0,8.800000000000011,High,Medium,51350.0,0
M,301.3,310.0,2068,17.8,176,0,0,0,0,0,0,8.699999999999989,High,Low,36810.4,0
H,301.3,310.1,1469,39.7,179,0,0,0,0,0,0,8.800000000000011,High,Medium,58319.3,0
L,301.3,310.1,1558,36.3,184,0,0,0,0,0,0,8.800000000000011,High,Medium,56555.399999999994,0
L,301.3,310.0,1344,54.8,186,0,0,0,0,0,0,8.699999999999989,High,High,73651.2,0
H,301.3,310.1,1455,44.1,188,0,0,0,0,0,0,8.800000000000011,High,Medium,64165.5,0
L,301.3,310.1,1355,53.6,193,0,0,0,0,0,0,8.800000000000011,High,High,72628.0,0
L,301.3,310.1,1269,56.8,195,1,0,0,0,1,0,8.800000000000011,High,High,72079.2,0
L,301.3,310.0,1550,41.5,197,0,0,0,0,0,0,8.699999999999989,High,Medium,64325.0,0
M,301.3,310.1,1525,37.8,199,0,0,0,0,0,0,8.800000000000011,High,Medium,57644.99999999999,0
M,301.3,310.0,1696,32.4,202,0,0,0,0,0,0,8.699999999999989,High,Medium,54950.399999999994,1
L,301.4,310.1,1937,21.8,205,0,0,0,0,0,0,8.700000000000045,High,Low,42226.6,1
M,301.4,310.0,1689,32.1,207,0,0,0,0,0,0,8.600000000000023,High,Medium,54216.9,1
M,301.3,310.0,1593,30.8,210,0,0,0,0,0,0,8.699999999999989,High,Medium,49064.4,1
M,301.3,309.9,1565,36.0,213,0,0,0,0,0,0,8.599999999999966,High,Medium,56340.0,1
L,301.3,310.0,1665,31.4,0,0,0,0,0,0,0,8.699999999999989,Low,Medium,52281.0,0
H,301.3,310.0,1532,36.3,2,0,0,0,0,0,0,8.699999999999989,Low,Medium,55611.6,0
L,301.3,310.0,1438,40.9,7,0,0,0,0,0,0,8.699999999999989,Low,Medium,58814.2,0
L,301.3,310.1,1531,41.6,9,0,0,0,0,0,0,8.800000000000011,Low,Medium,63689.6,0
L,301.3,310.0,1506,40.8,11,0,0,0,0,0,0,8.699999999999989,Low,Medium,61444.799999999996,0
L,301.2,309.9,1382,52.4,13,0,0,0,0,0,0,8.699999999999989,Low,High,72416.8,0
M,301.2,309.9,1456,50.8,15,0,0,0,0,0,0,8.699999999999989,Low,Medium,73964.8,0
M,301.2,310.0,1445,45.6,18,0,0,0,0,0,0,8.800000000000011,Low,Medium,65892.0,0
L,301.2,309.9,1515,40.9,21,0,0,0,0,0,0,8.699999999999989,Low,Medium,61963.5,0
L,301.2,309.9,1449,45.5,23,0,0,0,0,0,0,8.699999999999989,Low,Medium,65929.5,0
H,301.2,309.9,1362,50.7,25,0,0,0,0,0,0,8.699999999999989,Low,Medium,69053.40000000001,0
L,301.2,309.9,1687,29.7,30,0,0,0,0,0,0,8.699999999999989,Low,Medium,50103.9,0
L,301.2,310.0,1618,37.6,32,0,0,0,0,0,0,8.800000000000011,Low,Medium,60836.8,0
M,301.2,310.1,1558,32.6,34,0,0,0,0,0,0,8.900000000000034,Low,Medium,50790.8,0
L,301.3,310.1,1662,31.0,37,0,0,0,0,0,0,8.800000000000011,Low,Medium,51522.0,0
M,301.2,310.1,1295,56.6,39,0,0,0,0,0,0,8.900000000000034,Low,High,73297.0,0
L,301.2,310.2,1385,42.3,42,0,0,0,0,0,0,9.0,Low,Medium,58585.49999999999,0
M,301.2,310.1,1479,45.5,44,0,0,0,0,0,0,8.900000000000034,Low,Medium,67294.5,0
L,301.3,310.3,1400,44.3,47,0,0,0,0,0,0,9.0,Low,Medium,62019.99999999999,0
M,301.2,310.3,1357,54.5,49,0,0,0,0,0,0,9.100000000000023,Low,High,73956.5,0
L,301.1,310.2,1657,34.1,52,0,0,0,0,0,0,9.099999999999966,Low,Medium,56503.700000000004,0
L,301.1,310.2,1496,43.4,54,0,0,0,0,0,0,9.099999999999966,Low,Medium,64926.4,0
M,301.2,310.3,1379,43.2,56,0,0,0,0,0,0,9.100000000000023,Low,Medium,59572.8,0
L,301.2,310.3,1548,38.6,59,0,0,0,0,0,0,9.100000000000023,Low,Medium,59752.8,0
L,301.2,310.3,1499,38.1,61,0,0,0,0,0,0,9.100000000000023,Low,Medium,57111.9,0
L,301.3,310.5,1390,45.8,63,0,0,0,0,0,0,9.199999999999989,Low,Medium,63661.99999999999,0
H,301.3,310.4,1538,38.4,65,0,0,0,0,0,0,9.099999999999966,Low,Medium,59059.2,0
L,301.3,310.5,1365,47.7,70,0,0,0,0,0,0,9.199999999999989,Low,Medium,65110.50000000001,0
L,301.3,310.5,1503,48.6,72,0,0,0,0,0,0,9.199999999999989,Low,Medium,73045.8,0
L,301.2,310.4,1390,49.9,74,0,0,0,0,0,0,9.199999999999989,Low,Medium,69361.0,0
L,301.2,310.3,1497,45.7,76,0,0,0,0,0,0,9.100000000000023,Low,Medium,68412.90000000001,0
M,301.3,310.4,1577,48.3,78,0,0,0,0,0,0,9.099999999999966,Low,Medium,76169.09999999999,0
L,301.4,310.5,1432,54.3,81,0,0,0,0,0,0,9.100000000000023,Low,High,77757.59999999999,0
M,301.4,310.5,1563,39.9,83,0,0,0,0,0,0,9.100000000000023,Low,Medium,62363.7,0
L,301.4,310.4,1433,43.4,86,0,0,0,0,0,0,9.0,Medium,Medium,62192.2,0
L,301.3,310.4,1384,50.1,88,0,0,0,0,0,0,9.099999999999966,Medium,Medium,69338.40000000001,0
L,301.3,310.4,1346,46.7,90,0,0,0,0,0,0,9.099999999999966,Medium,Medium,62858.200000000004,0
L,301.3,310.4,1459,44.7,92,0,0,0,0,0,0,9.099999999999966,Medium,Medium,65217.3,0
L,301.4,310.4,1639,28.9,94,0,0,0,0,0,0,9.0,Medium,Medium,47367.1,0
L,301.4,310.4,1737,31.9,96,0,0,0,0,0,0,9.0,Medium,Medium,55410.299999999996,0
L,301.4,310.5,1489,43.5,98,0,0,0,0,0,0,9.100000000000023,Medium,Medium,64771.5,0
M,301.5,310.6,1492,43.0,100,0,0,0,0,0,0,9.100000000000023,Medium,Medium,64156.0,0
M,301.4,310.5,1217,60.6,103,0,0,0,0,0,0,9.100000000000023,Medium,High,73750.2,0
L,301.5,310.5,1636,28.7,106,0,0,0,0,0,0,9.0,Medium,Medium,46953.2,0
L,301.4,310.4,1436,49.7,108,0,0,0,0,0,0,9.0,Medium,Medium,71369.2,0
L,301.4,310.4,1689,30.6,110,0,0,0,0,0,0,9.0,Medium,Medium,51683.4,0
L,301.5,310.5,2289,16.4,112,0,0,0,0,0,0,9.0,Medium,Low,37539.6,0
L,301.5,310.6,1522,41.0,114,0,0,0,0,0,0,9.100000000000023,Medium,Medium,62402.0,0
L,301.5,310.5,1351,52.9,116,0,0,0,0,0,0,9.0,Medium,High,71467.9,0
L,301.5,310.5,1589,36.7,118,0,0,0,0,0,0,9.0,Medium,Medium,58316.3,0
L,301.5,310.6,1578,34.1,120,0,0,0,0,0,0,9.100000000000023,Medium,Medium,53809.8,0
L,301.5,310.6,1587,33.7,122,0,0,0,0,0,0,9.100000000000023,Medium,Medium,53481.9,0
L,301.5,310.6,1962,20.2,124,0,0,0,0,0,0,9.100000000000023,Medium,Low,39632.4,0
M,301.5,310.6,2432,14.2,126,0,0,0,0,0,0,9.100000000000023,Medium,Low,34534.4,0
L,301.6,310.6,1418,43.9,129,0,0,0,0,0,0,9.0,Medium,Medium,62250.2,0
L,301.6,310.7,1683,29.7,131,0,0,0,0,0,0,9.099999999999966,Medium,Medium,49985.1,0
L,301.7,310.8,1385,50.7,133,0,0,0,0,0,0,9.100000000000023,Medium,Medium,70219.5,0
L,301.7,310.8,1559,44.5,135,0,0,0,0,0,0,9.100000000000023,Medium,Medium,69375.5,0
M,301.7,310.8,1671,31.6,137,0,0,0,0,0,0,9.100000000000023,Medium,Medium,52803.600000000006,0
M,301.6,310.8,1343,49.5,140,0,0,0,0,0,0,9.199999999999989,Medium,Medium,66478.5,0
M,301.6,310.8,1548,34.2,143,0,0,0,0,0,0,9.199999999999989,Medium,Medium,52941.600000000006,0
L,301.7,310.9,1705,31.2,146,0,0,0,0,0,0,9.199999999999989,Medium,Medium,53196.0,0
L,301.6,310.8,1535,35.4,148,0,0,0,0,0,0,9.199999999999989,Medium,Medium,54339.0,0
L,301.6,310.8,1564,34.1,150,0,0,0,0,0,0,9.199999999999989,Medium,Medium,53332.4,0
M,301.6,310.9,1510,40.9,152,0,0,0,0,0,0,9.299999999999955,Medium,Medium,61759.0,0
L,301.6,310.9,1492,45.2,155,0,0,0,0,0,0,9.299999999999955,Medium,Medium,67438.40000000001,0
M,301.5,310.8,1452,44.1,157,0,0,0,0,0,0,9.300000000000011,Medium,Medium,64033.200000000004,0
H,301.4,310.7,1329,52.0,160,0,0,0,0,0,0,9.300000000000011,Medium,Medium,69108.0,0
L,301.5,310.8,1382,52.4,165,0,0,0,0,0,0,9.300000000000011,Medium,High,72416.8,0
M,301.5,310.8,1628,36.4,167,0,0,0,0,0,0,9.300000000000011,Medium,Medium,59259.2,0
L,301.4,310.7,1706,27.9,170,0,0,0,0,0,0,9.300000000000011,High,Low,47597.399999999994,0
L,301.3,310.7,1594,34.1,172,0,0,0,0,0,0,9.399999999999977,High,Medium,54355.4,0
L,301.3,310.7,1761,24.3,174,0,0,0,0,0,0,9.399999999999977,High,Low,42792.3,0
L,301.3,310.6,1529,41.8,176,0,0,0,0,0,0,9.300000000000011,High,Medium,63912.2,0
M,301.3,310.7,1532,40.7,178,0,0,0,0,0,0,9.399999999999977,High,Medium,62352.4,0
L,301.4,310.7,1673,27.8,181,0,0,0,0,0,0,9.300000000000011,High,Low,46509.4,0
L,301.4,310.8,1285,62.6,183,1,0,0,0,1,0,9.400000000000034,High,High,80441.0,0
L,301.4,310.8,1680,31.4,185,0,0,0,0,0,0,9.400000000000034,High,Medium,52752.0,0
L,301.4,310.8,1610,34.6,187,0,0,0,0,0,0,9.400000000000034,High,Medium,55706.0,0
L,301.6,310.9,1632,31.6,189,0,0,0,0,0,0,9.299999999999955,High,Medium,51571.200000000004,0
L,301.6,310.9,1559,40.2,191,0,0,0,0,0,0,9.299999999999955,High,Medium,62671.8,0
L,301.5,310.8,1367,49.0,193,0,0,0,0,0,0,9.300000000000011,High,Medium,66983.0,0
L,301.6,310.8,1355,57.8,195,1,0,0,0,1,0,9.199999999999989,High,High,78319.0,0
H,301.6,310.7,1414,51.7,197,0,0,0,0,0,0,9.099999999999966,High,Medium,73103.8,0
L,301.5,310.6,1522,36.6,202,0,0,0,0,0,0,9.100000000000023,High,Medium,55705.200000000004,1
L,301.5,310.6,1525,41.9,204,0,0,0,0,0,0,9.100000000000023,High,Medium,63897.5,1
L,301.5,310.6,1394,46.5,206,0,0,0,0,0,0,9.100000000000023,High,Medium,64821.0,1
L,301.5,310.6,1519,40.7,208,0,0,0,0,0,0,9.100000000000023,High,Medium,61823.3,1
L,301.4,310.6,1445,43.9,210,0,0,0,0,0,0,9.200000000000045,High,Medium,63435.5,1
L,301.4,310.6,1555,43.3,212,0,0,0,0,0,0,9.200000000000045,High,Medium,67331.5,1
L,301.4,310.5,1633,39.5,0,0,0,0,0,0,0,9.100000000000023,Low,Medium,64503.5,0
M,301.4,310.6,1630,30.3,2,0,0,0,0,0,0,9.200000000000045,Low,Medium,49389.0,0
M,301.4,310.7,1692,32.3,5,0,0,0,0,0,0,9.300000000000011,Low,Medium,54651.6,0
H,301.5,310.7,1790,26.2,8,0,0,0,0,0,0,9.199999999999989,Low,Low,46898.0,0
L,301.5,310.8,1350,58.5,13,0,0,0,0,0,0,9.300000000000011,Low,High,78975.0,0
L,301.5,310.9,2760,8.0,15,1,0,0,1,0,0,9.399999999999977,Low,Low,22080.0,0
L,301.4,310.7,1584,32.2,17,0,0,0,0,0,0,9.300000000000011,Low,Medium,51004.8,0
L,301.4,310.7,1989,21.8,19,0,0,0,0,0,0,9.300000000000011,Low,Low,43360.200000000004,0
L,301.4,310.8,1431,44.3,21,0,0,0,0,0,0,9.400000000000034,Low,Medium,63393.299999999996,0
L,301.4,310.7,1568,35.2,23,0,0,0,0,0,0,9.300000000000011,Low,Medium,55193.600000000006,0
L,301.4,310.7,1376,50.6,25,0,0,0,0,0,0,9.300000000000011,Low,Medium,69625.6,0
M,301.4,310.6,1459,46.9,27,0,0,0,0,0,0,9.200000000000045,Low,Medium,68427.09999999999,0
M,301.5,310.8,1385,47.5,30,0,0,0,0,0,0,9.300000000000011,Low,Medium,65787.5,0
H,301.5,310.8,1591,29.6,33,0,0,0,0,0,0,9.300000000000011,Low,Medium,47093.600000000006,0
L,301.5,310.7,1568,33.1,38,0,0,0,0,0,0,9.199999999999989,Low,Medium,51900.8,0
M,301.4,310.7,1459,37.7,40,0,0,0,0,0,0,9.300000000000011,Low,Medium,55004.3,0
L,301.4,310.7,1590,36.3,43,0,0,0,0,0,0,9.300000000000011,Low,Medium,57716.99999999999,0
L,301.3,310.6,1376,47.6,45,0,0,0,0,0,0,9.300000000000011,Low,Medium,65497.6,0
L,301.3,310.6,1510,38.5,47,0,0,0,0,0,0,9.300000000000011,Low,Medium,58135.0,0
H,301.4,310.6,1674,33.6,49,0,0,0,0,0,0,9.200000000000045,Low,Medium,56246.4,0
L,301.3,310.6,1426,40.7,54,0,0,0,0,0,0,9.300000000000011,Low,Medium,58038.200000000004,0
L,301.5,310.7,1466,43.6,56,0,0,0,0,0,0,9.199999999999989,Low,Medium,63917.6,0
H,301.5,310.8,1474,38.7,58,0,0,0,0,0,0,9.300000000000011,Low,Medium,57043.8,0
M,301.6,310.8,1290,65.3,63,0,0,0,0,0,0,9.199999999999989,Low,High,84237.0,0
M,301.7,310.9,1435,48.0,66,0,0,0,0,0,0,9.199999999999989,Low,Medium,68880.0,0
M,301.5,310.7,1416,53.2,69,0,0,0,0,0,0,9.199999999999989,Low,High,75331.2,0
H,301.5,310.7,1599,40.4,72,0,0,0,0,0,0,9.199999999999989,Low,Medium,64599.6,0
L,301.5,310.7,1466,47.3,77,0,0,0,0,0,0,9.199999999999989,Low,Medium,69341.8,0
L,301.5,310.7,1408,47.3,79,0,0,0,0,0,0,9.199999999999989,Low,Medium,66598.4,0
L,301.5,310.6,1490,48.1,81,0,0,0,0,0,0,9.100000000000023,Low,Medium,71669.0,0
L,301.5,310.6,1405,42.3,83,0,0,0,0,0,0,9.100000000000023,Low,Medium,59431.49999999999,0
L,301.4,310.5,1647,33.3,85,0,0,0,0,0,0,9.100000000000023,Medium,Medium,54845.1,0
M,301.4,310.6,1459,35.0,87,0,0,0,0,0,0,9.200000000000045,Medium,Medium,51065.0,0
L,301.4,310.6,1648,30.7,90,0,0,0,0,0,0,9.200000000000045,Medium,Medium,50593.6,0
L,301.4,310.7,1675,30.7,92,0,0,0,0,0,0,9.300000000000011,Medium,Medium,51422.5,0
L,301.4,310.7,1605,34.2,94,0,0,0,0,0,0,9.300000000000011,Medium,Medium,54891.00000000001,0
H,301.4,310.7,1536,44.4,96,0,0,0,0,0,0,9.300000000000011,Medium,Medium,68198.4,0
M,301.4,310.7,1617,34.3,101,0,0,0,0,0,0,9.300000000000011,Medium,Medium,55463.1,0
L,301.4,310.6,1347,53.3,104,0,0,0,0,0,0,9.200000000000045,Medium,High,71795.09999999999,0
L,301.3,310.5,1337,52.7,106,0,0,0,0,0,0,9.199999999999989,Medium,High,70459.90000000001,0
L,301.3,310.4,1695,30.9,108,0,0,0,0,0,0,9.099999999999966,Medium,Medium,52375.5,0
M,301.3,310.4,1635,32.5,110,0,0,0,0,0,0,9.099999999999966,Medium,Medium,53137.5,0
L,301.2,310.4,1470,44.0,113,0,0,0,0,0,0,9.199999999999989,Medium,Medium,64680.0,0
L,301.2,310.4,1381,49.8,115,0,0,0,0,0,0,9.199999999999989,Medium,Medium,68773.8,0
M,301.2,310.4,1382,41.6,117,0,0,0,0,0,0,9.199999999999989,Medium,Medium,57491.200000000004,0
M,301.2,310.4,1697,30.0,120,0,0,0,0,0,0,9.199999999999989,Medium,Medium,50910.0,0
L,301.2,310.3,1451,39.7,123,0,0,0,0,0,0,9.100000000000023,Medium,Medium,57604.700000000004,0
L,301.3,310.3,1419,55.7,125,0,0,0,0,0,0,9.0,Medium,High,79038.3,0
L,301.3,310.3,1313,55.6,127,0,0,0,0,0,0,9.0,Medium,High,73002.8,0
L,301.3,310.3,1560,36.3,129,0,0,0,0,0,0,9.0,Medium,Medium,56627.99999999999,0
L,301.3,310.3,1555,41.2,131,0,0,0,0,0,0,9.0,Medium,Medium,64066.00000000001,0
L,301.4,310.4,1579,36.9,133,0,0,0,0,0,0,9.0,Medium,Medium,58265.1,0
L,301.5,310.5,1435,44.6,135,0,0,0,0,0,0,9.0,Medium,Medium,64001.0,0
L,301.6,310.6,1621,33.7,137,0,0,0,0,0,0,9.0,Medium,Medium,54627.700000000004,0
H,301.6,310.6,1555,40.4,139,0,0,0,0,0,0,9.0,Medium,Medium,62822.0,0
L,301.5,310.5,1611,33.8,144,0,0,0,0,0,0,9.0,Medium,Medium,54451.799999999996,0
L,301.6,310.6,1834,23.5,146,0,0,0,0,0,0,9.0,Medium,Low,43099.0,0
M,301.5,310.5,1612,29.8,148,0,0,0,0,0,0,9.0,Medium,Medium,48037.6,0
L,301.5,310.4,1629,34.1,151,0,0,0,0,0,0,8.899999999999977,Medium,Medium,55548.9,0
L,301.4,310.4,1496,35.2,153,0,0,0,0,0,0,9.0,Medium,Medium,52659.200000000004,0
L,301.5,310.5,1593,32.9,155,0,0,0,0,0,0,9.0,Medium,Medium,52409.7,0
M,301.5,310.5,1623,33.5,157,0,0,0,0,0,0,9.0,Medium,Medium,54370.5,0
L,301.5,310.5,1380,48.7,160,0,0,0,0,0,0,9.0,Medium,Medium,67206.0,0
L,301.6,310.6,1562,34.4,162,0,0,0,0,0,0,9.0,Medium,Medium,53732.799999999996,0
L,301.6,310.6,1391,49.4,164,0,0,0,0,0,0,9.0,Medium,Medium,68715.4,0
H,301.5,310.5,1551,34.3,166,0,0,0,0,0,0,9.0,Medium,Medium,53199.299999999996,0
H,301.6,310.6,1821,26.2,171,0,0,0,0,0,0,9.0,High,Low,47710.2,0
L,301.6,310.7,1429,43.6,176,0,0,0,0,0,0,9.099999999999966,High,Medium,62304.4,0
M,301.6,310.7,2012,20.7,178,0,0,0,0,0,0,9.099999999999966,High,Low,41648.4,0
M,301.6,310.6,1924,23.6,181,0,0,0,0,0,0,9.0,High,Low,45406.4,0
M,301.5,310.5,1412,44.1,184,0,0,0,0,0,0,9.0,High,Medium,62269.200000000004,0
L,301.5,310.5,1389,54.9,187,0,0,0,0,0,0,9.0,High,High,76256.09999999999,0
L,301.5,310.5,1466,48.1,189,0,0,0,0,0,0,9.0,High,Medium,70514.6,0
L,301.5,310.5,2297,15.8,191,0,0,0,0,0,0,9.0,High,Low,36292.6,0
L,301.4,310.4,1471,37.5,193,0,0,0,0,0,0,9.0,High,Medium,55162.5,0
L,301.4,310.3,1492,41.4,195,0,0,0,0,0,0,8.900000000000034,High,Medium,61768.799999999996,0
L,301.3,310.3,1460,41.5,197,0,0,0,0,0,0,9.0,High,Medium,60590.0,0
L,301.4,310.4,1559,39.4,199,0,0,0,0,0,0,9.0,High,Medium,61424.6,0
M,301.4,310.5,1495,52.5,201,0,0,0,0,0,0,9.100000000000023,High,High,78487.5,1
L,301.5,310.5,1535,39.0,204,0,0,0,0,0,0,9.0,High,Medium,59865.0,1
L,301.5,310.6,1381,50.7,206,0,0,0,0,0,0,9.100000000000023,High,Medium,70016.7,1
M,301.6,310.6,1599,36.1,208,0,0,0,0,0,0,9.0,High,Medium,57723.9,1
H,301.6,310.6,1400,49.5,211,0,0,0,0,0,0,9.0,High,Medium,69300.0,1
L,301.7,310.6,1624,34.5,216,0,0,0,0,0,0,8.900000000000034,High,Medium,56028.0,1
L,301.6,310.6,1478,36.6,218,0,0,0,0,0,0,9.0,High,Medium,54094.8,1
L,301.7,310.7,1605,33.3,220,0,0,0,0,0,0,9.0,High,Medium,53446.49999999999,1
L,301.6,310.6,1506,43.4,222,0,0,0,0,0,0,9.0,High,Medium,65360.4,1
L,301.6,310.6,1455,43.9,0,0,0,0,0,0,0,9.0,Low,Medium,63874.5,0
H,301.6,310.5,1602,32.3,2,0,0,0,0,0,1,8.899999999999977,Low,Medium,51744.6,0
L,301.5,310.4,1425,54.4,7,0,0,0,0,0,0,8.899999999999977,Low,High,77520.0,0
L,301.5,310.4,1918,21.8,9,0,0,0,0,0,0,8.899999999999977,Low,Low,41812.4,0
H,301.4,310.3,1611,41.5,11,0,0,0,0,0,0,8.900000000000034,Low,Medium,66856.5,0
H,301.4,310.4,1610,38.6,16,0,0,0,0,0,0,9.0,Low,Medium,62146.0,0
M,301.5,310.4,2639,12.0,21,1,0,0,1,0,0,8.899999999999977,Low,Low,31668.0,0
L,301.5,310.4,1329,46.6,24,0,0,0,0,0,0,8.899999999999977,Low,Medium,61931.4,0
L,301.5,310.4,1270,54.2,26,0,0,0,0,0,0,8.899999999999977,Low,High,68834.0,0
L,301.5,310.3,1415,41.6,28,0,0,0,0,0,0,8.800000000000011,Low,Medium,58864.0,0
H,301.6,310.4,1330,49.5,30,0,0,0,0,0,0,8.799999999999955,Low,Medium,65835.0,0
H,301.6,310.5,1786,27.1,35,0,0,0,0,0,0,8.899999999999977,Low,Low,48400.600000000006,0
L,301.6,310.5,1809,25.5,40,0,0,0,0,0,0,8.899999999999977,Low,Low,46129.5,0
L,301.7,310.6,1303,59.7,42,0,0,0,0,0,0,8.900000000000034,Low,High,77789.1,0
M,301.8,310.7,1383,45.7,44,0,0,0,0,0,0,8.899999999999977,Low,Medium,63203.100000000006,0
L,301.7,310.6,1447,56.9,47,0,0,0,0,0,0,8.900000000000034,Low,High,82334.3,0
L,301.8,310.7,1461,44.2,49,0,0,0,0,0,0,8.899999999999977,Low,Medium,64576.200000000004,0
L,301.8,310.7,2092,18.6,51,0,0,0,0,0,0,8.899999999999977,Low,Low,38911.200000000004,0
M,301.8,310.7,1429,47.9,53,0,0,0,0,0,0,8.899999999999977,Low,Medium,68449.09999999999,0
L,301.8,310.8,1736,26.5,56,0,0,0,0,0,0,9.0,Low,Low,46004.0,0
L,301.8,310.7,1441,49.3,58,0,0,0,0,0,0,8.899999999999977,Low,Medium,71041.3,0
L,301.8,310.7,1523,43.3,60,0,0,0,0,0,0,8.899999999999977,Low,Medium,65945.9,0
M,301.8,310.8,1691,33.4,62,0,0,0,0,0,0,9.0,Low,Medium,56479.399999999994,0
M,301.9,310.8,1557,35.3,65,0,0,0,0,0,0,8.900000000000034,Low,Medium,54962.1,0
L,301.8,310.7,1644,33.4,68,0,0,0,0,0,0,8.899999999999977,Low,Medium,54909.6,0
L,301.8,310.6,1522,43.8,70,0,0,0,0,0,0,8.800000000000011,Low,Medium,66663.59999999999,0
L,301.8,310.7,1547,41.7,72,0,0,0,0,0,0,8.899999999999977,Low,Medium,64509.9,0
L,301.8,310.7,1597,30.8,74,0,0,0,0,0,0,8.899999999999977,Low,Medium,49187.6,0
M,301.8,310.8,1619,31.0,76,0,0,0,0,0,0,9.0,Low,Medium,50189.0,0
L,301.9,310.8,1400,58.2,79,0,0,0,0,0,0,8.900000000000034,Low,High,81480.0,0
L,302.0,310.9,1663,31.5,81,0,0,0,0,0,0,8.899999999999977,Low,Medium,52384.5,0
L,301.9,310.8,1540,37.6,83,0,0,0,0,0,0,8.900000000000034,Low,Medium,57904.0,0
H,301.9,310.8,1455,42.7,85,0,0,0,0,0,0,8.900000000000034,Medium,Medium,62128.50000000001,0
L,301.9,310.8,1519,39.0,90,0,0,0,0,0,0,8.900000000000034,Medium,Medium,59241.0,0
L,301.9,310.8,1427,47.7,92,0,0,0,0,0,0,8.900000000000034,Medium,Medium,68067.90000000001,0
L,301.9,310.8,1650,29.8,94,0,0,0,0,0,0,8.900000000000034,Medium,Medium,49170.0,0
M,301.8,310.8,1508,38.8,96,0,0,0,0,0,0,9.0,Medium,Medium,58510.399999999994,0
L,301.9,310.9,1379,54.8,99,0,0,0,0,0,0,9.0,Medium,High,75569.2,0
L,301.9,310.9,1542,36.7,101,0,0,0,0,0,0,9.0,Medium,Medium,56591.4,0
M,301.9,310.9,1763,28.4,103,0,0,0,0,0,0,9.0,Medium,Medium,50069.2,0
H,301.9,310.9,1590,34.3,106,0,0,0,0,0,0,9.0,Medium,Medium,54536.99999999999,0
H,301.9,311.0,1336,63.6,111,0,0,0,0,0,0,9.100000000000023,Medium,High,84969.6,0
M,301.9,311.0,1638,35.4,116,0,0,0,0,0,0,9.100000000000023,Medium,Medium,57985.2,0
L,301.9,311.0,1356,45.7,119,0,0,0,0,0,0,9.100000000000023,Medium,Medium,61969.200000000004,0
M,301.9,311.0,1384,47.4,121,0,0,0,0,0,0,9.100000000000023,Medium,Medium,65601.59999999999,0
L,301.9,310.9,1309,48.0,124,0,0,0,0,0,0,9.0,Medium,Medium,62832.0,0
L,301.9,311.0,1642,33.1,126,0,0,0,0,0,0,9.100000000000023,Medium,Medium,54350.200000000004,0
L,301.9,311.0,1289,54.9,128,0,0,0,0,0,0,9.100000000000023,Medium,High,70766.09999999999,0
L,301.9,311.0,1353,43.8,130,0,0,0,0,0,0,9.100000000000023,Medium,Medium,59261.399999999994,0
H,301.9,311.0,1871,26.0,132,0,0,0,0,0,0,9.100000000000023,Medium,Low,48646.0,0
H,301.9,311.0,1291,63.6,137,0,0,0,0,0,0,9.100000000000023,Medium,High,82107.6,0
M,301.8,310.9,1346,44.6,142,0,0,0,0,0,0,9.099999999999966,Medium,Medium,60031.6,0
L,301.7,310.8,1493,47.6,145,0,0,0,0,0,0,9.100000000000023,Medium,Medium,71066.8,0
M,301.7,310.8,1524,41.3,147,0,0,0,0,0,0,9.100000000000023,Medium,Medium,62941.2,0
L,301.6,310.8,1726,26.7,150,0,0,0,0,0,0,9.199999999999989,Medium,Low,46084.2,0
H,301.6,310.8,1435,47.2,152,0,0,0,0,0,0,9.199999999999989,Medium,Medium,67732.0,0
M,301.7,310.8,1502,34.4,157,0,0,0,0,0,0,9.100000000000023,Medium,Medium,51668.799999999996,0
L,301.7,310.9,1608,33.0,160,0,0,0,0,0,0,9.199999999999989,Medium,Medium,53064.0,0
L,301.8,311.0,1771,27.2,162,0,0,0,0,0,0,9.199999999999989,Medium,Low,48171.2,0
L,301.7,311.0,1474,42.6,164,0,0,0,0,0,0,9.300000000000011,Medium,Medium,62792.4,0
L,301.8,311.0,1322,53.0,166,0,0,0,0,0,0,9.199999999999989,Medium,High,70066.0,0
M,301.8,311.0,1393,49.5,168,0,0,0,0,0,0,9.199999999999989,Medium,Medium,68953.5,0
M,301.9,311.1,1417,52.5,171,0,0,0,0,0,0,9.200000000000045,High,High,74392.5,0
H,301.9,311.0,1430,49.8,174,0,0,0,0,0,0,9.100000000000023,High,Medium,71214.0,0
M,301.9,311.1,1605,40.0,179,0,0,0,0,0,0,9.200000000000045,High,Medium,64200.0,0
L,302.0,311.1,1402,47.8,182,0,0,0,0,0,0,9.100000000000023,High,Medium,67015.59999999999,0
L,302.0,311.0,1550,35.2,184,0,0,0,0,0,0,9.0,High,Medium,54560.00000000001,0
L,301.9,311.0,1376,44.9,186,0,0,0,0,0,0,9.100000000000023,High,Medium,61782.4,0
M,301.9,310.9,1569,32.5,188,0,0,0,0,0,0,9.0,High,Medium,50992.5,0
L,301.9,311.0,1669,32.2,191,0,0,0,0,0,0,9.100000000000023,High,Medium,53741.8,0
L,301.9,311.0,1541,38.9,193,0,0,0,0,0,0,9.100000000000023,High,Medium,59944.899999999994,0
L,301.8,311.0,1651,32.5,195,0,0,0,0,0,0,9.199999999999989,High,Medium,53657.5,0
L,301.8,310.9,1521,39.3,197,0,0,0,0,0,0,9.099999999999966,High,Medium,59775.299999999996,0
M,301.8,310.8,1365,48.2,199,0,0,0,0,0,0,9.0,High,Medium,65793.0,0
L,301.8,310.9,1609,31.7,202,0,0,0,0,0,0,9.099999999999966,High,Medium,51005.299999999996,1
H,301.8,310.8,1470,37.6,204,0,0,0,0,0,0,9.0,High,Medium,55272.0,1
M,301.9,310.9,1573,38.9,209,0,0,0,0,0,0,9.0,High,Medium,61189.7,1
L,302.0,310.9,1378,53.1,212,1,0,0,0,1,0,8.899999999999977,High,High,73171.8,1
L,301.9,310.9,1567,39.0,214,1,1,0,0,0,0,9.0,High,Medium,61113.0,1
M,301.9,310.9,1441,43.7,0,0,0,0,0,0,0,9.0,Low,Medium,62971.700000000004,0
M,301.9,310.9,1641,33.2,3,0,0,0,0,0,0,9.0,Low,Medium,54481.200000000004,0
L,301.9,310.9,1486,40.3,6,0,0,0,0,0,0,9.0,Low,Medium,59885.799999999996,0
L,302.0,311.0,1563,36.2,8,0,0,0,0,0,0,9.0,Low,Medium,56580.600000000006,0
M,302.0,311.1,1769,26.0,10,0,0,0,0,0,0,9.100000000000023,Low,Low,45994.0,0
H,301.9,311.0,1672,29.9,13,0,0,0,0,0,0,9.100000000000023,Low,Medium,49992.799999999996,0
L,302.0,311.0,1632,34.2,18,0,0,0,0,0,0,9.0,Low,Medium,55814.4,0
M,302.0,311.0,1980,21.5,20,0,0,0,0,0,0,9.0,Low,Low,42570.0,0
L,302.0,311.1,1635,36.0,23,0,0,0,0,0,0,9.100000000000023,Low,Medium,58860.0,0
L,302.0,311.0,1686,32.5,25,0,0,0,0,0,0,9.0,Low,Medium,54795.0,0
L,301.9,310.9,1574,31.4,27,0,0,0,0,0,0,9.0,Low,Medium,49423.6,0
L,301.8,310.8,1546,43.4,29,0,0,0,0,0,0,9.0,Low,Medium,67096.4,0
L,301.8,310.9,1899,24.7,31,0,0,0,0,0,0,9.099999999999966,Low,Low,46905.299999999996,0
L,301.8,310.9,1449,36.5,33,0,0,0,0,0,0,9.099999999999966,Low,Medium,52888.5,0
M,301.9,310.9,1483,37.0,35,0,0,0,0,0,0,9.0,Low,Medium,54871.0,0
L,301.8,310.8,1576,38.6,38,0,0,0,0,0,0,9.0,Low,Medium,60833.600000000006,0
M,301.9,310.9,1317,51.9,40,0,0,0,0,0,0,9.0,Low,Medium,68352.3,0
M,301.9,311.0,1467,48.1,43,0,0,0,0,0,0,9.100000000000023,Low,Medium,70562.7,0
L,301.9,310.9,1616,34.5,46,0,0,0,0,0,0,9.0,Low,Medium,55752.0,0
M,301.8,310.9,1299,60.4,48,0,0,0,0,0,0,9.099999999999966,Low,High,78459.59999999999,0
M,301.9,311.0,1432,41.5,51,0,0,0,0,0,0,9.100000000000023,Low,Medium,59428.0,0
L,301.9,310.9,1799,24.2,54,0,0,0,0,0,0,9.0,Low,Low,43535.799999999996,0
M,301.8,310.9,1358,52.3,56,0,0,0,0,0,0,9.099999999999966,Low,Medium,71023.4,0
M,301.8,310.8,1618,37.8,59,0,0,0,0,0,0,9.0,Low,Medium,61160.399999999994,0
L,301.9,310.8,1525,43.2,62,0,0,0,0,0,0,8.900000000000034,Low,Medium,65880.0,0
L,301.8,310.7,1551,37.7,64,0,0,0,0,0,0,8.899999999999977,Low,Medium,58472.700000000004,0
L,301.9,310.8,1735,31.5,66,0,0,0,0,0,0,8.900000000000034,Low,Medium,54652.5,0
M,301.8,310.7,1309,43.3,68,0,0,0,0,0,0,8.899999999999977,Low,Medium,56679.7,0
L,301.7,310.6,1743,26.2,71,0,0,0,0,0,0,8.900000000000034,Low,Low,45666.6,0
M,301.7,310.7,1659,29.9,73,0,0,0,0,0,0,9.0,Low,Medium,49604.1,0
L,301.8,310.7,1680,32.4,76,0,0,0,0,0,0,8.899999999999977,Low,Medium,54432.0,0
L,301.7,310.6,1486,38.5,78,0,0,0,0,0,0,8.900000000000034,Low,Medium,57211.0,0
L,301.7,310.6,1471,43.8,80,0,0,0,0,0,0,8.900000000000034,Low,Medium,64429.799999999996,0
M,301.8,310.7,1465,35.8,82,0,0,0,0,0,0,8.899999999999977,Low,Medium,52446.99999999999,0
M,301.7,310.6,1492,42.2,85,0,0,0,0,0,0,8.900000000000034,Medium,Medium,62962.4,0
M,301.8,310.7,1420,52.0,88,0,0,0,0,0,0,8.899999999999977,Medium,Medium,73840.0,0
L,301.8,310.6,1295,62.3,91,0,0,0,0,0,0,8.800000000000011,Medium,High,80678.5,0
L,301.8,310.5,1548,34.1,93,0,0,0,0,0,0,8.699999999999989,Medium,Medium,52786.8,0
L,301.8,310.6,1372,54.7,95,0,0,0,0,0,0,8.800000000000011,Medium,High,75048.40000000001,0
M,301.8,310.6,1552,35.9,97,0,0,0,0,0,0,8.800000000000011,Medium,Medium,55716.799999999996,0
H,301.8,310.6,1441,46.3,100,0,0,0,0,0,0,8.800000000000011,Medium,Medium,66718.3,0
M,301.7,310.6,1691,27.7,105,0,0,0,0,0,0,8.900000000000034,Medium,Low,46840.7,0
L,301.8,310.6,1451,50.7,108,0,0,0,0,0,0,8.800000000000011,Medium,Medium,73565.7,0
L,301.8,310.6,1452,48.4,110,0,0,0,0,0,0,8.800000000000011,Medium,Medium,70276.8,0
L,301.7,310.6,1406,46.0,112,0,0,0,0,0,0,8.900000000000034,Medium,Medium,64676.0,0
L,301.7,310.5,1567,39.1,114,0,0,0,0,0,0,8.800000000000011,Medium,Medium,61269.700000000004,0
L,301.6,310.4,1599,41.7,116,0,0,0,0,0,0,8.799999999999955,Medium,Medium,66678.3,0
M,301.6,310.4,1455,39.0,118,0,0,0,0,0,0,8.799999999999955,Medium,Medium,56745.0,0
M,301.7,310.5,1625,35.9,121,0,0,0,0,0,0,8.800000000000011,Medium,Medium,58337.5,0
L,301.8,310.6,2672,11.8,124,1,0,0,1,0,0,8.800000000000011,Medium,Low,31529.600000000002,0
L,301.8,310.6,1650,31.9,126,0,0,0,0,0,0,8.800000000000011,Medium,Medium,52635.0,0
M,301.8,310.6,1459,40.2,128,0,0,0,0,0,0,8.800000000000011,Medium,Medium,58651.8,0
L,301.8,310.6,1395,50.5,131,0,0,0,0,0,0,8.800000000000011,Medium,Medium,70447.5,0
L,301.8,310.7,1751,29.3,133,0,0,0,0,0,0,8.899999999999977,Medium,Medium,51304.3,0
L,301.8,310.6,1192,68.9,135,0,0,0,0,0,0,8.800000000000011,Medium,High,82128.8,0
L,301.9,310.7,1947,25.0,137,0,0,0,0,0,0,8.800000000000011,Medium,Low,48675.0,0
L,301.8,310.5,1593,34.9,139,0,0,0,0,0,0,8.699999999999989,Medium,Medium,55595.7,0
H,301.8,310.5,1478,38.6,141,0,0,0,0,0,0,8.699999999999989,Medium,Medium,57050.8,0
M,301.7,310.6,1505,44.5,146,0,0,0,0,0,0,8.900000000000034,Medium,Medium,66972.5,0
L,301.7,310.5,2465,13.7,149,0,0,0,0,0,0,8.800000000000011,Medium,Low,33770.5,0
L,301.8,310.6,1403,46.8,151,0,0,0,0,0,0,8.800000000000011,Medium,Medium,65660.4,0
M,301.7,310.5,1458,41.4,153,0,0,0,0,0,0,8.800000000000011,Medium,Medium,60361.2,0
H,301.6,310.4,1369,45.4,156,0,0,0,0,0,0,8.799999999999955,Medium,Medium,62152.6,0
M,301.6,310.4,1377,44.9,161,0,0,0,0,0,0,8.799999999999955,Medium,Medium,61827.299999999996,0
M,301.6,310.4,1452,45.7,164,0,0,0,0,0,0,8.799999999999955,Medium,Medium,66356.40000000001,0
L,301.6,310.4,1517,41.1,167,0,0,0,0,0,0,8.799999999999955,Medium,Medium,62348.700000000004,0
L,301.7,310.5,1354,50.0,169,0,0,0,0,0,0,8.800000000000011,High,Medium,67700.0,0
M,301.7,310.5,1724,33.0,171,0,0,0,0,0,0,8.800000000000011,High,Medium,56892.0,0
L,301.7,310.5,1399,53.2,174,0,0,0,0,0,0,8.800000000000011,High,High,74426.8,0
H,301.7,310.5,1388,50.5,176,0,0,0,0,0,0,8.800000000000011,High,Medium,70094.0,0
L,301.7,310.5,1523,34.7,181,0,0,0,0,0,0,8.800000000000011,High,Medium,52848.100000000006,0
L,301.7,310.5,1377,43.1,183,0,0,0,0,0,0,8.800000000000011,High,Medium,59348.700000000004,0
M,301.7,310.6,1417,45.2,185,0,0,0,0,0,0,8.900000000000034,High,Medium,64048.4,0
L,301.7,310.7,1542,40.0,188,0,0,0,0,0,0,9.0,High,Medium,61680.0,0
L,301.8,310.8,1557,33.3,190,0,0,0,0,0,0,9.0,High,Medium,51848.1,0
L,301.7,310.7,1641,31.9,192,0,0,0,0,0,0,9.0,High,Medium,52347.899999999994,0
L,301.7,310.7,1318,55.0,194,0,0,0,0,0,0,9.0,High,High,72490.0,0
L,301.6,310.7,1638,33.8,196,0,0,0,0,0,0,9.099999999999966,High,Medium,55364.399999999994,0
M,301.7,310.8,1954,21.6,198,0,0,0,0,0,0,9.100000000000023,High,Low,42206.4,0
M,301.7,310.9,1644,32.5,201,0,0,0,0,0,0,9.199999999999989,High,Medium,53430.0,1
M,301.7,310.8,1594,32.4,204,0,0,0,0,0,0,9.100000000000023,High,Medium,51645.6,1
L,301.7,310.9,1405,46.4,207,1,1,0,0,0,1,9.199999999999989,High,Medium,65192.0,1
L,301.7,310.8,1622,37.8,0,0,0,0,0,0,0,9.100000000000023,Low,Medium,61311.6,0
L,301.7,310.9,1557,39.4,2,0,0,0,0,0,0,9.199999999999989,Low,Medium,61345.799999999996,0
L,301.8,311.0,1606,33.3,4,0,0,0,0,0,0,9.199999999999989,Low,Medium,53479.799999999996,0
M,301.8,311.1,1647,31.6,6,0,0,0,0,0,0,9.300000000000011,Low,Medium,52045.200000000004,0
M,301.8,311.1,1413,42.2,9,0,0,0,0,0,0,9.300000000000011,Low,Medium,59628.600000000006,0
L,301.8,311.0,1529,41.6,12,0,0,0,0,0,0,9.199999999999989,Low,Medium,63606.4,0
L,301.9,311.1,1448,46.3,14,0,0,0,0,0,0,9.200000000000045,Low,Medium,67042.4,0
L,301.9,311.2,1435,44.2,16,0,0,0,0,0,0,9.300000000000011,Low,Medium,63427.00000000001,0
H,301.9,311.2,1474,41.8,18,0,0,0,0,0,0,9.300000000000011,Low,Medium,61613.2,0
L,301.9,311.2,1657,29.1,23,0,0,0,0,0,0,9.300000000000011,Low,Medium,48218.700000000004,0
L,302.0,311.3,1509,39.9,25,0,0,0,0,0,0,9.300000000000011,Low,Medium,60209.1,0
M,302.0,311.3,1530,36.4,27,0,0,0,0,0,0,9.300000000000011,Low,Medium,55692.0,0
M,302.0,311.4,1587,35.9,30,0,0,0,0,0,0,9.399999999999977,Low,Medium,56973.299999999996,0
M,302.1,311.4,1467,43.4,33,0,0,0,0,0,0,9.299999999999955,Low,Medium,63667.799999999996,0
M,302.2,311.5,1360,53.0,36,0,0,0,0,0,0,9.300000000000011,Low,High,72080.0,0
L,302.2,311.5,1588,30.6,39,0,0,0,0,0,0,9.300000000000011,Low,Medium,48592.8,0
L,302.2,311.4,1609,32.1,41,0,0,0,0,0,0,9.199999999999989,Low,Medium,51648.9,0
L,302.1,311.3,1415,44.1,43,0,0,0,0,0,0,9.199999999999989,Low,Medium,62401.5,0
L,302.0,311.2,1845,27.3,45,0,0,0,0,0,0,9.199999999999989,Low,Low,50368.5,0
M,302.1,311.4,1419,36.2,47,0,0,0,0,0,0,9.299999999999955,Low,Medium,51367.8,0
L,302.1,311.3,1634,30.6,50,0,0,0,0,0,0,9.199999999999989,Low,Medium,50000.4,0
M,302.2,311.3,1521,40.6,52,0,0,0,0,0,0,9.100000000000023,Low,Medium,61752.6,0
L,302.2,311.4,1499,37.7,55,0,0,0,0,0,0,9.199999999999989,Low,Medium,56512.3,0
M,302.1,311.2,1616,35.1,57,0,0,0,0,0,0,9.099999999999966,Low,Medium,56721.600000000006,0
L,302.2,311.4,1449,46.5,60,0,0,0,0,0,0,9.199999999999989,Low,Medium,67378.5,0
M,302.2,311.4,1626,31.6,62,0,0,0,0,0,0,9.199999999999989,Low,Medium,51381.600000000006,0
M,302.3,311.5,1445,44.8,65,0,0,0,0,0,0,9.199999999999989,Low,Medium,64735.99999999999,0
L,302.4,311.6,1622,35.0,68,0,0,0,0,0,0,9.200000000000045,Low,Medium,56770.0,0
H,302.4,311.6,1544,39.1,70,0,0,0,0,0,0,9.200000000000045,Low,Medium,60370.4,0
L,302.3,311.6,1488,41.8,75,0,0,0,0,0,0,9.300000000000011,Low,Medium,62198.399999999994,0
L,302.3,311.6,1309,57.6,77,0,0,0,0,0,0,9.300000000000011,Low,High,75398.40000000001,0
L,302.3,311.6,1784,26.4,79,0,0,0,0,0,0,9.300000000000011,Low,Low,47097.6,0
L,302.2,311.5,1548,32.4,81,0,0,0,0,0,0,9.300000000000011,Low,Medium,50155.2,0
L,302.2,311.5,1413,43.5,83,0,0,0,0,0,0,9.300000000000011,Low,Medium,61465.5,0
M,302.2,311.5,1863,25.7,85,0,0,0,0,0,0,9.300000000000011,Medium,Low,47879.1,0
L,302.2,311.5,1427,43.8,88,0,0,0,0,0,0,9.300000000000011,Medium,Medium,62502.6,0
M,302.2,311.5,1443,47.0,90,0,0,0,0,0,0,9.300000000000011,Medium,Medium,67821.0,0
L,302.2,311.5,1481,40.4,93,0,0,0,0,0,0,9.300000000000011,Medium,Medium,59832.4,0
L,302.1,311.4,1446,39.7,95,0,0,0,0,0,0,9.299999999999955,Medium,Medium,57406.200000000004,0
L,302.1,311.5,1444,44.9,97,0,0,0,0,0,0,9.399999999999977,Medium,Medium,64835.6,0
M,302.1,311.5,1341,50.8,99,0,0,0,0,0,0,9.399999999999977,Medium,Medium,68122.8,0
L,302.1,311.4,1518,37.4,102,0,0,0,0,0,0,9.299999999999955,Medium,Medium,56773.2,0
L,302.1,311.4,1603,35.9,104,0,0,0,0,0,0,9.299999999999955,Medium,Medium,57547.7,0
L,302.1,311.4,1686,30.9,106,0,0,0,0,0,0,9.299999999999955,Medium,Medium,52097.399999999994,0
M,302.1,311.5,1383,53.6,108,0,0,0,0,0,0,9.399999999999977,Medium,High,74128.8,0
L,302.1,311.5,1477,45.4,111,0,0,0,0,0,0,9.399999999999977,Medium,Medium,67055.8,0
M,302.2,311.5,1449,44.5,113,0,0,0,0,0,0,9.300000000000011,Medium,Medium,64480.5,0
M,302.2,311.5,1734,25.0,116,0,0,0,0,0,0,9.300000000000011,Medium,Low,43350.0,0
L,302.3,311.6,1398,49.1,119,0,0,0,0,0,0,9.300000000000011,Medium,Medium,68641.8,0
M,302.3,311.7,1639,36.6,121,0,0,0,0,0,0,9.399999999999977,Medium,Medium,59987.4,0
M,302.3,311.7,1517,37.6,124,0,0,0,0,0,0,9.399999999999977,Medium,Medium,57039.200000000004,0
M,302.3,311.7,1442,41.7,127,0,0,0,0,0,0,9.399999999999977,Medium,Medium,60131.4,0
M,302.3,311.7,1685,30.8,130,0,0,0,0,0,0,9.399999999999977,Medium,Medium,51898.0,0
M,302.4,311.8,1358,50.6,133,0,0,0,0,0,0,9.400000000000034,Medium,Medium,68714.8,0
M,302.3,311.6,1608,39.9,136,0,0,0,0,0,0,9.300000000000011,Medium,Medium,64159.2,0
L,302.3,311.6,1665,34.3,139,0,0,0,0,0,0,9.300000000000011,Medium,Medium,57109.49999999999,0
L,302.3,311.7,1510,38.7,141,0,0,0,0,0,0,9.399999999999977,Medium,Medium,58437.00000000001,0
L,302.4,311.8,1465,40.2,143,0,0,0,0,0,0,9.400000000000034,Medium,Medium,58893.00000000001,0
L,302.3,311.7,1701,27.5,145,0,0,0,0,0,0,9.399999999999977,Medium,Low,46777.5,0
M,302.3,311.7,1486,39.6,147,0,0,0,0,0,0,9.399999999999977,Medium,Medium,58845.6,0
L,302.3,311.6,1658,32.3,150,0,0,0,0,0,0,9.300000000000011,Medium,Medium,53553.399999999994,0
H,302.3,311.7,1449,44.5,152,0,0,0,0,0,0,9.399999999999977,Medium,Medium,64480.5,0
L,302.2,311.5,1346,52.4,157,0,0,0,0,0,0,9.300000000000011,Medium,High,70530.4,0
M,302.1,311.5,1866,23.1,159,0,0,0,0,0,0,9.399999999999977,Medium,Low,43104.600000000006,0
M,302.2,311.5,1562,38.0,162,0,0,0,0,0,0,9.300000000000011,Medium,Medium,59356.0,0
M,302.3,311.7,1368,53.6,165,0,0,0,0,0,0,9.399999999999977,Medium,High,73324.8,0
L,302.2,311.5,1567,33.1,168,0,0,0,0,0,0,9.300000000000011,Medium,Medium,51867.700000000004,0
L,302.2,311.5,1725,34.0,170,0,0,0,0,0,0,9.300000000000011,High,Medium,58650.0,0
L,302.2,311.5,1744,31.2,172,0,0,0,0,0,0,9.300000000000011,High,Medium,54412.799999999996,0
M,302.1,311.3,1453,45.1,174,0,0,0,0,0,0,9.199999999999989,High,Medium,65530.3,0
L,302.1,311.2,1550,34.8,177,0,0,0,0,0,0,9.099999999999966,High,Medium,53939.99999999999,0
M,302.0,311.2,1558,39.1,179,0,0,0,0,0,0,9.199999999999989,High,Medium,60917.8,0
L,302.0,311.2,1270,65.3,182,1,0,0,0,1,0,9.199999999999989,High,High,82931.0,0
M,301.9,311.1,1380,51.6,184,0,0,0,0,0,0,9.200000000000045,High,Medium,71208.0,0
L,302.0,311.1,1406,50.5,187,0,0,0,0,0,0,9.100000000000023,High,Medium,71003.0,0
M,302.0,311.2,1625,30.7,189,0,0,0,0,0,0,9.199999999999989,High,Medium,49887.5,0
L,302.0,311.2,1420,45.8,192,0,0,0,0,0,0,9.199999999999989,High,Medium,65035.99999999999,0
L,302.1,311.4,1889,22.7,194,0,0,0,0,0,0,9.299999999999955,High,Low,42880.299999999996,0
L,302.1,311.3,1477,43.6,196,0,0,0,0,0,0,9.199999999999989,High,Medium,64397.200000000004,0
L,302.1,311.2,1460,46.9,198,0,0,0,0,0,0,9.099999999999966,High,Medium,68474.0,0
L,302.1,311.3,1758,24.4,200,0,0,0,0,0,0,9.199999999999989,High,Low,42895.2,1
L,302.1,311.3,1521,31.5,202,0,0,0,0,0,0,9.199999999999989,High,Medium,47911.5,1
M,302.1,311.3,1511,45.0,204,0,0,0,0,0,0,9.199999999999989,High,Medium,67995.0,1
L,302.2,311.3,1530,37.3,207,1,1,0,0,0,0,9.100000000000023,High,Medium,57068.99999999999,1
L,302.1,311.2,1454,46.8,0,0,0,0,0,0,0,9.099999999999966,Low,Medium,68047.2,0
L,302.2,311.2,1928,23.1,2,0,0,0,0,0,0,9.0,Low,Low,44536.8,0
H,302.2,311.3,1758,26.4,4,0,0,0,0,0,0,9.100000000000023,Low,Low,46411.2,0
L,302.2,311.2,1649,33.2,9,0,0,0,0,0,0,9.0,Low,Medium,54746.8,0
L,302.1,311.2,1447,50.3,11,0,0,0,0,0,0,9.099999999999966,Low,Medium,72784.09999999999,0
L,302.1,311.2,1417,48.0,13,0,0,0,0,0,0,9.099999999999966,Low,Medium,68016.0,0
L,302.0,311.2,1434,44.9,15,0,0,0,0,0,0,9.199999999999989,Low,Medium,64386.6,0
M,302.0,311.2,1418,49.5,17,0,0,0,0,0,0,9.199999999999989,Low,Medium,70191.0,0
M,302.0,311.2,1400,49.5,20,0,0,0,0,0,0,9.199999999999989,Low,Medium,69300.0,0
M,302.0,311.3,1725,27.7,23,0,0,0,0,0,0,9.300000000000011,Low,Low,47782.5,0
L,302.0,311.3,1567,41.1,26,0,0,0,0,0,0,9.300000000000011,Low,Medium,64403.700000000004,0
M,302.1,311.3,1497,38.4,28,0,0,0,0,0,0,9.199999999999989,Low,Medium,57484.799999999996,0
L,302.1,311.4,1549,44.6,31,0,0,0,0,0,0,9.299999999999955,Low,Medium,69085.40000000001,0
L,302.2,311.4,1754,26.9,33,0,0,0,0,0,0,9.199999999999989,Low,Low,47182.6,0
L,302.2,311.5,1489,38.3,35,0,0,0,0,0,0,9.300000000000011,Low,Medium,57028.7,0
L,302.2,311.5,1543,38.5,37,0,0,0,0,0,0,9.300000000000011,Low,Medium,59405.5,0
L,302.3,311.5,1543,33.1,39,0,0,0,0,0,0,9.199999999999989,Low,Medium,51073.3,0
L,302.3,311.5,1565,35.6,41,0,0,0,0,0,0,9.199999999999989,Low,Medium,55714.0,0
M,302.3,311.4,1855,23.9,43,0,0,0,0,0,0,9.099999999999966,Low,Low,44334.5,0
M,302.4,311.4,1475,45.2,46,0,0,0,0,0,0,9.0,Low,Medium,66670.0,0
L,302.3,311.4,1609,32.3,49,0,0,0,0,0,0,9.099999999999966,Low,Medium,51970.7,0
H,302.3,311.4,1443,44.1,51,0,0,0,0,0,0,9.099999999999966,Low,Medium,63636.3,0
L,302.4,311.4,1450,44.1,56,0,0,0,0,0,0,9.0,Low,Medium,63945.0,0
L,302.4,311.5,1590,39.9,58,0,0,0,0,0,0,9.100000000000023,Low,Medium,63441.0,0
M,302.4,311.4,1508,41.2,60,0,0,0,0,0,0,9.0,Low,Medium,62129.600000000006,0
M,302.2,311.2,1544,43.6,63,0,0,0,0,0,0,9.0,Low,Medium,67318.40000000001,0
L,302.2,311.2,1451,41.8,66,0,0,0,0,0,0,9.0,Low,Medium,60651.799999999996,0
L,302.3,311.2,1758,24.4,68,0,0,0,0,0,0,8.899999999999977,Low,Low,42895.2,0
M,302.3,311.2,1507,47.7,70,0,0,0,0,0,0,8.899999999999977,Low,Medium,71883.90000000001,0
H,302.3,311.1,1543,37.5,73,0,0,0,0,0,0,8.800000000000011,Low,Medium,57862.5,0
M,302.3,311.2,1505,36.7,78,0,0,0,0,0,0,8.899999999999977,Low,Medium,55233.50000000001,0
L,302.3,311.2,1786,24.3,81,0,0,0,0,0,0,8.899999999999977,Low,Low,43399.8,0
L,302.3,311.3,1457,44.5,83,0,0,0,0,0,0,9.0,Low,Medium,64836.5,0
M,302.4,311.3,1312,61.5,85,0,0,0,0,0,0,8.900000000000034,Medium,High,80688.0,0
M,302.3,311.2,1405,47.7,88,0,0,0,0,0,0,8.899999999999977,Medium,Medium,67018.5,0
M,302.2,311.2,1377,43.0,91,0,0,0,0,0,0,9.0,Medium,Medium,59211.0,0
M,302.2,311.2,1347,49.8,94,0,0,0,0,0,0,9.0,Medium,Medium,67080.59999999999,0
L,302.2,311.1,1470,39.6,97,0,0,0,0,0,0,8.900000000000034,Medium,Medium,58212.0,0
M,302.2,311.2,1873,24.0,99,0,0,0,0,0,0,9.0,Medium,Low,44952.0,0
M,302.2,311.1,1434,58.6,102,0,0,0,0,0,0,8.900000000000034,Medium,High,84032.40000000001,0
H,302.2,311.1,1628,30.6,105,0,0,0,0,0,0,8.900000000000034,Medium,Medium,49816.8,0
L,302.2,311.1,1351,48.6,110,0,0,0,0,0,0,8.900000000000034,Medium,Medium,65658.6,0
M,302.3,311.2,1454,43.8,112,0,0,0,0,0,0,8.899999999999977,Medium,Medium,63685.2,0
M,302.2,311.2,1663,29.6,115,0,0,0,0,0,0,9.0,Medium,Medium,49224.8,0
L,302.3,311.2,1401,49.7,118,0,0,0,0,0,0,8.899999999999977,Medium,Medium,69629.7,0
L,302.4,311.3,1503,38.2,120,0,0,0,0,0,0,8.900000000000034,Medium,Medium,57414.600000000006,0
L,302.4,311.4,1564,35.0,122,0,0,0,0,0,0,9.0,Medium,Medium,54740.0,0
L,302.5,311.4,1759,24.6,124,0,0,0,0,0,0,8.899999999999977,Medium,Low,43271.4,0
L,302.5,311.4,1409,53.1,126,0,0,0,0,0,0,8.899999999999977,Medium,High,74817.90000000001,0
L,302.6,311.4,1738,25.8,128,0,0,0,0,0,0,8.799999999999955,Medium,Low,44840.4,0
H,302.5,311.3,1393,47.5,130,0,0,0,0,0,0,8.800000000000011,Medium,Medium,66167.5,0
L,302.5,311.1,1499,38.8,135,0,0,0,0,0,0,8.600000000000023,Medium,Medium,58161.2,0
L,302.5,311.1,1493,39.0,137,0,0,0,0,0,0,8.600000000000023,Medium,Medium,58227.0,0
L,302.4,311.1,1652,33.9,139,0,0,0,0,0,0,8.700000000000045,Medium,Medium,56002.799999999996,0
L,302.3,311.1,1589,29.9,141,0,0,0,0,0,0,8.800000000000011,Medium,Medium,47511.1,0
L,302.4,311.1,1520,42.2,143,0,0,0,0,0,0,8.700000000000045,Medium,Medium,64144.00000000001,0
H,302.3,311.1,1455,40.3,145,0,0,0,0,0,0,8.800000000000011,Medium,Medium,58636.49999999999,0
L,302.2,311.0,1463,46.8,150,0,0,0,0,0,0,8.800000000000011,Medium,Medium,68468.4,0
L,302.3,311.0,1442,43.7,152,0,0,0,0,0,0,8.699999999999989,Medium,Medium,63015.4,0
L,302.3,311.0,1329,51.5,154,0,0,0,0,0,0,8.699999999999989,Medium,Medium,68443.5,0
L,302.3,311.1,1546,33.1,156,0,0,0,0,0,0,8.800000000000011,Medium,Medium,51172.600000000006,0
M,302.2,311.1,1516,33.7,158,0,0,0,0,0,0,8.900000000000034,Medium,Medium,51089.200000000004,0
M,302.2,311.0,1476,47.4,161,0,0,0,0,0,0,8.800000000000011,Medium,Medium,69962.4,0
L,302.3,311.0,1412,47.0,164,0,0,0,0,0,0,8.699999999999989,Medium,Medium,66364.0,0
L,302.3,310.9,1377,46.8,166,1,0,1,0,0,0,8.599999999999966,Medium,Medium,64443.6,0
M,302.4,311.0,1490,37.1,168,0,0,0,0,0,0,8.600000000000023,Medium,Medium,55279.0,0
M,302.3,311.0,1526,37.7,171,0,0,0,0,0,0,8.699999999999989,High,Medium,57530.200000000004,0
L,302.3,311.0,1428,47.9,174,0,0,0,0,0,0,8.699999999999989,High,Medium,68401.2,0
L,302.4,311.0,1329,54.6,176,0,0,0,0,0,0,8.600000000000023,High,High,72563.40000000001,0
M,302.4,311.1,1443,51.8,178,0,0,0,0,0,0,8.700000000000045,High,Medium,74747.4,0
L,302.3,311.1,1373,53.0,181,0,0,0,0,0,0,8.800000000000011,High,High,72769.0,0
L,302.3,311.1,1630,35.6,183,0,0,0,0,0,0,8.800000000000011,High,Medium,58028.0,0
L,302.2,311.0,1555,34.2,185,0,0,0,0,0,0,8.800000000000011,High,Medium,53181.00000000001,0
M,302.2,311.0,1436,47.0,187,0,0,0,0,0,0,8.800000000000011,High,Medium,67492.0,0
L,302.3,311.0,1609,31.0,190,0,0,0,0,0,0,8.699999999999989,High,Medium,49879.0,0
M,302.3,311.0,1384,49.7,192,0,0,0,0,0,0,8.699999999999989,High,Medium,68784.8,0
L,302.4,311.1,1448,44.8,195,0,0,0,0,0,0,8.700000000000045,High,Medium,64870.399999999994,0
M,302.4,311.1,1887,22.4,197,0,0,0,0,0,0,8.700000000000045,High,Low,42268.799999999996,0
M,302.4,311.1,1480,45.7,200,0,0,0,0,0,0,8.700000000000045,High,Medium,67636.0,1
H,302.5,311.1,1850,23.3,203,0,0,0,0,0,0,8.600000000000023,High,Low,43105.0,1
L,302.5,311.1,1538,36.8,208,0,0,0,0,0,0,8.600000000000023,High,Medium,56598.399999999994,1
M,302.4,311.1,1721,30.1,210,0,0,0,0,0,0,8.700000000000045,High,Medium,51802.100000000006,1
M,302.4,311.1,1366,54.4,0,0,0,0,0,0,0,8.700000000000045,Low,High,74310.4,0
L,302.3,311.0,1657,31.1,3,0,0,0,0,0,0,8.699999999999989,Low,Medium,51532.700000000004,0
L,302.4,311.1,1446,42.9,5,0,0,0,0,0,0,8.700000000000045,Low,Medium,62033.4,0
L,302.3,310.8,1465,43.8,7,0,0,0,0,0,0,8.5,Low,Medium,64166.99999999999,0
L,302.2,310.8,1827,23.8,9,0,0,0,0,0,0,8.600000000000023,Low,Low,43482.6,0
H,302.2,310.8,1397,47.6,11,0,0,0,0,0,0,8.600000000000023,Low,Medium,66497.2,0
L,302.2,310.8,1744,29.7,16,0,0,0,0,0,0,8.600000000000023,Low,Medium,51796.799999999996,0
L,302.3,310.9,1545,36.7,18,0,0,0,0,0,0,8.599999999999966,Low,Medium,56701.50000000001,0
L,302.3,310.9,1587,36.6,20,0,0,0,0,0,0,8.599999999999966,Low,Medium,58084.200000000004,0
L,302.3,310.8,1377,47.3,22,1,0,1,0,0,0,8.5,Low,Medium,65132.1,0
L,302.3,310.8,1511,48.1,24,0,0,0,0,0,0,8.5,Low,Medium,72679.1,0
L,302.3,310.8,1650,32.4,26,0,0,0,0,0,0,8.5,Low,Medium,53460.0,0
L,302.3,310.9,1412,48.9,28,0,0,0,0,0,0,8.599999999999966,Low,Medium,69046.8,0
L,302.3,311.0,1528,43.1,30,0,0,0,0,0,0,8.699999999999989,Low,Medium,65856.8,0
L,302.3,310.9,1459,35.0,32,0,0,0,0,0,0,8.599999999999966,Low,Medium,51065.0,0
L,302.3,310.9,1379,49.3,34,1,0,1,0,0,0,8.599999999999966,Low,Medium,67984.7,0
M,302.2,310.8,1356,48.3,36,0,0,0,0,0,0,8.600000000000023,Low,Medium,65494.799999999996,0
M,302.1,310.8,1409,41.3,39,0,0,0,0,0,0,8.699999999999989,Low,Medium,58191.7,0
M,302.1,310.8,1504,37.5,42,0,0,0,0,0,0,8.699999999999989,Low,Medium,56400.0,0
L,302.1,310.8,1622,36.8,45,0,0,0,0,0,0,8.699999999999989,Low,Medium,59689.6,0
L,302.1,310.8,1786,25.7,47,0,0,0,0,0,0,8.699999999999989,Low,Low,45900.2,0
L,302.2,310.9,1506,34.0,49,0,0,0,0,0,0,8.699999999999989,Low,Medium,51204.0,0
M,302.1,310.9,1916,23.1,51,0,0,0,0,0,0,8.799999999999955,Low,Low,44259.600000000006,0
M,302.2,310.9,1771,27.6,54,0,0,0,0,0,0,8.699999999999989,Low,Low,48879.600000000006,0
M,302.2,310.9,1488,44.2,57,0,0,0,0,0,0,8.699999999999989,Low,Medium,65769.6,0
L,302.2,310.9,1531,37.5,60,0,0,0,0,0,0,8.699999999999989,Low,Medium,57412.5,0
L,302.3,310.9,1529,33.4,62,0,0,0,0,0,0,8.599999999999966,Low,Medium,51068.6,0
M,302.4,311.0,1580,36.5,64,0,0,0,0,0,0,8.600000000000023,Low,Medium,57670.0,0
M,302.3,310.9,1360,44.0,67,1,0,1,0,0,0,8.599999999999966,Low,Medium,59840.0,0
M,302.3,311.0,1546,35.5,70,0,0,0,0,0,0,8.699999999999989,Low,Medium,54883.0,0
M,302.3,310.9,1762,24.5,73,0,0,0,0,0,0,8.599999999999966,Low,Low,43169.0,0
L,302.2,310.8,1350,56.6,76,0,0,0,0,0,0,8.600000000000023,Low,High,76410.0,0
M,302.2,310.8,1562,38.1,78,0,0,0,0,0,0,8.600000000000023,Low,Medium,59512.200000000004,0
M,302.1,310.7,1608,30.3,81,0,0,0,0,0,0,8.599999999999966,Low,Medium,48722.4,0
L,302.0,310.6,1392,50.0,84,0,0,0,0,0,0,8.600000000000023,Low,Medium,69600.0,0
L,302.0,310.6,1467,44.9,86,0,0,0,0,0,0,8.600000000000023,Medium,Medium,65868.3,0
M,302.1,310.6,1326,59.1,88,1,0,1,0,0,0,8.5,Medium,High,78366.6,0
L,302.2,310.7,1769,24.9,91,0,0,0,0,0,0,8.5,Medium,Low,44048.1,0
L,302.1,310.6,1459,47.6,93,0,0,0,0,0,0,8.5,Medium,Medium,69448.40000000001,0
M,302.1,310.6,1421,52.0,95,0,0,0,0,0,0,8.5,Medium,Medium,73892.0,0
L,302.1,310.7,1491,42.8,98,0,0,0,0,0,0,8.599999999999966,Medium,Medium,63814.799999999996,0
L,302.2,310.7,1567,36.4,100,0,0,0,0,0,0,8.5,Medium,Medium,57038.799999999996,0
L,302.3,310.8,1421,41.4,102,0,0,0,0,0,0,8.5,Medium,Medium,58829.4,0
L,302.3,310.9,1596,33.5,104,0,0,0,0,0,0,8.599999999999966,Medium,Medium,53466.0,0
M,302.4,311.0,1464,44.2,106,0,0,0,0,0,0,8.600000000000023,Medium,Medium,64708.8,0
M,302.3,310.9,1581,36.1,109,0,0,0,0,0,0,8.599999999999966,Medium,Medium,57074.100000000006,0
L,302.3,310.9,1620,30.3,112,0,0,0,0,0,0,8.599999999999966,Medium,Medium,49086.0,0
H,302.2,310.7,1413,48.9,114,0,0,0,0,0,0,8.5,Medium,Medium,69095.7,0
H,302.3,310.8,1438,43.8,119,0,0,0,0,0,0,8.5,Medium,Medium,62984.399999999994,0
M,302.4,310.9,1469,41.6,124,0,0,0,0,0,0,8.5,Medium,Medium,61110.4,0
M,302.3,310.8,1762,27.8,127,0,0,0,0,0,0,8.5,Medium,Low,48983.6,0
H,302.3,310.9,1366,48.4,130,1,0,1,0,0,0,8.599999999999966,Medium,Medium,66114.4,0
L,302.3,310.9,1891,22.7,135,0,0,0,0,0,0,8.599999999999966,Medium,Low,42925.7,0
M,302.3,310.9,1742,29.7,137,0,0,0,0,0,0,8.599999999999966,Medium,Medium,51737.4,0
M,302.2,310.9,1465,43.5,140,0,0,0,0,0,0,8.699999999999989,Medium,Medium,63727.5,0
M,302.3,311.0,1541,36.6,143,0,0,0,0,0,0,8.699999999999989,Medium,Medium,56400.600000000006,0
M,302.3,311.1,1295,57.1,146,0,0,0,0,0,0,8.800000000000011,Medium,High,73944.5,0
M,302.3,311.1,1435,43.1,149,0,0,0,0,0,0,8.800000000000011,Medium,Medium,61848.5,0
L,302.4,311.2,1466,43.9,152,0,0,0,0,0,0,8.800000000000011,Medium,Medium,64357.4,0
L,302.4,311.2,1450,47.9,154,0,0,0,0,0,0,8.800000000000011,Medium,Medium,69455.0,0
L,302.4,311.1,1880,24.5,156,0,0,0,0,0,0,8.700000000000045,Medium,Low,46060.0,0
M,302.3,311.0,1578,33.5,158,0,0,0,0,0,0,8.699999999999989,Medium,Medium,52863.0,0
L,302.4,311.0,1610,33.1,161,0,0,0,0,0,0,8.600000000000023,Medium,Medium,53291.0,0
L,302.4,311.1,1565,42.8,163,0,0,0,0,0,0,8.700000000000045,Medium,Medium,66982.0,0
L,302.5,311.2,1545,40.1,165,0,0,0,0,0,0,8.699999999999989,Medium,Medium,61954.5,0
L,302.5,311.2,1227,60.1,167,0,0,0,0,0,0,8.699999999999989,Medium,High,73742.7,0
L,302.4,311.1,1484,45.9,169,0,0,0,0,0,0,8.700000000000045,High,Medium,68115.59999999999,0
L,302.3,311.0,1591,32.7,171,0,0,0,0,0,0,8.699999999999989,High,Medium,52025.700000000004,0
L,302.3,310.9,1403,47.2,173,0,0,0,0,0,0,8.599999999999966,High,Medium,66221.6,0
M,302.3,311.0,1450,45.7,175,0,0,0,0,0,0,8.699999999999989,High,Medium,66265.0,0
L,302.3,310.9,1720,28.1,178,0,0,0,0,0,0,8.599999999999966,High,Medium,48332.0,0
L,302.3,311.0,1561,37.2,180,0,0,0,0,0,0,8.699999999999989,High,Medium,58069.200000000004,0
M,302.3,311.0,1421,41.3,182,0,0,0,0,0,0,8.699999999999989,High,Medium,58687.299999999996,0
H,302.2,310.9,1415,48.4,185,0,0,0,0,0,0,8.699999999999989,High,Medium,68486.0,0
L,302.3,310.9,2034,19.7,190,0,0,0,0,0,0,8.599999999999966,High,Low,40069.799999999996,0
L,302.4,311.0,1486,40.4,192,0,0,0,0,0,0,8.600000000000023,High,Medium,60034.4,0
L,302.4,311.0,1338,67.6,194,1,0,0,1,1,0,8.600000000000023,High,High,90448.79999999999,0
H,302.4,311.1,1578,32.3,196,0,0,0,0,0,0,8.700000000000045,High,Medium,50969.399999999994,0
M,302.4,311.2,1330,58.6,201,0,0,0,0,0,0,8.800000000000011,High,High,77938.0,1
H,302.4,311.2,1506,40.8,204,0,0,0,0,0,0,8.800000000000011,High,Medium,61444.799999999996,1
L,302.5,311.4,1559,37.6,209,0,0,0,0,0,0,8.899999999999977,High,Medium,58618.4,1
L,302.6,311.5,1599,37.0,211,0,0,0,0,0,0,8.899999999999977,High,Medium,59163.0,1
L,302.6,311.5,1427,38.9,213,0,0,0,0,0,0,8.899999999999977,High,Medium,55510.299999999996,1
M,302.5,311.5,1481,41.1,215,0,0,0,0,0,0,9.0,High,Medium,60869.1,1
H,302.5,311.5,1496,43.8,218,0,0,0,0,0,0,9.0,High,Medium,65524.799999999996,1
L,302.5,311.4,1674,27.0,223,0,0,0,0,0,0,8.899999999999977,High,Low,45198.0,1
M,302.5,311.4,1629,31.7,225,0,0,0,0,0,0,8.899999999999977,High,Medium,51639.299999999996,1
H,302.6,311.5,1629,34.4,228,1,1,0,0,0,0,8.899999999999977,High,Medium,56037.6,1
L,302.6,311.6,1311,53.2,0,0,0,0,0,0,0,9.0,Low,High,69745.2,0
M,302.7,311.6,2709,9.7,2,1,0,0,1,0,0,8.900000000000034,Low,Low,26277.3,0
M,302.7,311.7,1759,29.9,5,0,0,0,0,0,0,9.0,Low,Medium,52594.1,0
L,302.7,311.7,1480,45.2,8,0,0,0,0,0,0,9.0,Low,Medium,66896.0,0
L,302.7,311.8,1461,46.1,10,0,0,0,0,0,0,9.100000000000023,Low,Medium,67352.1,0
M,302.7,311.8,1728,30.0,12,0,0,0,0,0,0,9.100000000000023,Low,Medium,51840.0,0
L,302.7,311.9,1389,46.5,15,0,0,0,0,0,0,9.199999999999989,Low,Medium,64588.5,0
L,302.6,311.8,1638,35.1,17,0,0,0,0,0,0,9.199999999999989,Low,Medium,57493.8,0
L,302.6,311.7,1254,54.1,19,0,0,0,0,0,0,9.099999999999966,Low,High,67841.40000000001,0
L,302.6,311.8,1427,50.1,21,0,0,0,0,0,0,9.199999999999989,Low,Medium,71492.7,0
L,302.6,311.8,1627,31.8,23,0,0,0,0,0,0,9.199999999999989,Low,Medium,51738.6,0
H,302.6,311.7,1471,48.3,25,0,0,0,0,0,0,9.099999999999966,Low,Medium,71049.3,0
L,302.6,311.7,1773,27.1,30,0,0,0,0,0,0,9.099999999999966,Low,Low,48048.3,0
M,302.6,311.7,1430,51.7,32,0,0,0,0,0,0,9.099999999999966,Low,Medium,73931.0,0
L,302.5,311.6,1595,29.5,35,0,0,0,0,0,0,9.100000000000023,Low,Medium,47052.5,0
L,302.5,311.5,1521,44.1,37,0,0,0,0,0,0,9.0,Low,Medium,67076.1,0
L,302.5,311.6,1419,43.7,39,0,0,0,0,0,0,9.100000000000023,Low,Medium,62010.3,0
M,302.4,311.4,1534,40.1,41,0,0,0,0,0,0,9.0,Low,Medium,61513.4,0
H,302.5,311.5,1626,36.0,44,0,0,0,0,0,0,9.0,Low,Medium,58536.0,0
L,302.5,311.5,1677,29.2,49,0,0,0,0,0,0,9.0,Low,Medium,48968.4,0
L,302.4,311.3,1392,50.5,51,0,0,0,0,0,0,8.900000000000034,Low,Medium,70296.0,0
L,302.4,311.2,1448,50.5,53,0,0,0,0,0,0,8.800000000000011,Low,Medium,73124.0,0
L,302.3,311.2,1903,22.9,55,0,0,0,0,0,0,8.899999999999977,Low,Low,43578.7,0
L,302.4,311.2,1404,52.0,57,0,0,0,0,0,0,8.800000000000011,Low,Medium,73008.0,0
L,302.3,311.2,1386,53.5,59,0,0,0,0,0,0,8.899999999999977,Low,High,74151.0,0
L,302.2,311.1,1418,47.0,61,0,0,0,0,0,0,8.900000000000034,Low,Medium,66646.0,0
M,302.3,311.1,1338,53.3,63,0,0,0,0,0,0,8.800000000000011,Low,High,71315.4,0
L,302.3,311.2,1549,40.6,66,0,0,0,0,0,0,8.899999999999977,Low,Medium,62889.4,0
M,302.3,311.2,1432,42.7,68,0,0,0,0,0,0,8.899999999999977,Low,Medium,61146.4,0
M,302.3,311.2,1546,40.0,71,0,0,0,0,0,0,8.899999999999977,Low,Medium,61840.0,0
M,302.2,311.2,1627,33.2,74,0,0,0,0,0,0,9.0,Low,Medium,54016.4,0
M,302.2,311.1,1640,32.8,77,0,0,0,0,0,0,8.900000000000034,Low,Medium,53791.99999999999,0
M,302.1,311.1,1423,36.8,80,0,0,0,0,0,0,9.0,Low,Medium,52366.399999999994,0
M,302.1,311.0,1711,28.7,83,0,0,0,0,0,0,8.899999999999977,Low,Medium,49105.7,0
M,302.1,311.1,1450,51.6,86,0,0,0,0,0,0,9.0,Medium,Medium,74820.0,0
H,302.2,311.1,1553,34.1,89,0,0,0,0,0,0,8.900000000000034,Medium,Medium,52957.3,0
L,302.2,311.1,1630,34.6,94,0,0,0,0,0,0,8.900000000000034,Medium,Medium,56398.0,0
H,302.2,311.1,1476,39.6,96,0,0,0,0,0,0,8.900000000000034,Medium,Medium,58449.6,0
H,302.2,311.1,1426,50.6,101,0,0,0,0,0,0,8.900000000000034,Medium,Medium,72155.6,0
M,302.2,311.2,1561,34.9,106,0,0,0,0,0,0,9.0,Medium,Medium,54478.899999999994,0
L,302.3,311.2,1297,62.5,109,0,0,0,0,0,0,8.899999999999977,Medium,High,81062.5,0
M,302.3,311.2,1842,23.9,111,0,0,0,0,0,0,8.899999999999977,Medium,Low,44023.799999999996,0
L,302.3,311.2,1633,36.4,114,0,0,0,0,0,0,8.899999999999977,Medium,Medium,59441.2,0
H,302.3,311.3,1744,30.3,116,0,0,0,0,0,0,9.0,Medium,Medium,52843.200000000004,0
L,302.4,311.4,1831,26.9,121,0,0,0,0,0,0,9.0,Medium,Low,49253.899999999994,0
M,302.3,311.3,1339,50.8,123,0,0,0,0,0,0,9.0,Medium,Medium,68021.2,0
L,302.4,311.4,1475,40.4,126,0,0,0,0,0,0,9.0,Medium,Medium,59590.0,0
M,302.4,311.4,1675,29.6,128,0,0,0,0,0,0,9.0,Medium,Medium,49580.0,0
L,302.5,311.5,1493,35.1,131,0,0,0,0,0,0,9.0,Medium,Medium,52404.3,0
L,302.5,311.5,1700,29.5,133,0,0,0,0,0,0,9.0,Medium,Medium,50150.0,0
L,302.6,311.6,1453,37.0,135,0,0,0,0,0,0,9.0,Medium,Medium,53761.0,0
L,302.6,311.7,1542,34.1,137,0,0,0,0,0,0,9.099999999999966,Medium,Medium,52582.200000000004,0
M,302.5,311.5,1358,52.7,139,0,0,0,0,0,0,9.0,Medium,High,71566.6,0
H,302.5,311.5,1655,32.3,142,0,0,0,0,0,0,9.0,Medium,Medium,53456.49999999999,0
L,302.6,311.5,1885,27.5,147,0,0,0,0,0,0,8.899999999999977,Medium,Low,51837.5,0
L,302.7,311.5,1494,41.4,149,0,0,0,0,0,0,8.800000000000011,Medium,Medium,61851.6,0
M,302.6,311.4,1757,29.5,151,0,0,0,0,0,0,8.799999999999955,Medium,Medium,51831.5,0
M,302.6,311.4,1718,31.2,154,0,0,0,0,0,0,8.799999999999955,Medium,Medium,53601.6,0
M,302.5,311.4,1636,35.0,157,0,0,0,0,0,0,8.899999999999977,Medium,Medium,57260.0,0
L,302.6,311.6,1638,29.6,160,0,0,0,0,0,0,9.0,Medium,Medium,48484.8,0
L,302.6,311.5,1609,36.0,162,0,0,0,0,0,0,8.899999999999977,Medium,Medium,57924.0,0
H,302.7,311.5,1556,35.0,164,0,0,0,0,0,0,8.800000000000011,Medium,Medium,54460.0,0
L,302.6,311.5,1442,59.8,169,1,0,0,1,0,0,8.899999999999977,High,High,86231.59999999999,0
M,302.7,311.6,1501,38.8,171,0,0,0,0,0,0,8.900000000000034,High,Medium,58238.799999999996,0
M,302.6,311.6,2041,19.2,174,0,0,0,0,0,0,9.0,High,Low,39187.2,0
M,302.7,311.7,1784,25.1,177,0,0,0,0,0,0,9.0,High,Low,44778.4,0
L,302.6,311.6,1953,22.4,180,0,0,0,0,0,0,9.0,High,Low,43747.2,0
L,302.6,311.6,1576,34.7,182,0,0,0,0,0,0,9.0,High,Medium,54687.200000000004,0
M,302.6,311.6,1518,39.0,184,0,0,0,0,0,0,9.0,High,Medium,59202.0,0
M,302.6,311.6,1227,68.2,187,1,0,0,0,1,0,9.0,High,High,83681.40000000001,0
L,302.5,311.5,1985,18.8,190,0,0,0,0,0,0,9.0,High,Low,37318.0,0
L,302.5,311.5,1802,26.4,192,0,0,0,0,0,0,9.0,High,Low,47572.799999999996,0
L,302.5,311.5,1603,32.4,194,0,0,0,0,0,0,9.0,High,Medium,51937.2,0
L,302.5,311.6,1400,54.0,196,0,0,0,0,0,0,9.100000000000023,High,High,75600.0,0
L,302.3,311.5,1395,54.2,198,0,0,0,0,0,0,9.199999999999989,High,High,75609.0,0
L,302.2,311.4,1987,19.9,200,0,0,0,0,0,0,9.199999999999989,High,Low,39541.299999999996,1
M,302.2,311.4,1398,47.2,202,0,0,0,0,0,0,9.199999999999989,High,Medium,65985.6,1
L,302.3,311.4,1333,66.7,205,1,0,0,1,1,0,9.099999999999966,High,High,88911.1,1
L,302.2,311.2,1381,49.4,207,0,0,0,0,0,0,9.0,High,Medium,68221.4,1
L,302.2,311.3,1570,36.1,0,0,0,0,0,0,0,9.100000000000023,Low,Medium,56677.0,0
M,302.2,311.3,1658,31.0,2,0,0,0,0,0,0,9.100000000000023,Low,Medium,51398.0,0
H,302.2,311.3,1749,29.2,5,0,0,0,0,0,0,9.100000000000023,Low,Medium,51070.799999999996,0
M,302.2,311.3,1510,37.1,10,0,0,0,0,0,0,9.100000000000023,Low,Medium,56021.0,0
L,302.3,311.5,1384,50.8,13,0,0,0,0,0,0,9.199999999999989,Low,Medium,70307.2,0
L,302.3,311.4,1570,37.2,15,0,0,0,0,0,0,9.099999999999966,Low,Medium,58404.00000000001,0
M,302.3,311.4,1571,32.7,17,0,0,0,0,0,0,9.099999999999966,Low,Medium,51371.700000000004,0
L,302.3,311.4,1476,37.3,20,0,0,0,0,0,0,9.099999999999966,Low,Medium,55054.799999999996,0
M,302.3,311.4,1484,39.5,22,0,0,0,0,0,0,9.099999999999966,Low,Medium,58618.0,0
M,302.3,311.4,1909,23.2,25,0,0,0,0,0,0,9.099999999999966,Low,Low,44288.799999999996,0
L,302.3,311.5,1448,49.6,28,0,0,0,0,0,0,9.199999999999989,Low,Medium,71820.8,0
M,302.3,311.4,1500,40.2,30,0,0,0,0,0,0,9.099999999999966,Low,Medium,60300.00000000001,0
L,302.2,311.4,1510,44.9,33,0,0,0,0,0,0,9.199999999999989,Low,Medium,67799.0,0
L,302.2,311.3,1378,55.5,35,0,0,0,0,0,0,9.100000000000023,Low,High,76479.0,0
M,302.2,311.4,1538,37.4,37,0,0,0,0,0,0,9.199999999999989,Low,Medium,57521.2,0
L,302.2,311.4,1390,48.1,40,0,0,0,0,0,0,9.199999999999989,Low,Medium,66859.0,0
M,302.2,311.4,1642,32.1,42,0,0,0,0,0,0,9.199999999999989,Low,Medium,52708.200000000004,0
L,302.4,311.5,1785,24.8,45,0,0,0,0,0,0,9.100000000000023,Low,Low,44268.0,0
H,302.3,311.5,1526,38.2,47,0,0,0,0,0,0,9.199999999999989,Low,Medium,58293.200000000004,0
M,302.3,311.6,1668,33.2,52,0,0,0,0,0,0,9.300000000000011,Low,Medium,55377.600000000006,0
L,302.3,311.5,1507,37.5,55,0,0,0,0,0,0,9.199999999999989,Low,Medium,56512.5,0
L,302.3,311.5,1530,37.8,57,0,0,0,0,0,0,9.199999999999989,Low,Medium,57833.99999999999,0
M,302.3,311.4,1479,45.6,59,0,0,0,0,0,0,9.099999999999966,Low,Medium,67442.40000000001,0
M,302.3,311.4,1418,41.3,62,0,0,0,0,0,0,9.099999999999966,Low,Medium,58563.399999999994,0
L,302.3,311.4,1504,38.7,65,0,0,0,0,0,0,9.099999999999966,Low,Medium,58204.8,0
M,302.3,311.4,1345,47.6,67,0,0,0,0,0,0,9.099999999999966,Low,Medium,64022.0,0
H,302.2,311.4,1625,35.4,70,0,0,0,0,0,0,9.199999999999989,Low,Medium,57525.0,0
L,302.3,311.4,1511,34.7,75,0,0,0,0,0,0,9.099999999999966,Low,Medium,52431.700000000004,0
L,302.3,311.4,1535,41.8,77,0,0,0,0,0,0,9.099999999999966,Low,Medium,64162.99999999999,0
L,302.4,311.5,1505,37.9,79,0,0,0,0,0,0,9.100000000000023,Low,Medium,57039.5,0
H,302.4,311.5,1540,43.7,81,0,0,0,0,0,0,9.100000000000023,Low,Medium,67298.0,0
H,302.3,311.4,1372,46.0,86,0,0,0,0,0,0,9.099999999999966,Medium,Medium,63112.0,0
M,302.2,311.3,1510,36.6,91,0,0,0,0,0,0,9.100000000000023,Medium,Medium,55266.0,0
L,302.2,311.3,1382,46.4,94,0,0,0,0,0,0,9.100000000000023,Medium,Medium,64124.799999999996,0
L,302.3,311.3,1439,41.8,96,0,0,0,0,0,0,9.0,Medium,Medium,60150.2,0
M,302.2,311.3,1375,47.0,98,0,0,0,0,0,0,9.100000000000023,Medium,Medium,64625.0,0
M,302.2,311.3,1931,21.9,101,0,0,0,0,0,0,9.100000000000023,Medium,Low,42288.899999999994,0
L,302.2,311.3,1475,48.6,104,0,0,0,0,0,0,9.100000000000023,Medium,Medium,71685.0,0
L,302.2,311.3,1389,46.9,106,0,0,0,0,0,0,9.100000000000023,Medium,Medium,65144.1,0
L,302.3,311.3,1652,32.8,108,0,0,0,0,0,0,9.0,Medium,Medium,54185.6,0
L,302.3,311.2,1386,50.3,110,0,0,0,0,0,0,8.899999999999977,Medium,Medium,69715.8,0
M,302.2,311.3,1577,29.8,112,0,0,0,0,0,0,9.100000000000023,Medium,Medium,46994.6,0
M,302.3,311.3,1444,43.1,115,0,0,0,0,0,0,9.0,Medium,Medium,62236.4,0
L,302.2,311.3,1554,40.2,118,0,0,0,0,0,0,9.100000000000023,Medium,Medium,62470.8,0
L,302.2,311.3,1602,32.8,120,0,0,0,0,0,0,9.100000000000023,Medium,Medium,52545.6,0
H,302.2,311.2,1692,28.2,122,0,0,0,0,0,0,9.0,Medium,Medium,47714.4,0
L,302.3,311.3,1682,34.4,127,0,0,0,0,0,0,9.0,Medium,Medium,57860.799999999996,0
L,302.3,311.3,1614,34.1,129,0,0,0,0,0,0,9.0,Medium,Medium,55037.4,0
L,302.3,311.3,1324,47.8,131,0,0,0,0,0,0,9.0,Medium,Medium,63287.2,0
L,302.3,311.4,1434,40.3,133,0,0,0,0,0,0,9.099999999999966,Medium,Medium,57790.2,0
L,302.3,311.3,1621,31.6,135,0,0,0,0,0,0,9.0,Medium,Medium,51223.600000000006,0
M,302.3,311.3,1625,33.1,137,0,0,0,0,0,0,9.0,Medium,Medium,53787.5,0
L,302.2,311.1,1394,53.7,140,0,0,0,0,0,0,8.900000000000034,Medium,High,74857.8,0
L,302.1,311.0,1586,35.1,142,0,0,0,0,0,0,8.899999999999977,Medium,Medium,55668.600000000006,0
L,302.0,311.0,1420,45.9,144,0,0,0,0,0,0,9.0,Medium,Medium,65178.0,0
L,302.1,311.2,1422,50.3,146,0,0,0,0,0,0,9.099999999999966,Medium,Medium,71526.59999999999,0
H,302.1,311.2,1598,37.9,148,0,0,0,0,0,0,9.099999999999966,Medium,Medium,60564.2,0
L,302.1,311.2,1454,59.2,153,1,0,0,1,0,0,9.099999999999966,Medium,High,86076.8,0
L,302.1,311.2,1519,39.3,155,0,0,0,0,0,0,9.099999999999966,Medium,Medium,59696.7,0
L,302.0,311.1,1373,55.7,157,0,0,0,0,0,0,9.100000000000023,Medium,High,76476.1,0
M,302.0,311.1,1406,48.8,159,0,0,0,0,0,0,9.100000000000023,Medium,Medium,68612.8,0
L,302.1,311.2,1492,45.0,162,0,0,0,0,0,0,9.099999999999966,Medium,Medium,67140.0,0
L,302.1,311.2,1369,50.8,164,0,0,0,0,0,0,9.099999999999966,Medium,Medium,69545.2,0
M,302.2,311.2,1471,41.9,166,0,0,0,0,0,0,9.0,Medium,Medium,61634.9,0
L,302.2,311.2,1630,36.0,169,0,0,0,0,0,0,9.0,High,Medium,58680.0,0
M,302.1,311.1,1605,37.6,171,0,0,0,0,0,0,9.0,High,Medium,60348.0,0
L,302.2,311.1,1447,52.1,174,0,0,0,0,0,0,8.900000000000034,High,Medium,75388.7,0
M,302.2,311.2,1360,52.8,176,0,0,0,0,0,0,9.0,High,High,71808.0,0
M,302.2,311.1,1728,34.0,179,0,0,0,0,0,0,8.900000000000034,High,Medium,58752.0,0
L,302.1,311.0,1740,30.8,182,0,0,0,0,0,0,8.899999999999977,High,Medium,53592.0,0
L,302.1,310.9,1477,41.4,184,0,0,0,0,0,0,8.799999999999955,High,Medium,61147.799999999996,0
L,302.1,310.9,1658,30.3,186,0,0,0,0,0,0,8.799999999999955,High,Medium,50237.4,0
L,302.0,310.8,1902,23.4,188,0,0,0,0,0,0,8.800000000000011,High,Low,44506.799999999996,0
M,302.0,310.8,1783,23.1,190,0,0,0,0,0,0,8.800000000000011,High,Low,41187.3,0
M,302.0,310.9,1558,45.3,193,0,0,0,0,0,0,8.899999999999977,High,Medium,70577.4,0
L,302.1,311.0,1351,49.5,196,0,0,0,0,0,0,8.899999999999977,High,Medium,66874.5,0
H,302.1,310.9,1452,42.5,198,0,0,0,0,0,0,8.799999999999955,High,Medium,61710.0,0
L,302.1,310.9,1666,30.7,203,0,0,0,0,0,0,8.799999999999955,High,Medium,51146.2,1
L,302.1,311.0,1364,50.0,205,0,0,0,0,0,0,8.899999999999977,High,Medium,68200.0,1
M,302.1,311.0,1351,60.3,207,1,0,0,0,1,0,8.899999999999977,High,High,81465.3,1
H,302.1,311.0,1729,26.1,210,0,0,0,0,0,0,8.899999999999977,High,Low,45126.9,1
M,302.1,311.0,1574,34.1,215,0,0,0,0,0,0,8.899999999999977,High,Medium,53673.4,1
L,302.0,311.0,1566,37.8,218,0,0,0,0,0,0,9.0,High,Medium,59194.799999999996,1
L,302.0,310.9,1455,43.2,220,0,0,0,0,0,0,8.899999999999977,High,Medium,62856.00000000001,1
H,302.0,310.9,1679,29.0,222,0,0,0,0,0,0,8.899999999999977,High,Medium,48691.0,1
L,302.0,310.8,2143,17.3,227,0,0,0,0,0,0,8.800000000000011,High,Low,37073.9,1
L,302.0,310.8,1447,42.7,229,0,0,0,0,0,0,8.800000000000011,High,Medium,61786.9,1
L,302.0,310.8,1383,50.3,231,1,0,0,0,1,0,8.800000000000011,High,Medium,69564.9,1
L,302.1,310.8,1772,27.1,233,0,0,0,0,0,0,8.699999999999989,High,Low,48021.200000000004,1
L,302.0,310.8,1615,29.0,235,1,1,0,0,0,0,8.800000000000011,High,Medium,46835.0,1
L,302.0,310.8,1454,36.6,0,0,0,0,0,0,0,8.800000000000011,Low,Medium,53216.4,0
L,302.0,310.8,1445,49.1,2,0,0,0,0,0,0,8.800000000000011,Low,Medium,70949.5,0
M,302.0,310.8,1609,35.2,4,0,0,0,0,0,0,8.800000000000011,Low,Medium,56636.8,0
L,302.0,310.9,1546,34.4,7,0,0,0,0,0,0,8.899999999999977,Low,Medium,53182.399999999994,0
L,301.9,310.8,1567,39.3,9,0,0,0,0,0,0,8.900000000000034,Low,Medium,61583.1,0
L,302.0,310.8,1767,27.4,11,0,0,0,0,0,0,8.800000000000011,Low,Low,48415.799999999996,0
L,302.0,310.9,1539,34.2,13,0,0,0,0,0,0,8.899999999999977,Low,Medium,52633.8,0
L,302.0,310.9,1564,39.0,15,0,0,0,0,0,0,8.899999999999977,Low,Medium,60996.0,0
M,302.0,310.8,1445,46.3,17,0,0,0,0,0,0,8.800000000000011,Low,Medium,66903.5,0
M,301.9,310.9,1419,47.7,20,1,0,0,0,0,0,9.0,Low,Medium,67686.3,0
M,301.8,310.9,1881,20.9,23,0,0,0,0,0,0,9.099999999999966,Low,Low,39312.899999999994,0
M,301.9,310.9,1421,46.2,26,0,0,0,0,0,0,9.0,Low,Medium,65650.2,0
L,301.9,311.0,1455,46.0,29,0,0,0,0,0,0,9.100000000000023,Low,Medium,66930.0,0
L,301.9,311.0,2691,12.1,31,1,0,0,1,0,0,9.100000000000023,Low,Low,32561.1,0
L,301.8,310.8,1505,41.2,33,0,0,0,0,0,0,9.0,Low,Medium,62006.00000000001,0
L,301.8,310.8,1456,46.6,35,0,0,0,0,0,0,9.0,Low,Medium,67849.6,0
L,301.8,310.8,1383,46.4,37,0,0,0,0,0,0,9.0,Low,Medium,64171.2,0
M,301.9,310.8,1563,39.2,39,0,0,0,0,0,0,8.900000000000034,Low,Medium,61269.600000000006,0
M,301.9,310.9,2305,16.1,42,0,0,0,0,0,0,9.0,Low,Low,37110.5,0
M,301.9,310.9,1456,43.6,45,0,0,0,0,0,0,9.0,Low,Medium,63481.6,0
L,302.0,311.0,1865,22.7,48,0,0,0,0,0,0,9.0,Low,Low,42335.5,0
L,301.9,310.9,1597,36.9,50,0,0,0,0,0,0,9.0,Low,Medium,58929.299999999996,0
L,302.0,310.9,1495,38.6,52,0,0,0,0,0,0,8.899999999999977,Low,Medium,57707.0,0
M,302.0,310.9,1456,47.2,54,0,0,0,0,0,0,8.899999999999977,Low,Medium,68723.2,0
L,301.9,310.8,1465,44.3,57,0,0,0,0,0,0,8.900000000000034,Low,Medium,64899.49999999999,0
M,302.0,310.9,1352,55.5,59,0,0,0,0,0,0,8.899999999999977,Low,High,75036.0,0
L,301.9,310.8,1906,21.7,62,0,0,0,0,0,0,8.900000000000034,Low,Low,41360.2,0
L,302.0,310.9,1446,44.0,64,0,0,0,0,0,0,8.899999999999977,Low,Medium,63624.0,0
L,302.0,310.8,1948,19.7,66,0,0,0,0,0,0,8.800000000000011,Low,Low,38375.6,0
L,301.9,310.7,1480,47.1,68,0,0,0,0,0,0,8.800000000000011,Low,Medium,69708.0,0
M,301.9,310.7,1511,37.6,70,0,0,0,0,0,0,8.800000000000011,Low,Medium,56813.6,0
M,301.9,310.7,1472,47.0,73,0,0,0,0,0,0,8.800000000000011,Low,Medium,69184.0,0
L,301.9,310.7,1429,51.0,76,0,0,0,0,0,0,8.800000000000011,Low,Medium,72879.0,0
L,301.9,310.7,1405,48.8,78,0,0,0,0,0,0,8.800000000000011,Low,Medium,68564.0,0
M,301.9,310.7,1405,47.9,80,0,0,0,0,0,0,8.800000000000011,Low,Medium,67299.5,0
L,302.0,310.7,1348,58.1,83,0,0,0,0,0,0,8.699999999999989,Low,High,78318.8,0
L,301.9,310.6,1331,68.6,85,1,0,0,1,0,0,8.700000000000045,Medium,High,91306.59999999999,0
L,301.9,310.6,1610,33.4,87,0,0,0,0,0,0,8.700000000000045,Medium,Medium,53774.0,0
M,301.9,310.6,1412,46.5,89,0,0,0,0,0,0,8.700000000000045,Medium,Medium,65658.0,0
L,302.0,310.7,1453,42.7,92,0,0,0,0,0,0,8.699999999999989,Medium,Medium,62043.100000000006,0
L,302.0,310.6,1583,38.9,94,0,0,0,0,0,0,8.600000000000023,Medium,Medium,61578.7,0
M,302.0,310.6,1539,37.4,96,0,0,0,0,0,0,8.600000000000023,Medium,Medium,57558.6,0
L,302.0,310.5,1635,39.8,99,0,0,0,0,0,0,8.5,Medium,Medium,65072.99999999999,0
H,302.1,310.7,1294,62.4,101,1,0,1,0,0,0,8.599999999999966,Medium,High,80745.59999999999,0
L,302.0,310.5,1978,22.0,106,0,0,0,0,0,0,8.5,Medium,Low,43516.0,0
L,302.0,310.4,1357,58.0,108,1,0,1,0,0,0,8.399999999999977,Medium,High,78706.0,0
L,302.0,310.4,1336,58.2,110,1,0,1,0,0,0,8.399999999999977,Medium,High,77755.2,0
L,302.0,310.4,1568,39.2,112,0,0,0,0,0,0,8.399999999999977,Medium,Medium,61465.600000000006,0
M,302.0,310.4,1567,36.4,114,0,0,0,0,0,0,8.399999999999977,Medium,Medium,57038.799999999996,0
L,302.0,310.4,1611,35.6,117,0,0,0,0,0,0,8.399999999999977,Medium,Medium,57351.600000000006,0
H,302.0,310.5,1841,23.6,119,0,0,0,0,0,0,8.5,Medium,Low,43447.600000000006,0
L,302.0,310.5,1567,36.1,124,0,0,0,0,0,0,8.5,Medium,Medium,56568.700000000004,0
L,301.9,310.4,1376,54.9,126,1,0,1,0,0,0,8.5,Medium,High,75542.4,0
L,301.9,310.5,1477,42.4,128,0,0,0,0,0,0,8.600000000000023,Medium,Medium,62624.799999999996,0
M,301.9,310.5,1590,40.3,130,0,0,0,0,0,0,8.600000000000023,Medium,Medium,64076.99999999999,0
L,302.0,310.5,2197,15.8,133,0,0,0,0,0,0,8.5,Medium,Low,34712.6,0
M,302.0,310.4,1595,32.9,135,0,0,0,0,0,0,8.399999999999977,Medium,Medium,52475.5,0
H,302.0,310.5,1812,24.4,138,0,0,0,0,0,0,8.5,Medium,Low,44212.799999999996,0
M,302.0,310.5,1573,32.1,143,0,0,0,0,0,0,8.5,Medium,Medium,50493.3,0
L,302.0,310.5,1651,30.9,146,0,0,0,0,0,0,8.5,Medium,Medium,51015.899999999994,0
H,302.0,310.5,1459,43.2,148,0,0,0,0,0,0,8.5,Medium,Medium,63028.8,0
L,301.9,310.4,1370,51.7,153,1,0,1,0,0,0,8.5,Medium,Medium,70829.0,0
L,301.9,310.4,1518,34.1,155,0,0,0,0,0,0,8.5,Medium,Medium,51763.8,0
L,302.0,310.3,1648,29.6,157,0,0,0,0,0,0,8.300000000000011,Medium,Medium,48780.8,0
L,302.0,310.4,1464,47.2,159,0,0,0,0,0,0,8.399999999999977,Medium,Medium,69100.8,0
L,302.0,310.4,1895,23.2,161,0,0,0,0,0,0,8.399999999999977,Medium,Low,43964.0,0
L,301.9,310.4,1884,23.4,163,0,0,0,0,0,0,8.5,Medium,Low,44085.6,0
L,302.0,310.4,1450,46.6,165,0,0,0,0,0,0,8.399999999999977,Medium,Medium,67570.0,0
L,302.0,310.4,1448,43.4,167,0,0,0,0,0,0,8.399999999999977,Medium,Medium,62843.2,0
L,302.1,310.5,1389,49.6,169,0,0,0,0,0,0,8.399999999999977,High,Medium,68894.40000000001,0
L,302.0,310.6,1583,35.2,171,0,0,0,0,0,0,8.600000000000023,High,Medium,55721.600000000006,0
L,301.9,310.5,1425,51.1,173,0,0,0,0,0,0,8.600000000000023,High,Medium,72817.5,0
L,302.0,310.5,1809,27.1,175,0,0,0,0,0,0,8.5,High,Low,49023.9,0
L,301.9,310.5,1892,21.8,177,0,0,0,0,0,0,8.600000000000023,High,Low,41245.6,0
M,301.9,310.6,1475,47.8,179,0,0,0,0,0,0,8.700000000000045,High,Medium,70505.0,0
L,302.0,310.6,1361,46.7,182,0,0,0,0,0,0,8.600000000000023,High,Medium,63558.700000000004,0
M,302.0,310.6,1563,41.0,184,0,0,0,0,0,0,8.600000000000023,High,Medium,64083.0,0
H,301.9,310.5,1472,39.7,187,0,0,0,0,0,0,8.600000000000023,High,Medium,58438.4,0
L,302.0,310.6,1325,55.3,192,0,0,0,0,0,0,8.600000000000023,High,High,73272.5,0
L,302.0,310.6,1358,53.1,194,0,0,0,0,0,0,8.600000000000023,High,High,72109.8,0
H,302.0,310.6,1346,54.7,196,0,0,0,0,0,0,8.600000000000023,High,High,73626.2,0
M,302.0,310.5,1381,58.4,201,0,0,0,0,0,0,8.5,High,High,80650.4,1
L,301.9,310.5,1340,55.7,204,1,0,0,0,1,0,8.600000000000023,High,High,74638.0,1
L,302.0,310.6,1366,47.7,206,0,0,0,0,0,0,8.600000000000023,High,Medium,65158.200000000004,1
L,302.1,310.7,1325,45.1,208,1,0,1,0,0,0,8.599999999999966,High,Medium,59757.5,1
M,302.1,310.7,1376,46.3,210,1,0,1,0,0,0,8.599999999999966,High,Medium,63708.799999999996,1
M,302.1,310.7,1364,47.8,213,1,0,1,0,0,0,8.599999999999966,High,Medium,65199.2,1
L,302.2,310.6,1462,43.6,0,0,0,0,0,0,0,8.400000000000034,Low,Medium,63743.200000000004,0
M,302.1,310.6,1517,38.9,2,0,0,0,0,0,0,8.5,Low,Medium,59011.299999999996,0
L,302.1,310.6,1385,53.6,5,0,0,0,0,0,0,8.5,Low,High,74236.0,0
L,302.1,310.6,1439,40.0,7,0,0,0,0,0,0,8.5,Low,Medium,57560.0,0
M,302.0,310.6,1623,34.3,9,0,0,0,0,0,0,8.600000000000023,Low,Medium,55668.899999999994,0
H,302.0,310.6,1438,43.2,12,0,0,0,0,0,0,8.600000000000023,Low,Medium,62121.600000000006,0
L,301.9,310.4,1708,24.8,17,0,0,0,0,0,0,8.5,Low,Low,42358.4,0
M,301.8,310.3,1666,32.7,19,0,0,0,0,0,0,8.5,Low,Medium,54478.200000000004,0
L,301.9,310.4,1286,62.8,22,1,0,1,0,0,0,8.5,Low,High,80760.8,0
L,301.9,310.3,1485,46.3,24,0,0,0,0,0,0,8.400000000000034,Low,Medium,68755.5,0
M,301.8,310.3,1409,52.5,26,0,0,0,0,0,0,8.5,Low,High,73972.5,0
L,301.8,310.3,1765,27.3,29,0,0,0,0,0,0,8.5,Low,Low,48184.5,0
L,301.8,310.3,1688,28.8,31,0,0,0,0,0,0,8.5,Low,Medium,48614.4,0
M,301.7,310.3,1787,26.7,33,0,0,0,0,0,0,8.600000000000023,Low,Low,47712.9,0
L,301.7,310.1,1487,48.0,36,0,0,0,0,0,0,8.400000000000034,Low,Medium,71376.0,0
L,301.7,310.1,1384,50.5,38,0,0,0,0,0,0,8.400000000000034,Low,Medium,69892.0,0
L,301.7,310.2,1311,57.4,40,1,0,1,0,0,0,8.5,Low,High,75251.4,0
H,301.7,310.2,1620,30.8,42,0,0,0,0,0,0,8.5,Low,Medium,49896.0,0
L,301.7,310.2,1331,61.2,47,1,0,1,0,0,0,8.5,Low,High,81457.2,0
H,301.7,310.1,1462,38.3,49,0,0,0,0,0,0,8.400000000000034,Low,Medium,55994.6,0
L,301.7,310.1,1424,50.2,54,0,0,0,0,0,0,8.400000000000034,Low,Medium,71484.8,0
L,301.7,310.1,1500,39.6,56,0,0,0,0,0,0,8.400000000000034,Low,Medium,59400.0,0
L,301.8,310.1,1738,28.0,58,0,0,0,0,0,0,8.300000000000011,Low,Low,48664.0,0
M,301.8,310.3,1465,46.5,60,0,0,0,0,0,0,8.5,Low,Medium,68122.5,0
L,301.8,310.3,1482,41.4,63,0,0,0,0,0,0,8.5,Low,Medium,61354.799999999996,0
L,301.9,310.3,1398,44.0,65,0,0,0,0,0,0,8.400000000000034,Low,Medium,61512.0,0
L,301.9,310.3,1972,21.3,67,0,0,0,0,0,0,8.400000000000034,Low,Low,42003.6,0
L,301.9,310.4,1603,37.6,69,0,0,0,0,0,0,8.5,Low,Medium,60272.8,0
L,301.9,310.4,1610,34.8,71,0,0,0,0,0,0,8.5,Low,Medium,56027.99999999999,0
M,301.9,310.4,1373,48.0,73,1,0,1,0,0,0,8.5,Low,Medium,65904.0,0
M,302.0,310.5,1425,44.7,76,0,0,0,0,0,0,8.5,Low,Medium,63697.50000000001,0
M,302.0,310.4,1212,55.6,79,1,0,1,0,0,0,8.399999999999977,Low,High,67387.2,0
M,302.0,310.4,1828,26.3,82,0,0,0,0,0,0,8.399999999999977,Low,Low,48076.4,0
L,302.0,310.5,1370,44.4,85,1,0,1,0,0,0,8.5,Medium,Medium,60828.0,0
M,302.0,310.5,1823,25.1,87,0,0,0,0,0,0,8.5,Medium,Low,45757.3,0
L,302.0,310.5,1263,60.6,90,1,0,1,0,0,0,8.5,Medium,High,76537.8,0
L,301.9,310.4,1889,21.5,92,0,0,0,0,0,0,8.5,Medium,Low,40613.5,0
M,302.0,310.5,1639,32.9,94,0,0,0,0,0,0,8.5,Medium,Medium,53923.1,0
M,302.0,310.4,1608,33.1,97,0,0,0,0,0,0,8.399999999999977,Medium,Medium,53224.8,0
H,301.9,310.3,1653,32.4,100,0,0,0,0,0,0,8.400000000000034,Medium,Medium,53557.2,0
L,302.0,310.4,1591,29.8,105,0,0,0,0,0,0,8.399999999999977,Medium,Medium,47411.8,0
L,302.1,310.5,1696,30.9,107,0,0,0,0,0,0,8.399999999999977,Medium,Medium,52406.399999999994,0
L,302.2,310.6,1346,47.5,109,1,0,1,0,0,0,8.400000000000034,Medium,Medium,63935.0,0
M,302.2,310.5,1507,40.4,111,0,0,0,0,0,0,8.300000000000011,Medium,Medium,60882.799999999996,0
H,302.3,310.6,1525,48.7,114,0,0,0,0,0,0,8.300000000000011,Medium,Medium,74267.5,0
M,302.3,310.7,1559,33.9,119,0,0,0,0,0,0,8.399999999999977,Medium,Medium,52850.1,0
L,302.2,310.6,1632,30.5,122,0,0,0,0,0,0,8.400000000000034,Medium,Medium,49776.0,0
L,302.1,310.5,1559,36.0,124,0,0,0,0,0,0,8.399999999999977,Medium,Medium,56124.0,0
M,302.2,310.6,1355,51.5,126,1,0,1,0,0,0,8.400000000000034,Medium,Medium,69782.5,0
M,302.2,310.5,1832,23.7,129,0,0,0,0,0,0,8.300000000000011,Medium,Low,43418.4,0
L,302.2,310.6,1386,50.0,132,0,0,0,0,0,0,8.400000000000034,Medium,Medium,69300.0,0
M,302.2,310.6,1346,49.2,134,1,0,1,0,0,0,8.400000000000034,Medium,Medium,66223.2,0
L,302.3,310.7,1499,37.8,137,0,0,0,0,0,0,8.399999999999977,Medium,Medium,56662.2,0
L,302.3,310.7,1612,33.4,139,0,0,0,0,0,0,8.399999999999977,Medium,Medium,53840.799999999996,0
M,302.3,310.7,1544,39.7,141,0,0,0,0,0,0,8.399999999999977,Medium,Medium,61296.8,0
L,302.5,310.9,1477,39.2,144,0,0,0,0,0,0,8.399999999999977,Medium,Medium,57898.4,0
L,302.5,310.9,1624,34.4,146,0,0,0,0,0,0,8.399999999999977,Medium,Medium,55865.6,0
L,302.4,310.9,1349,46.1,148,1,0,1,0,0,0,8.5,Medium,Medium,62188.9,0
L,302.4,310.8,1686,28.8,150,0,0,0,0,0,0,8.400000000000034,Medium,Medium,48556.8,0
M,302.4,310.7,1521,40.4,152,0,0,0,0,0,0,8.300000000000011,Medium,Medium,61448.4,0
L,302.4,310.7,1362,54.8,155,1,0,1,0,0,0,8.300000000000011,Medium,High,74637.59999999999,0
L,302.3,310.7,1402,50.9,157,0,0,0,0,0,0,8.399999999999977,Medium,Medium,71361.8,0
L,302.2,310.6,1334,53.2,159,1,0,1,0,0,0,8.400000000000034,Medium,High,70968.8,0
L,302.2,310.6,1348,48.4,161,1,0,1,0,0,0,8.400000000000034,Medium,Medium,65243.2,0
M,302.2,310.6,1570,34.6,163,0,0,0,0,0,0,8.400000000000034,Medium,Medium,54322.0,0
M,302.2,310.7,1601,33.0,166,0,0,0,0,0,0,8.5,Medium,Medium,52833.0,0
M,302.3,310.8,1611,31.8,169,0,0,0,0,0,0,8.5,High,Medium,51229.8,0
L,302.4,310.9,1560,31.8,172,0,0,0,0,0,0,8.5,High,Medium,49608.0,0
H,302.4,310.9,1444,40.7,174,0,0,0,0,0,0,8.5,High,Medium,58770.8,0
L,302.4,311.0,1317,59.4,179,0,0,0,0,0,0,8.600000000000023,High,High,78229.8,0
M,302.5,311.0,1463,43.1,181,0,0,0,0,0,0,8.5,High,Medium,63055.3,0
L,302.4,311.1,1634,34.2,184,0,0,0,0,0,0,8.700000000000045,High,Medium,55882.8,0
L,302.4,311.0,1423,46.2,186,0,0,0,0,0,0,8.600000000000023,High,Medium,65742.6,0
L,302.5,311.0,1548,38.4,188,0,0,0,0,0,0,8.5,High,Medium,59443.2,0
M,302.5,311.0,1563,35.6,190,0,0,0,0,0,0,8.5,High,Medium,55642.8,0
L,302.4,311.0,1573,36.5,193,0,0,0,0,0,0,8.600000000000023,High,Medium,57414.5,0
M,302.4,311.1,1432,44.5,195,0,0,0,0,0,0,8.700000000000045,High,Medium,63724.0,0
M,302.5,311.1,1638,32.0,198,0,0,0,0,0,0,8.600000000000023,High,Medium,52416.0,0
L,302.5,311.1,1571,34.2,201,0,0,0,0,0,0,8.600000000000023,High,Medium,53728.200000000004,1
L,302.4,311.0,2211,15.4,203,0,0,0,0,0,0,8.600000000000023,High,Low,34049.4,1
L,302.4,311.0,1555,40.6,205,0,0,0,0,0,0,8.600000000000023,High,Medium,63133.0,1
M,302.3,310.9,1558,31.9,207,0,0,0,0,0,0,8.599999999999966,High,Medium,49700.2,1
M,302.3,310.9,1523,43.2,210,0,0,0,0,0,0,8.599999999999966,High,Medium,65793.6,1
L,302.3,310.8,1723,26.3,213,0,0,0,0,0,0,8.5,High,Low,45314.9,1
M,302.3,310.8,1721,28.4,215,0,0,0,0,0,0,8.5,High,Medium,48876.399999999994,1
M,302.3,310.9,1710,30.4,218,1,1,0,0,0,0,8.599999999999966,High,Medium,51984.0,1
M,302.3,310.9,1627,32.3,0,0,0,0,0,0,0,8.599999999999966,Low,Medium,52552.1,0
M,302.2,310.8,1422,47.0,3,0,0,0,0,0,0,8.600000000000023,Low,Medium,66834.0,0
L,302.1,310.8,1565,35.3,6,0,0,0,0,0,0,8.699999999999989,Low,Medium,55244.49999999999,0
L,302.1,310.7,1314,52.8,8,1,0,1,0,0,0,8.599999999999966,Low,High,69379.2,0
M,302.0,310.6,1392,60.5,10,0,0,0,0,0,0,8.600000000000023,Low,High,84216.0,0
L,302.1,310.7,1465,40.7,13,0,0,0,0,0,0,8.599999999999966,Low,Medium,59625.50000000001,0
L,301.9,310.6,1573,36.6,15,0,0,0,0,0,0,8.700000000000045,Low,Medium,57571.8,0
M,302.0,310.7,2157,17.8,17,0,0,0,0,0,0,8.699999999999989,Low,Low,38394.6,0
L,301.9,310.7,1370,50.3,20,0,0,0,0,0,0,8.800000000000011,Low,Medium,68911.0,0
L,301.9,310.6,1462,38.8,22,0,0,0,0,0,0,8.700000000000045,Low,Medium,56725.6,0
M,302.0,310.6,1479,40.5,24,0,0,0,0,0,0,8.600000000000023,Low,Medium,59899.5,0
L,301.9,310.7,1717,26.8,27,0,0,0,0,0,0,8.800000000000011,Low,Low,46015.6,0
M,301.9,310.6,1260,65.9,29,0,0,0,0,0,0,8.700000000000045,Low,High,83034.0,0
L,301.9,310.6,1467,39.3,32,0,0,0,0,0,0,8.700000000000045,Low,Medium,57653.1,0
M,302.0,310.6,1535,38.6,34,0,0,0,0,0,0,8.600000000000023,Low,Medium,59251.0,0
L,302.0,310.7,1657,31.9,37,0,0,0,0,0,0,8.699999999999989,Low,Medium,52858.299999999996,0
L,302.0,310.7,1698,28.1,39,0,0,0,0,0,0,8.699999999999989,Low,Medium,47713.8,0
L,302.1,310.7,1359,49.3,41,1,0,1,0,0,0,8.599999999999966,Low,Medium,66998.7,0
L,302.1,310.8,1596,37.1,43,0,0,0,0,0,0,8.699999999999989,Low,Medium,59211.600000000006,0
L,302.2,310.8,1383,46.9,45,0,0,0,0,0,0,8.600000000000023,Low,Medium,64862.7,0
L,302.2,310.8,2203,16.6,47,0,0,0,0,0,0,8.600000000000023,Low,Low,36569.8,0
M,302.2,310.8,1408,46.8,49,0,0,0,0,0,0,8.600000000000023,Low,Medium,65894.4,0
L,302.2,310.8,1673,32.9,52,0,0,0,0,0,0,8.600000000000023,Low,Medium,55041.7,0
L,302.2,310.8,1340,47.8,54,0,0,0,0,0,0,8.600000000000023,Low,Medium,64051.99999999999,0
L,302.2,310.9,1452,42.3,56,0,0,0,0,0,0,8.699999999999989,Low,Medium,61419.6,0
M,302.2,310.9,1302,53.4,58,0,0,0,0,0,0,8.699999999999989,Low,High,69526.8,0
H,302.2,310.9,1522,35.9,61,0,0,0,0,0,0,8.699999999999989,Low,Medium,54639.799999999996,0
L,302.2,310.8,1438,41.4,66,0,0,0,0,0,0,8.600000000000023,Low,Medium,59533.2,0
L,302.2,310.9,1604,40.5,68,0,0,0,0,0,0,8.699999999999989,Low,Medium,64962.0,0
L,302.2,311.0,1832,23.2,70,0,0,0,0,0,0,8.800000000000011,Low,Low,42502.4,0
M,302.3,311.0,1521,34.8,72,0,0,0,0,0,0,8.699999999999989,Low,Medium,52930.799999999996,0
L,302.3,311.0,1446,37.6,75,0,0,0,0,0,0,8.699999999999989,Low,Medium,54369.6,0
L,302.4,311.1,1905,20.9,77,0,0,0,0,0,0,8.700000000000045,Low,Low,39814.5,0
L,302.4,311.0,1475,47.9,79,0,0,0,0,0,0,8.600000000000023,Low,Medium,70652.5,0
L,302.4,311.0,1462,48.5,81,0,0,0,0,0,0,8.600000000000023,Low,Medium,70907.0,0
M,302.4,310.9,1435,42.3,83,0,0,0,0,0,0,8.5,Low,Medium,60700.49999999999,0
L,302.4,310.9,1469,39.6,86,0,0,0,0,0,0,8.5,Medium,Medium,58172.4,0
M,302.6,311.1,1520,43.0,88,0,0,0,0,0,0,8.5,Medium,Medium,65360.0,0
L,302.6,311.0,1537,35.5,91,0,0,0,0,0,0,8.399999999999977,Medium,Medium,54563.5,0
L,302.6,311.0,1369,60.0,93,1,0,1,0,0,0,8.399999999999977,Medium,High,82140.0,0
L,302.6,311.0,1506,37.2,95,0,0,0,0,0,0,8.399999999999977,Medium,Medium,56023.200000000004,0
L,302.5,310.9,1330,56.9,97,1,0,1,0,0,0,8.399999999999977,Medium,High,75677.0,0
L,302.6,311.0,1660,38.0,99,0,0,0,0,0,0,8.399999999999977,Medium,Medium,63080.0,0
H,302.5,310.9,1356,55.5,101,1,0,1,0,0,0,8.399999999999977,Medium,High,75258.0,0
H,302.6,311.0,1438,51.0,106,0,0,0,0,0,0,8.399999999999977,Medium,Medium,73338.0,0
M,302.6,311.0,1329,48.6,111,1,0,1,0,0,0,8.399999999999977,Medium,Medium,64589.4,0
L,302.6,311.0,1284,68.0,114,1,0,1,1,0,0,8.399999999999977,Medium,High,87312.0,0
M,302.5,311.0,1387,52.1,116,0,0,0,0,0,0,8.5,Medium,Medium,72262.7,0
M,302.6,311.0,1591,33.9,119,0,0,0,0,0,0,8.399999999999977,Medium,Medium,53934.899999999994,0
M,302.6,311.0,1589,39.0,122,0,0,0,0,0,0,8.399999999999977,Medium,Medium,61971.0,0
M,302.7,311.1,1297,60.7,125,1,0,1,0,0,0,8.400000000000034,Medium,High,78727.90000000001,0
L,302.7,311.2,1545,35.1,128,0,0,0,0,0,0,8.5,Medium,Medium,54229.5,0
H,302.7,311.1,1418,43.4,130,0,0,0,0,0,0,8.400000000000034,Medium,Medium,61541.2,0
L,302.7,311.1,1730,28.1,135,0,0,0,0,0,0,8.400000000000034,Medium,Medium,48613.0,0
L,302.6,311.0,2001,20.7,137,0,0,0,0,0,0,8.399999999999977,Medium,Low,41420.7,0
L,302.6,311.0,1620,36.2,139,0,0,0,0,0,0,8.399999999999977,Medium,Medium,58644.00000000001,0
M,302.6,311.0,1542,39.7,141,0,0,0,0,0,0,8.399999999999977,Medium,Medium,61217.4,0
L,302.6,311.0,1424,38.0,144,0,0,0,0,0,0,8.399999999999977,Medium,Medium,54112.0,0
L,302.7,311.1,1440,39.5,146,0,0,0,0,0,0,8.400000000000034,Medium,Medium,56880.0,0
L,302.6,311.0,1520,42.8,148,0,0,0,0,0,0,8.399999999999977,Medium,Medium,65055.99999999999,0
L,302.7,311.0,1694,29.8,150,0,0,0,0,0,0,8.300000000000011,Medium,Medium,50481.200000000004,0
L,302.6,311.0,1610,39.2,152,0,0,0,0,0,0,8.399999999999977,Medium,Medium,63112.00000000001,0
L,302.6,310.9,1331,52.0,154,1,0,1,0,0,0,8.299999999999955,Medium,Medium,69212.0,0
L,302.6,310.8,1470,41.2,156,0,0,0,0,0,0,8.199999999999989,Medium,Medium,60564.00000000001,0
L,302.5,310.8,1577,36.9,158,0,0,0,0,0,0,8.300000000000011,Medium,Medium,58191.299999999996,0
L,302.6,310.8,1486,36.4,160,0,0,0,0,0,0,8.199999999999989,Medium,Medium,54090.4,0
L,302.4,310.6,1445,40.3,162,0,0,0,0,0,0,8.200000000000045,Medium,Medium,58233.49999999999,0
M,302.4,310.5,1500,36.7,164,0,0,0,0,0,0,8.100000000000023,Medium,Medium,55050.00000000001,0
M,302.2,310.4,1456,47.5,167,0,0,0,0,0,0,8.199999999999989,Medium,Medium,69160.0,0
L,302.2,310.4,1743,28.1,170,0,0,0,0,0,0,8.199999999999989,High,Medium,48978.3,0
L,302.0,310.1,1409,50.4,172,0,0,0,0,0,0,8.100000000000023,High,Medium,71013.59999999999,0
L,302.0,310.1,1361,45.4,174,1,0,1,0,0,0,8.100000000000023,High,Medium,61789.4,0
L,302.1,310.1,1753,28.9,176,0,0,0,0,0,0,8.0,High,Medium,50661.7,0
L,302.0,310.0,1832,22.9,178,0,0,0,0,0,0,8.0,High,Low,41952.799999999996,0
L,301.9,309.9,1374,48.5,180,1,0,1,0,0,0,8.0,High,Medium,66639.0,0
M,301.8,309.9,1334,61.0,182,1,0,1,0,0,0,8.099999999999966,High,High,81374.0,0
L,301.8,310.0,1493,40.3,185,0,0,0,0,0,0,8.199999999999989,High,Medium,60167.899999999994,0
L,301.7,309.9,1317,49.0,187,1,0,1,0,0,0,8.199999999999989,High,Medium,64533.0,0
M,301.7,309.9,1434,47.9,189,0,0,0,0,0,0,8.199999999999989,High,Medium,68688.59999999999,0
M,301.7,309.9,1457,39.2,192,0,0,0,0,0,0,8.199999999999989,High,Medium,57114.4,0
M,301.7,310.0,1391,50.6,195,0,0,0,0,0,0,8.300000000000011,High,Medium,70384.6,0
M,301.8,310.0,1781,23.9,198,0,0,0,0,0,0,8.199999999999989,High,Low,42565.899999999994,0
L,301.8,310.0,1642,32.6,201,0,0,0,0,0,0,8.199999999999989,High,Medium,53529.200000000004,1
L,301.8,310.0,2032,19.0,203,0,0,0,0,0,0,8.199999999999989,High,Low,38608.0,1
M,301.8,310.1,2372,13.9,205,1,0,0,1,0,0,8.300000000000011,High,Low,32970.8,1
L,301.8,310.0,1393,44.9,208,0,0,0,0,0,0,8.199999999999989,High,Medium,62545.7,1
M,301.7,310.1,1743,27.3,210,0,0,0,0,0,0,8.400000000000034,High,Low,47583.9,1
L,301.8,310.2,1457,40.4,213,0,0,0,0,0,0,8.399999999999977,High,Medium,58862.799999999996,1
L,301.8,310.2,2825,5.8,215,1,0,0,1,0,0,8.399999999999977,High,Low,16385.0,1
M,301.8,310.2,1609,34.2,217,0,0,0,0,0,0,8.399999999999977,High,Medium,55027.8,1
M,301.8,310.2,1437,42.3,0,0,0,0,0,0,0,8.399999999999977,Low,Medium,60785.1,0
L,301.7,310.1,1402,50.1,3,0,0,0,0,0,0,8.400000000000034,Low,Medium,70240.2,0
M,301.7,310.1,1644,34.6,5,0,0,0,0,0,0,8.400000000000034,Low,Medium,56882.4,0
L,301.7,310.2,1471,51.1,8,0,0,0,0,0,0,8.5,Low,Medium,75168.1,0
L,301.7,310.1,2695,12.6,10,0,0,0,0,0,0,8.400000000000034,Low,Low,33957.0,0
L,301.7,310.2,1435,48.1,12,0,0,0,0,0,0,8.5,Low,Medium,69023.5,0
L,301.6,310.1,1694,26.3,14,0,0,0,0,0,0,8.5,Low,Low,44552.200000000004,0
L,301.6,310.1,1687,26.6,16,0,0,0,0,0,0,8.5,Low,Low,44874.200000000004,0
L,301.6,310.0,1869,22.9,18,0,0,0,0,0,0,8.399999999999977,Low,Low,42800.1,0
L,301.4,309.9,1259,63.9,20,1,0,1,0,0,0,8.5,Low,High,80450.09999999999,0
H,301.4,309.9,1460,47.2,22,0,0,0,0,0,0,8.5,Low,Medium,68912.0,0
M,301.3,309.9,1501,39.5,27,0,0,0,0,0,0,8.599999999999966,Low,Medium,59289.5,0
L,301.4,310.0,1776,25.6,30,0,0,0,0,0,0,8.600000000000023,Low,Low,45465.600000000006,0
M,301.5,310.1,1468,40.8,32,0,0,0,0,0,0,8.600000000000023,Low,Medium,59894.399999999994,0
L,301.5,310.1,1430,46.5,35,0,0,0,0,0,0,8.600000000000023,Low,Medium,66495.0,0
L,301.4,310.1,1502,46.6,37,0,0,0,0,0,0,8.700000000000045,Low,Medium,69993.2,0
H,301.4,310.1,1623,32.3,39,0,0,0,0,0,0,8.700000000000045,Low,Medium,52422.899999999994,0
M,301.4,310.0,1651,29.8,44,0,0,0,0,0,0,8.600000000000023,Low,Medium,49199.8,0
L,301.5,310.1,1639,33.4,47,0,0,0,0,0,0,8.600000000000023,Low,Medium,54742.6,0
M,301.5,310.0,1417,44.6,49,0,0,0,0,0,0,8.5,Low,Medium,63198.200000000004,0
L,301.5,310.1,1541,42.2,52,0,0,0,0,0,0,8.600000000000023,Low,Medium,65030.200000000004,0
M,301.6,310.2,1411,45.1,54,0,0,0,0,0,0,8.599999999999966,Low,Medium,63636.1,0
L,301.7,310.3,1397,44.6,57,0,0,0,0,0,0,8.600000000000023,Low,Medium,62306.200000000004,0
L,301.7,310.2,1686,28.9,59,0,0,0,0,0,0,8.5,Low,Medium,48725.399999999994,0
M,301.7,310.1,1431,44.0,61,0,0,0,0,0,0,8.400000000000034,Low,Medium,62964.0,0
L,301.8,310.3,1341,50.5,64,1,0,1,0,0,0,8.5,Low,Medium,67720.5,0
L,301.7,310.2,1486,43.0,66,0,0,0,0,0,0,8.5,Low,Medium,63898.0,0
L,301.6,310.2,1384,57.1,68,0,0,0,0,0,0,8.599999999999966,Low,High,79026.40000000001,0
L,301.6,310.1,1362,55.8,70,1,0,1,0,0,0,8.5,Low,High,75999.59999999999,0
H,301.7,310.1,1660,29.3,72,0,0,0,0,0,0,8.400000000000034,Low,Medium,48638.0,0
L,301.6,310.1,1326,48.2,77,1,0,1,0,0,0,8.5,Low,Medium,63913.200000000004,0
L,301.6,310.0,1566,30.3,79,0,0,0,0,0,0,8.399999999999977,Low,Medium,47449.8,0
L,301.5,309.8,1549,38.5,81,0,0,0,0,0,0,8.300000000000011,Low,Medium,59636.5,0
M,301.6,309.9,1746,31.1,83,0,0,0,0,0,0,8.299999999999955,Low,Medium,54300.600000000006,0
M,301.7,309.9,1452,41.5,86,0,0,0,0,0,0,8.199999999999989,Medium,Medium,60258.0,0
L,301.6,309.8,1588,33.9,89,0,0,0,0,0,0,8.199999999999989,Medium,Medium,53833.2,0
L,301.6,309.8,1472,42.5,91,0,0,0,0,0,0,8.199999999999989,Medium,Medium,62560.0,0
L,301.7,309.9,1607,37.7,93,0,0,0,0,0,0,8.199999999999989,Medium,Medium,60583.9,0
H,301.6,309.9,1423,53.6,95,0,0,0,0,0,0,8.299999999999955,Medium,High,76272.8,0
L,301.6,309.9,1440,43.4,100,0,0,0,0,0,0,8.299999999999955,Medium,Medium,62496.0,0
L,301.6,309.9,1397,43.7,102,0,0,0,0,0,0,8.299999999999955,Medium,Medium,61048.9,0
L,301.7,309.9,1524,46.6,104,0,0,0,0,0,0,8.199999999999989,Medium,Medium,71018.40000000001,0
M,301.7,309.9,1533,40.9,106,0,0,0,0,0,0,8.199999999999989,Medium,Medium,62699.7,0
L,301.7,309.8,1398,46.0,109,0,0,0,0,0,0,8.100000000000023,Medium,Medium,64308.0,0
M,301.7,309.8,1284,68.2,111,1,0,1,1,0,0,8.100000000000023,Medium,High,87568.8,0
L,301.7,309.8,1491,39.3,114,0,0,0,0,0,0,8.100000000000023,Medium,Medium,58596.299999999996,0
H,301.8,309.9,1418,51.3,116,0,0,0,0,0,0,8.099999999999966,Medium,Medium,72743.4,0
M,301.8,309.8,1546,39.8,121,0,0,0,0,0,0,8.0,Medium,Medium,61530.799999999996,0
L,301.8,309.7,1598,30.4,124,0,0,0,0,0,0,7.899999999999977,Medium,Medium,48579.2,0
H,301.9,309.8,1724,27.5,126,0,0,0,0,0,0,7.900000000000034,Medium,Low,47410.0,0
L,301.9,309.8,1507,44.7,131,0,0,0,0,0,0,7.900000000000034,Medium,Medium,67362.90000000001,0
L,301.9,309.7,1595,31.4,133,0,0,0,0,0,0,7.800000000000011,Medium,Medium,50083.0,0
M,301.9,309.7,1568,37.5,135,0,0,0,0,0,0,7.800000000000011,Medium,Medium,58800.0,0
L,301.8,309.6,1432,43.7,138,0,0,0,0,0,0,7.800000000000011,Medium,Medium,62578.4,0
L,301.9,309.7,1424,42.8,140,0,0,0,0,0,0,7.800000000000011,Medium,Medium,60947.2,0
M,302.0,309.7,1386,62.7,142,1,0,0,1,0,0,7.699999999999989,Medium,High,86902.2,0
L,302.0,309.8,1456,58.1,145,0,0,0,0,0,0,7.800000000000011,Medium,High,84593.6,0
H,302.0,309.8,1280,57.3,147,1,0,1,0,0,0,7.800000000000011,Medium,High,73344.0,0
L,302.0,309.8,1649,31.0,152,0,0,0,0,0,0,7.800000000000011,Medium,Medium,51119.0,0
L,302.0,309.9,1407,52.8,154,0,0,0,0,0,0,7.899999999999977,Medium,High,74289.59999999999,0
H,302.0,309.9,1606,34.5,156,0,0,0,0,0,0,7.899999999999977,Medium,Medium,55407.0,0
M,302.1,310.0,1531,38.0,161,0,0,0,0,0,0,7.899999999999977,Medium,Medium,58178.0,0
L,302.1,310.1,1543,35.8,164,0,0,0,0,0,0,8.0,Medium,Medium,55239.399999999994,0
M,302.1,310.1,1379,48.2,166,1,0,1,0,0,0,8.0,Medium,Medium,66467.8,0
L,302.1,310.1,1447,46.6,169,0,0,0,0,0,0,8.0,High,Medium,67430.2,0
H,302.1,310.1,1844,24.6,171,0,0,0,0,0,0,8.0,High,Low,45362.4,0
H,302.1,310.1,1615,29.9,176,0,0,0,0,0,0,8.0,High,Medium,48288.5,0
L,302.0,310.0,1449,48.8,181,0,0,0,0,0,0,8.0,High,Medium,70711.2,0
L,302.0,309.9,1388,51.4,183,0,0,0,0,0,0,7.899999999999977,High,Medium,71343.2,0
H,302.0,309.9,1447,42.8,185,0,0,0,0,0,0,7.899999999999977,High,Medium,61931.6,0
L,302.0,310.0,1664,28.6,190,0,0,0,0,0,0,8.0,High,Medium,47590.4,0
H,302.0,309.9,1735,27.2,192,0,0,0,0,0,0,7.899999999999977,High,Low,47192.0,0
L,302.0,309.9,1308,57.6,197,1,0,1,0,1,0,7.899999999999977,High,High,75340.8,0
L,302.0,309.8,1480,40.0,199,0,0,0,0,0,0,7.800000000000011,High,Medium,59200.0,0
M,301.9,309.6,1439,41.7,201,0,0,0,0,0,0,7.7000000000000455,High,Medium,60006.3,1
M,301.9,309.7,1533,35.9,204,0,0,0,0,0,0,7.800000000000011,High,Medium,55034.7,1
L,302.0,309.7,1551,34.8,207,0,0,0,0,0,0,7.699999999999989,High,Medium,53974.799999999996,1
L,302.0,309.7,1414,36.3,209,0,0,0,0,0,0,7.699999999999989,High,Medium,51328.2,1
M,301.9,309.6,1551,34.6,211,0,0,0,0,0,0,7.7000000000000455,High,Medium,53664.600000000006,1
M,301.8,309.6,1436,49.0,214,0,0,0,0,0,0,7.800000000000011,High,Medium,70364.0,1
M,301.9,309.6,1385,45.8,217,0,0,0,0,0,0,7.7000000000000455,High,Medium,63432.99999999999,1
M,301.8,309.5,1732,30.1,220,0,0,0,0,0,0,7.699999999999989,High,Medium,52133.200000000004,1
L,301.9,309.6,1410,49.0,223,0,0,0,0,0,0,7.7000000000000455,High,Medium,69090.0,1
L,301.9,309.6,1446,43.2,225,0,0,0,0,0,0,7.7000000000000455,High,Medium,62467.200000000004,1
L,301.8,309.5,1525,39.6,227,0,0,0,0,0,0,7.699999999999989,High,Medium,60390.0,1
L,301.7,309.5,1298,65.5,229,1,0,1,0,1,0,7.800000000000011,High,High,85019.0,1
L,301.8,309.6,1443,42.7,231,0,0,0,0,0,0,7.800000000000011,High,Medium,61616.100000000006,1
L,301.8,309.7,1442,45.3,233,1,1,0,0,0,0,7.899999999999977,High,Medium,65322.6,1
L,301.9,309.7,1719,31.9,0,0,0,0,0,0,0,7.800000000000011,Low,Medium,54836.1,0
L,302.0,309.8,1532,39.4,2,0,0,0,0,0,0,7.800000000000011,Low,Medium,60360.799999999996,0
L,302.0,309.8,1701,27.2,4,0,0,0,0,0,0,7.800000000000011,Low,Low,46267.2,0
M,302.1,310.0,1355,45.1,6,1,0,1,0,0,0,7.899999999999977,Low,Medium,61110.5,0
M,302.2,310.1,1421,45.4,9,0,0,0,0,0,0,7.900000000000034,Low,Medium,64513.4,0
M,302.2,310.1,1368,51.6,12,1,0,1,0,0,0,7.900000000000034,Low,Medium,70588.8,0
L,302.2,310.1,1458,45.1,15,0,0,0,0,0,0,7.900000000000034,Low,Medium,65755.8,0
M,302.2,310.1,1572,34.6,17,0,0,0,0,0,0,7.900000000000034,Low,Medium,54391.200000000004,0
L,302.2,310.0,1483,48.7,20,0,0,0,0,0,0,7.800000000000011,Low,Medium,72222.1,0
L,302.3,310.1,1513,40.4,22,0,0,0,0,0,0,7.800000000000011,Low,Medium,61125.2,0
H,302.3,310.1,1383,42.9,24,0,0,0,0,0,0,7.800000000000011,Low,Medium,59330.7,0
L,302.4,310.2,1539,37.7,29,0,0,0,0,0,0,7.800000000000011,Low,Medium,58020.3,0
M,302.3,310.1,1563,37.8,31,0,0,0,0,0,0,7.800000000000011,Low,Medium,59081.399999999994,0
L,302.3,310.1,1653,29.7,34,0,0,0,0,0,0,7.800000000000011,Low,Medium,49094.1,0
L,302.3,310.1,1353,50.9,36,1,0,1,0,0,0,7.800000000000011,Low,Medium,68867.7,0
H,302.2,310.0,1468,43.6,38,0,0,0,0,0,0,7.800000000000011,Low,Medium,64004.8,0
H,302.3,310.2,1506,33.8,43,0,0,0,0,0,0,7.899999999999977,Low,Medium,50902.799999999996,0
L,302.3,310.1,1388,49.9,48,0,0,0,0,0,0,7.800000000000011,Low,Medium,69261.2,0
M,302.4,310.2,1485,45.9,50,0,0,0,0,0,0,7.800000000000011,Low,Medium,68161.5,0
L,302.4,310.2,1331,45.5,53,1,0,1,0,0,0,7.800000000000011,Low,Medium,60560.5,0
L,302.5,310.3,1326,58.5,55,1,0,1,0,0,0,7.800000000000011,Low,High,77571.0,0
L,302.3,310.2,1394,55.4,57,0,0,0,0,0,0,7.899999999999977,Low,High,77227.59999999999,0
L,302.4,310.1,2009,18.9,59,0,0,0,0,0,0,7.7000000000000455,Low,Low,37970.1,0
M,302.4,310.1,1358,54.6,61,1,0,1,0,0,0,7.7000000000000455,Low,High,74146.8,0
L,302.5,310.2,1586,32.2,64,0,0,0,0,0,0,7.699999999999989,Low,Medium,51069.200000000004,0
L,302.5,310.3,1688,31.6,66,0,0,0,0,0,0,7.800000000000011,Low,Medium,53340.8,0
L,302.6,310.5,1450,43.2,68,0,0,0,0,0,0,7.899999999999977,Low,Medium,62640.00000000001,0
M,302.7,310.5,1398,47.3,70,0,0,0,0,0,0,7.800000000000011,Low,Medium,66125.4,0
L,302.7,310.5,1520,39.3,73,0,0,0,0,0,0,7.800000000000011,Low,Medium,59735.99999999999,0
L,302.6,310.4,1514,42.7,75,0,0,0,0,0,0,7.7999999999999545,Low,Medium,64647.8,0
M,302.6,310.4,1532,36.1,77,0,0,0,0,0,0,7.7999999999999545,Low,Medium,55305.200000000004,0
L,302.6,310.4,1365,66.8,80,1,0,1,1,0,0,7.7999999999999545,Low,High,91182.0,0
L,302.6,310.3,1642,33.2,82,0,0,0,0,0,0,7.699999999999989,Low,Medium,54514.4,0
M,302.6,310.2,2676,10.8,84,1,0,0,1,0,0,7.599999999999966,Low,Low,28900.800000000003,0
H,302.6,310.2,1873,21.3,87,0,0,0,0,0,0,7.599999999999966,Medium,Low,39894.9,0
L,302.6,310.2,1325,62.4,92,1,0,1,0,0,0,7.599999999999966,Medium,High,82680.0,0
M,302.6,310.2,2157,17.2,94,0,0,0,0,0,0,7.599999999999966,Medium,Low,37100.4,0
M,302.6,310.2,1563,39.0,97,0,0,0,0,0,0,7.599999999999966,Medium,Medium,60957.0,0
M,302.6,310.2,1631,31.0,100,0,0,0,0,0,0,7.599999999999966,Medium,Medium,50561.0,0
L,302.5,310.2,1547,36.9,103,0,0,0,0,0,0,7.699999999999989,Medium,Medium,57084.299999999996,0
L,302.6,310.3,1479,40.4,105,0,0,0,0,0,0,7.699999999999989,Medium,Medium,59751.6,0
M,302.4,310.1,1379,48.9,107,1,0,1,0,0,0,7.7000000000000455,Medium,Medium,67433.09999999999,0
L,302.4,310.1,1906,21.2,110,0,0,0,0,0,0,7.7000000000000455,Medium,Low,40407.2,0
M,302.3,310.1,1731,33.4,112,0,0,0,0,0,0,7.800000000000011,Medium,Medium,57815.399999999994,0
H,302.3,310.1,1688,30.4,115,0,0,0,0,0,0,7.800000000000011,Medium,Medium,51315.2,0
H,302.3,310.2,1443,54.6,120,0,0,0,0,0,0,7.899999999999977,Medium,High,78787.8,0
L,302.4,310.2,1445,46.4,125,0,0,0,0,0,0,7.800000000000011,Medium,Medium,67048.0,0
H,302.4,310.2,1435,44.9,127,0,0,0,0,0,0,7.800000000000011,Medium,Medium,64431.5,0
L,302.4,310.1,1556,32.9,132,0,0,0,0,0,0,7.7000000000000455,Medium,Medium,51192.399999999994,0
L,302.3,310.1,1321,52.7,134,1,0,1,0,0,0,7.800000000000011,Medium,High,69616.7,0
M,302.4,310.1,1577,35.8,136,0,0,0,0,0,0,7.7000000000000455,Medium,Medium,56456.6,0
L,302.4,310.2,1578,31.2,139,0,0,0,0,0,0,7.800000000000011,Medium,Medium,49233.6,0
L,302.4,310.1,1418,52.3,141,0,0,0,0,0,0,7.7000000000000455,Medium,Medium,74161.4,0
M,302.4,310.2,1392,55.8,143,0,0,0,0,0,0,7.800000000000011,Medium,High,77673.59999999999,0
L,302.5,310.3,1446,44.0,146,0,0,0,0,0,0,7.800000000000011,Medium,Medium,63624.0,0
L,302.5,310.2,1329,50.6,148,1,0,1,0,0,0,7.699999999999989,Medium,Medium,67247.40000000001,0
L,302.5,310.2,1563,34.8,150,0,0,0,0,0,0,7.699999999999989,Medium,Medium,54392.399999999994,0
L,302.5,310.3,1405,57.4,152,0,0,0,0,0,0,7.800000000000011,Medium,High,80647.0,0
L,302.4,310.2,2224,16.0,154,0,0,0,0,0,0,7.800000000000011,Medium,Low,35584.0,0
L,302.5,310.2,1716,29.9,156,0,0,0,0,0,0,7.699999999999989,Medium,Medium,51308.399999999994,0
L,302.5,310.3,1584,35.5,158,0,0,0,0,0,0,7.800000000000011,Medium,Medium,56232.0,0
M,302.5,310.3,1488,41.8,160,0,0,0,0,0,0,7.800000000000011,Medium,Medium,62198.399999999994,0
L,302.4,310.3,1374,51.2,163,1,0,1,0,0,0,7.900000000000034,Medium,Medium,70348.8,0
M,302.4,310.3,1378,54.3,165,1,0,1,0,0,0,7.900000000000034,Medium,High,74825.4,0
L,302.5,310.3,1551,37.3,168,0,0,0,0,0,0,7.800000000000011,Medium,Medium,57852.299999999996,0
L,302.5,310.3,1549,40.9,170,0,0,0,0,0,0,7.800000000000011,High,Medium,63354.1,0
M,302.5,310.3,1447,39.2,172,0,0,0,0,0,0,7.800000000000011,High,Medium,56722.4,0
L,302.4,310.2,1400,53.7,175,0,0,0,0,0,0,7.800000000000011,High,High,75180.0,0
L,302.4,310.1,1401,48.8,177,0,0,0,0,0,0,7.7000000000000455,High,Medium,68368.8,0
H,302.4,310.1,1597,28.9,179,0,0,0,0,0,0,7.7000000000000455,High,Medium,46153.299999999996,0
L,302.3,310.1,1487,46.0,184,0,0,0,0,0,0,7.800000000000011,High,Medium,68402.0,0
M,302.5,310.3,1710,27.3,186,0,0,0,0,0,0,7.800000000000011,High,Low,46683.0,0
L,302.6,310.4,1478,47.7,189,0,0,0,0,0,0,7.7999999999999545,High,Medium,70500.6,0
L,302.6,310.4,1743,26.3,191,0,0,0,0,0,0,7.7999999999999545,High,Low,45840.9,0
L,302.6,310.5,1596,32.8,193,0,0,0,0,0,0,7.899999999999977,High,Medium,52348.799999999996,0
L,302.7,310.5,1642,30.8,195,0,0,0,0,0,0,7.800000000000011,High,Medium,50573.6,0
L,302.7,310.5,1263,67.8,197,1,0,1,0,1,0,7.800000000000011,High,High,85631.4,0
L,302.8,310.6,2016,19.9,199,0,0,0,0,0,0,7.800000000000011,High,Low,40118.399999999994,0
L,302.8,310.6,1671,30.5,201,0,0,0,0,0,0,7.800000000000011,High,Medium,50965.5,1
L,302.8,310.6,1404,43.2,203,0,0,0,0,0,0,7.800000000000011,High,Medium,60652.8,1
L,302.8,310.6,1470,41.1,205,0,0,0,0,0,0,7.800000000000011,High,Medium,60417.0,1
L,302.8,310.6,1617,37.9,207,0,0,0,0,0,0,7.800000000000011,High,Medium,61284.299999999996,1
L,302.7,310.5,1725,29.0,209,0,0,0,0,0,0,7.800000000000011,High,Medium,50025.0,1
L,302.7,310.5,1446,40.9,211,1,1,0,0,0,0,7.800000000000011,High,Medium,59141.4,1
L,302.7,310.6,1564,34.3,0,0,0,0,0,0,0,7.900000000000034,Low,Medium,53645.2,0
L,302.8,310.6,1670,29.1,2,0,0,0,0,0,0,7.800000000000011,Low,Medium,48597.0,0
L,302.7,310.6,1501,48.7,4,0,0,0,0,0,0,7.900000000000034,Low,Medium,73098.7,0
L,302.7,310.5,1551,35.9,6,0,0,0,0,0,0,7.800000000000011,Low,Medium,55680.899999999994,0
L,302.7,310.5,1563,35.0,8,0,0,0,0,0,0,7.800000000000011,Low,Medium,54705.0,0
L,302.7,310.5,1351,41.8,10,1,0,1,0,0,0,7.800000000000011,Low,Medium,56471.799999999996,0
L,302.6,310.4,1415,52.1,12,0,0,0,0,0,0,7.7999999999999545,Low,Medium,73721.5,0
L,302.6,310.3,1647,34.2,14,0,0,0,0,0,0,7.699999999999989,Low,Medium,56327.4,0
L,302.5,310.2,1477,41.6,16,0,0,0,0,0,0,7.699999999999989,Low,Medium,61443.200000000004,0
L,302.6,310.2,1923,21.5,18,0,0,0,0,0,0,7.599999999999966,Low,Low,41344.5,0
H,302.7,310.4,1305,55.2,20,1,0,1,0,0,0,7.699999999999989,Low,High,72036.0,0
M,302.6,310.4,1544,35.1,25,0,0,0,0,0,0,7.7999999999999545,Low,Medium,54194.4,0
H,302.7,310.5,1568,36.9,28,0,0,0,0,0,0,7.800000000000011,Low,Medium,57859.2,0
L,302.7,310.4,1489,42.7,33,0,0,0,0,0,0,7.699999999999989,Low,Medium,63580.3,0
M,302.6,310.4,1451,43.1,35,0,0,0,0,0,0,7.7999999999999545,Low,Medium,62538.1,0
L,302.7,310.4,1542,35.7,38,0,0,0,0,0,0,7.699999999999989,Low,Medium,55049.4,0
M,302.6,310.5,1965,20.2,40,0,0,0,0,0,0,7.899999999999977,Low,Low,39693.0,0
L,302.5,310.5,1436,36.5,43,0,0,0,0,0,0,8.0,Low,Medium,52414.0,0
M,302.5,310.4,1509,37.6,45,0,0,0,0,0,0,7.899999999999977,Low,Medium,56738.4,0
L,302.5,310.4,1487,40.2,48,0,0,0,0,0,0,7.899999999999977,Low,Medium,59777.4,0
L,302.5,310.4,1967,20.3,50,0,0,0,0,0,0,7.899999999999977,Low,Low,39930.1,0
H,302.6,310.4,1409,53.3,52,0,0,0,0,0,0,7.7999999999999545,Low,High,75099.7,0
M,302.6,310.5,1420,56.4,57,0,0,0,0,0,0,7.899999999999977,Low,High,80088.0,0
L,302.7,310.5,1511,37.7,60,0,0,0,0,0,0,7.800000000000011,Low,Medium,56964.700000000004,0
H,302.6,310.4,1649,30.1,62,0,0,0,0,0,0,7.7999999999999545,Low,Medium,49634.9,0
L,302.6,310.4,1359,57.2,67,1,0,1,0,0,0,7.7999999999999545,Low,High,77734.8,0
M,302.5,310.4,1605,36.0,69,0,0,0,0,0,0,7.899999999999977,Low,Medium,57780.0,0
L,302.5,310.3,1523,36.0,72,0,0,0,0,0,0,7.800000000000011,Low,Medium,54828.0,0
H,302.6,310.4,1614,36.0,74,0,0,0,0,0,0,7.7999999999999545,Low,Medium,58104.0,0
H,302.6,310.3,1721,27.4,79,0,0,0,0,0,0,7.699999999999989,Low,Low,47155.399999999994,0
L,302.6,310.4,1638,36.2,84,0,0,0,0,0,0,7.7999999999999545,Low,Medium,59295.600000000006,0
L,302.5,310.2,1307,54.0,86,1,0,1,0,0,0,7.699999999999989,Medium,High,70578.0,0
L,302.4,310.2,1642,28.3,88,0,0,0,0,0,0,7.800000000000011,Medium,Medium,46468.6,0
M,302.5,310.2,1751,30.5,90,0,0,0,0,0,0,7.699999999999989,Medium,Medium,53405.5,0
L,302.4,310.1,1645,31.6,93,0,0,0,0,0,0,7.7000000000000455,Medium,Medium,51982.0,0
L,302.4,310.1,1426,46.8,95,0,0,0,0,0,0,7.7000000000000455,Medium,Medium,66736.8,0
M,302.4,310.1,1520,36.6,97,0,0,0,0,0,0,7.7000000000000455,Medium,Medium,55632.0,0
L,302.4,310.1,1709,31.8,100,0,0,0,0,0,0,7.7000000000000455,Medium,Medium,54346.200000000004,0
L,302.4,310.0,1426,46.6,102,0,0,0,0,0,0,7.600000000000023,Medium,Medium,66451.6,0
L,302.4,310.1,1429,43.7,104,0,0,0,0,0,0,7.7000000000000455,Medium,Medium,62447.3,0
L,302.4,310.2,1346,62.4,106,1,0,1,0,0,0,7.800000000000011,Medium,High,83990.4,0
L,302.5,310.2,1454,43.0,108,0,0,0,0,0,0,7.699999999999989,Medium,Medium,62522.0,0
M,302.5,310.3,1411,49.5,110,0,0,0,0,0,0,7.800000000000011,Medium,Medium,69844.5,0
L,302.4,310.3,1900,24.4,113,0,0,0,0,0,0,7.900000000000034,Medium,Low,46360.0,0
L,302.4,310.3,1479,36.2,115,0,0,0,0,0,0,7.900000000000034,Medium,Medium,53539.8,0
L,302.5,310.4,1415,48.2,117,0,0,0,0,0,0,7.899999999999977,Medium,Medium,68203.0,0
L,302.5,310.3,1539,39.0,119,0,0,0,0,0,0,7.800000000000011,Medium,Medium,60021.0,0
L,302.4,310.3,1520,31.6,121,0,0,0,0,0,0,7.900000000000034,Medium,Medium,48032.0,0
L,302.4,310.3,1480,45.8,123,0,0,0,0,0,0,7.900000000000034,Medium,Medium,67784.0,0
L,302.4,310.4,1666,29.7,125,0,0,0,0,0,0,8.0,Medium,Medium,49480.2,0
L,302.4,310.4,1456,47.6,127,0,0,0,0,0,0,8.0,Medium,Medium,69305.6,0
L,302.4,310.4,1865,23.9,129,0,0,0,0,0,0,8.0,Medium,Low,44573.5,0
M,302.5,310.5,1918,21.6,131,0,0,0,0,0,0,8.0,Medium,Low,41428.8,0
L,302.5,310.4,1488,48.4,134,0,0,0,0,0,0,7.899999999999977,Medium,Medium,72019.2,0
M,302.5,310.5,1527,38.8,136,0,0,0,0,0,0,8.0,Medium,Medium,59247.6,0
M,302.4,310.4,1463,42.2,139,0,0,0,0,0,0,8.0,Medium,Medium,61738.600000000006,0
L,302.4,310.4,1521,38.5,142,0,0,0,0,0,0,8.0,Medium,Medium,58558.5,0
M,302.4,310.5,1372,45.7,144,1,0,1,0,0,0,8.100000000000023,Medium,Medium,62700.4,0
L,302.5,310.5,1507,39.5,147,0,0,0,0,0,0,8.0,Medium,Medium,59526.5,0
M,302.4,310.4,1586,34.3,149,0,0,0,0,0,0,8.0,Medium,Medium,54399.799999999996,0
L,302.5,310.4,1487,42.0,152,0,0,0,0,0,0,7.899999999999977,Medium,Medium,62454.0,0
L,302.5,310.5,1520,41.2,154,0,0,0,0,0,0,8.0,Medium,Medium,62624.00000000001,0
H,302.5,310.4,1422,41.9,156,0,0,0,0,0,0,7.899999999999977,Medium,Medium,59581.799999999996,0
M,302.4,310.3,1375,52.5,161,1,0,1,0,0,0,7.900000000000034,Medium,High,72187.5,0
L,302.4,310.2,1633,28.0,164,0,0,0,0,0,0,7.800000000000011,Medium,Low,45724.0,0
L,302.4,310.2,1503,36.2,166,0,0,0,0,0,0,7.800000000000011,Medium,Medium,54408.600000000006,0
L,302.4,310.2,1351,45.1,168,1,0,1,0,0,0,7.800000000000011,Medium,Medium,60930.1,0
L,302.3,310.2,1548,35.3,170,0,0,0,0,0,0,7.899999999999977,High,Medium,54644.399999999994,0
L,302.4,310.3,1923,23.3,172,0,0,0,0,0,0,7.900000000000034,High,Low,44805.9,0
L,302.5,310.3,1592,32.6,174,0,0,0,0,0,0,7.800000000000011,High,Medium,51899.200000000004,0
M,302.5,310.4,1580,35.6,176,0,0,0,0,0,0,7.899999999999977,High,Medium,56248.0,0
L,302.5,310.4,1427,46.8,179,0,0,0,0,0,0,7.899999999999977,High,Medium,66783.59999999999,0
M,302.5,310.4,1581,32.7,181,0,0,0,0,0,0,7.899999999999977,High,Medium,51698.700000000004,0
M,302.6,310.5,1542,39.9,184,0,0,0,0,0,0,7.899999999999977,High,Medium,61525.799999999996,0
L,302.5,310.4,1349,55.1,187,1,0,1,0,0,0,7.899999999999977,High,High,74329.90000000001,0
L,302.5,310.5,1463,43.0,189,0,0,0,0,0,0,8.0,High,Medium,62909.0,0
M,302.5,310.4,1429,43.2,191,0,0,0,0,0,0,7.899999999999977,High,Medium,61732.8,0
M,302.5,310.4,1451,53.6,194,0,0,0,0,0,0,7.899999999999977,High,High,77773.6,0
L,302.6,310.5,1511,37.2,197,0,0,0,0,0,0,7.899999999999977,High,Medium,56209.200000000004,0
L,302.6,310.6,1549,37.5,199,0,0,0,0,0,0,8.0,High,Medium,58087.5,0
M,302.5,310.5,1507,40.2,201,0,0,0,0,0,0,8.0,High,Medium,60581.4,1
M,302.6,310.5,1524,33.7,204,0,0,0,0,0,0,7.899999999999977,High,Medium,51358.8,1
M,302.7,310.5,1880,22.7,207,0,0,0,0,0,0,7.800000000000011,High,Low,42676.0,1
L,302.6,310.5,1461,45.4,0,0,0,0,0,0,0,7.899999999999977,Low,Medium,66329.4,0
L,302.6,310.5,1748,28.2,2,0,0,0,0,0,0,7.899999999999977,Low,Medium,49293.6,0
L,302.7,310.6,1690,26.7,4,0,0,0,0,0,0,7.900000000000034,Low,Low,45123.0,0
M,302.7,310.6,1349,51.2,6,1,0,1,0,0,0,7.900000000000034,Low,Medium,69068.8,0
L,302.7,310.6,1686,26.3,9,0,0,0,0,0,0,7.900000000000034,Low,Low,44341.8,0
L,302.7,310.7,1369,47.5,11,1,0,1,0,0,0,8.0,Low,Medium,65027.5,0
L,302.7,310.7,1433,43.7,13,0,0,0,0,0,0,8.0,Low,Medium,62622.100000000006,0
L,302.7,310.7,1597,41.9,15,0,0,0,0,0,0,8.0,Low,Medium,66914.3,0
L,302.9,310.8,1610,32.2,17,0,0,0,0,0,0,7.900000000000034,Low,Medium,51842.00000000001,0
L,302.7,310.7,1398,57.7,19,0,0,0,0,0,0,8.0,Low,High,80664.6,0
L,302.7,310.7,1977,20.0,21,0,0,0,0,0,0,8.0,Low,Low,39540.0,0
L,302.8,310.8,1516,39.5,23,0,0,0,0,0,0,8.0,Low,Medium,59882.0,0
H,302.7,310.8,1275,55.0,25,1,0,1,0,0,0,8.100000000000023,Low,High,70125.0,0
L,302.8,310.8,1402,50.5,30,0,0,0,0,0,0,8.0,Low,Medium,70801.0,0
M,302.8,310.8,1451,44.7,32,0,0,0,0,0,0,8.0,Low,Medium,64859.700000000004,0
M,302.7,310.8,1555,36.1,35,0,0,0,0,0,0,8.100000000000023,Low,Medium,56135.5,0
L,302.8,310.9,1636,35.0,38,0,0,0,0,0,0,8.099999999999966,Low,Medium,57260.0,0
L,302.8,310.9,1312,52.2,40,1,0,1,0,0,0,8.099999999999966,Low,Medium,68486.40000000001,0
L,302.8,310.9,1708,29.8,42,0,0,0,0,0,0,8.099999999999966,Low,Medium,50898.4,0
M,302.9,311.0,1556,36.5,44,0,0,0,0,0,0,8.100000000000023,Low,Medium,56794.0,0
H,302.8,311.0,1436,43.5,47,0,0,0,0,0,0,8.199999999999989,Low,Medium,62466.0,0
M,302.9,311.0,1402,40.7,52,0,0,0,0,0,0,8.100000000000023,Low,Medium,57061.4,0
M,302.9,311.0,1437,49.9,55,0,0,0,0,0,0,8.100000000000023,Low,Medium,71706.3,0
M,302.9,311.1,1926,21.8,58,0,0,0,0,0,0,8.200000000000045,Low,Low,41986.8,0
L,303.0,311.2,1800,23.7,61,0,0,0,0,0,0,8.199999999999989,Low,Low,42660.0,0
L,303.0,311.2,1641,32.6,63,0,0,0,0,0,0,8.199999999999989,Low,Medium,53496.600000000006,0
L,303.0,311.2,1374,48.2,65,1,0,1,0,0,0,8.199999999999989,Low,Medium,66226.8,0
L,303.0,311.2,1494,37.0,67,0,0,0,0,0,0,8.199999999999989,Low,Medium,55278.0,0
L,303.0,311.2,1601,32.9,69,0,0,0,0,0,0,8.199999999999989,Low,Medium,52672.899999999994,0
L,302.9,311.2,1634,36.9,71,0,0,0,0,0,0,8.300000000000011,Low,Medium,60294.6,0
M,302.9,311.2,1467,37.7,73,0,0,0,0,0,0,8.300000000000011,Low,Medium,55305.9,0
L,302.8,311.1,1550,32.3,76,0,0,0,0,0,0,8.300000000000011,Low,Medium,50064.99999999999,0
L,302.8,311.1,1563,32.2,78,0,0,0,0,0,0,8.300000000000011,Low,Medium,50328.600000000006,0
L,302.7,310.9,1395,48.3,80,0,0,0,0,0,0,8.199999999999989,Low,Medium,67378.5,0
M,302.8,311.0,1507,33.4,82,0,0,0,0,0,0,8.199999999999989,Low,Medium,50333.799999999996,0
L,302.8,311.0,1564,38.5,85,0,0,0,0,0,0,8.199999999999989,Medium,Medium,60214.0,0
L,302.8,311.1,1721,30.0,87,0,0,0,0,0,0,8.300000000000011,Medium,Medium,51630.0,0
L,302.8,311.1,1456,36.1,89,0,0,0,0,0,0,8.300000000000011,Medium,Medium,52561.6,0
H,302.9,311.2,2102,17.8,91,0,0,0,0,0,0,8.300000000000011,Medium,Low,37415.6,0
L,302.9,311.1,1555,33.9,96,0,0,0,0,0,0,8.200000000000045,Medium,Medium,52714.5,0
L,303.0,311.2,1409,41.9,98,0,0,0,0,0,0,8.199999999999989,Medium,Medium,59037.1,0
M,303.0,311.2,1387,41.4,100,0,0,0,0,0,0,8.199999999999989,Medium,Medium,57421.799999999996,0
M,303.0,311.2,1460,43.9,103,0,0,0,0,0,0,8.199999999999989,Medium,Medium,64094.0,0
L,303.0,311.2,1361,47.6,106,1,0,1,0,0,0,8.199999999999989,Medium,Medium,64783.6,0
M,303.0,311.1,1490,43.0,108,0,0,0,0,0,0,8.100000000000023,Medium,Medium,64070.0,0
L,303.1,311.2,1399,49.2,111,0,0,0,0,0,0,8.099999999999966,Medium,Medium,68830.8,0
L,303.1,311.1,1420,55.8,113,0,0,0,0,0,0,8.0,Medium,High,79236.0,0
L,303.0,311.0,1359,44.2,115,1,0,1,0,0,0,8.0,Medium,Medium,60067.8,0
M,303.0,311.1,1372,54.3,117,1,0,1,0,0,0,8.100000000000023,Medium,High,74499.59999999999,0
M,303.0,311.0,1409,41.7,120,0,0,0,0,0,0,8.0,Medium,Medium,58755.3,0
H,302.9,311.0,1452,58.3,123,0,0,0,0,0,0,8.100000000000023,Medium,High,84651.59999999999,0
L,302.9,311.0,1820,24.6,128,0,0,0,0,0,0,8.100000000000023,Medium,Low,44772.0,0
H,302.9,311.0,1469,48.7,130,0,0,0,0,0,0,8.100000000000023,Medium,Medium,71540.3,0
L,302.9,311.1,1556,45.3,135,0,0,0,0,0,0,8.200000000000045,Medium,Medium,70486.79999999999,0
L,303.0,311.1,1980,20.2,137,0,0,0,0,0,0,8.100000000000023,Medium,Low,39996.0,0
M,303.0,311.2,1519,38.0,139,0,0,0,0,0,0,8.199999999999989,Medium,Medium,57722.0,0
L,303.0,311.2,1456,44.0,142,0,0,0,0,0,0,8.199999999999989,Medium,Medium,64064.0,0
L,303.1,311.2,1394,45.3,144,0,0,0,0,0,0,8.099999999999966,Medium,Medium,63148.2,0
L,303.0,311.3,1365,56.2,146,1,0,1,0,0,0,8.300000000000011,Medium,High,76713.0,0
L,303.0,311.3,2194,16.5,148,0,0,0,0,0,0,8.300000000000011,Medium,Low,36201.0,0
L,303.1,311.3,1403,55.6,150,0,0,0,0,0,0,8.199999999999989,Medium,High,78006.8,0
H,303.0,311.2,1503,37.0,152,0,0,0,0,0,0,8.199999999999989,Medium,Medium,55611.0,0
L,303.0,311.3,1793,29.3,157,0,0,0,0,0,0,8.300000000000011,Medium,Medium,52534.9,0
L,303.1,311.4,1829,24.5,159,0,0,0,0,0,0,8.299999999999955,Medium,Low,44810.5,0
M,303.1,311.4,1831,23.3,161,0,0,0,0,0,0,8.299999999999955,Medium,Low,42662.3,0
M,303.0,311.3,1335,53.6,164,1,0,1,0,0,0,8.300000000000011,Medium,High,71556.0,0
H,303.1,311.3,2056,19.7,167,0,0,0,0,0,0,8.199999999999989,Medium,Low,40503.2,0
L,303.1,311.3,1336,52.6,172,1,0,1,0,0,0,8.199999999999989,High,High,70273.6,0
L,303.0,311.2,1341,51.0,174,1,0,1,0,0,0,8.199999999999989,High,Medium,68391.0,0
M,303.0,311.1,1526,37.3,176,0,0,0,0,0,0,8.100000000000023,High,Medium,56919.799999999996,0
L,303.0,311.1,1525,40.7,179,0,0,0,0,0,0,8.100000000000023,High,Medium,62067.50000000001,0
M,303.0,311.1,1428,39.8,181,0,0,0,0,0,0,8.100000000000023,High,Medium,56834.399999999994,0
L,303.0,311.2,1511,45.7,184,0,0,0,0,0,0,8.199999999999989,High,Medium,69052.7,0
L,303.0,311.2,1664,29.8,186,0,0,0,0,0,0,8.199999999999989,High,Medium,49587.200000000004,0
M,303.0,311.2,1592,38.9,188,0,0,0,0,0,0,8.199999999999989,High,Medium,61928.799999999996,0
M,303.0,311.1,1597,36.7,191,0,0,0,0,0,0,8.100000000000023,High,Medium,58609.9,0
L,303.0,311.2,1735,26.1,194,0,0,0,0,0,0,8.199999999999989,High,Low,45283.5,0
L,302.9,311.2,1751,23.8,196,0,0,0,0,0,0,8.300000000000011,High,Low,41673.8,0
L,303.0,311.2,1383,44.6,198,0,0,0,0,0,0,8.199999999999989,High,Medium,61681.8,0
M,302.9,311.2,1330,53.7,200,1,0,1,0,0,0,8.300000000000011,High,High,71421.0,1
L,303.0,311.2,1382,50.5,203,0,0,0,0,0,0,8.199999999999989,High,Medium,69791.0,1
L,303.0,311.2,1755,30.4,205,0,0,0,0,0,0,8.199999999999989,High,Medium,53352.0,1
M,303.0,311.2,1614,35.7,207,0,0,0,0,0,0,8.199999999999989,High,Medium,57619.8,1
L,303.0,311.3,1466,43.0,210,0,0,0,0,0,0,8.300000000000011,High,Medium,63038.0,1
M,303.1,311.3,1847,24.7,212,0,0,0,0,0,0,8.199999999999989,High,Low,45620.9,1
L,303.1,311.3,1474,34.8,215,0,0,0,0,0,0,8.199999999999989,High,Medium,51295.2,1
L,303.1,311.3,1657,31.8,217,0,0,0,0,0,0,8.199999999999989,High,Medium,52692.6,1
L,303.1,311.2,1435,40.1,219,0,0,0,0,0,0,8.099999999999966,High,Medium,57543.5,1
H,303.1,311.3,1494,42.7,221,0,0,0,0,0,0,8.199999999999989,High,Medium,63793.8,1
L,303.2,311.4,1238,54.6,226,1,0,1,0,1,0,8.199999999999989,High,High,67594.8,1
L,303.2,311.4,1324,54.2,228,1,0,1,0,1,0,8.199999999999989,High,High,71760.8,1
L,303.2,311.4,1514,41.2,230,0,0,0,0,0,0,8.199999999999989,High,Medium,62376.8,1
L,303.3,311.4,1732,25.6,232,0,0,0,0,0,0,8.099999999999966,High,Low,44339.200000000004,1
L,303.3,311.4,1497,46.0,234,1,1,0,0,0,0,8.099999999999966,High,Medium,68862.0,1
L,303.3,311.4,1958,21.5,0,0,0,0,0,0,0,8.099999999999966,Low,Low,42097.0,0
L,303.3,311.4,1630,32.5,2,0,0,0,0,0,0,8.099999999999966,Low,Medium,52975.0,0
M,303.3,311.4,1395,59.1,4,0,0,0,0,0,0,8.099999999999966,Low,High,82444.5,0
L,303.3,311.4,1658,30.5,7,0,0,0,0,0,0,8.099999999999966,Low,Medium,50569.0,0
L,303.2,311.4,1349,51.1,9,1,0,1,0,0,0,8.199999999999989,Low,Medium,68933.90000000001,0
L,303.1,311.2,1452,52.9,11,0,0,0,0,0,0,8.099999999999966,Low,High,76810.8,0
M,303.1,311.1,1594,35.5,13,0,0,0,0,0,0,8.0,Low,Medium,56587.0,0
M,303.1,311.0,1510,47.6,16,0,0,0,0,0,0,7.899999999999977,Low,Medium,71876.0,0
L,303.1,311.1,1854,22.6,19,0,0,0,0,0,0,8.0,Low,Low,41900.4,0
L,303.1,311.2,1626,32.3,21,0,0,0,0,0,0,8.099999999999966,Low,Medium,52519.799999999996,0
L,303.1,311.2,1628,35.2,23,0,0,0,0,0,0,8.099999999999966,Low,Medium,57305.600000000006,0
L,303.1,311.2,1679,34.8,25,0,0,0,0,0,0,8.099999999999966,Low,Medium,58429.2,0
M,303.1,311.2,1489,44.5,27,0,0,0,0,0,0,8.099999999999966,Low,Medium,66260.5,0
L,303.2,311.2,1439,43.9,30,0,0,0,0,0,0,8.0,Low,Medium,63172.1,0
L,303.3,311.3,1350,48.1,32,1,0,1,0,0,0,8.0,Low,Medium,64935.0,0
H,303.3,311.2,1607,31.7,34,0,0,0,0,0,0,7.899999999999977,Low,Medium,50941.9,0
L,303.3,311.3,1389,53.9,39,0,0,0,0,0,0,8.0,Low,High,74867.09999999999,0
M,303.3,311.3,1566,46.1,41,0,0,0,0,0,0,8.0,Low,Medium,72192.6,0
M,303.4,311.4,1307,54.0,44,1,0,1,0,0,0,8.0,Low,High,70578.0,0
M,303.3,311.5,1569,36.6,47,0,0,0,0,0,0,8.199999999999989,Low,Medium,57425.4,0
H,303.3,311.4,1651,30.6,50,0,0,0,0,0,0,8.099999999999966,Low,Medium,50520.600000000006,0
H,303.3,311.4,1692,27.9,55,0,0,0,0,0,0,8.099999999999966,Low,Low,47206.799999999996,0
M,303.3,311.5,1373,47.3,60,1,0,1,0,0,0,8.199999999999989,Low,Medium,64942.899999999994,0
L,303.2,311.4,1610,35.5,63,0,0,0,0,0,0,8.199999999999989,Low,Medium,57155.0,0
L,303.3,311.4,1511,43.4,65,0,0,0,0,0,0,8.099999999999966,Low,Medium,65577.4,0
L,303.3,311.5,1412,55.6,67,0,0,0,0,0,0,8.199999999999989,Low,High,78507.2,0
L,303.4,311.5,1501,36.2,69,0,0,0,0,0,0,8.100000000000023,Low,Medium,54336.200000000004,0
L,303.4,311.5,1414,44.8,71,0,0,0,0,0,0,8.100000000000023,Low,Medium,63347.2,0
H,303.5,311.5,1629,33.5,73,0,0,0,0,0,0,8.0,Low,Medium,54571.5,0
L,303.4,311.5,1879,21.3,78,0,0,0,0,0,0,8.100000000000023,Low,Low,40022.700000000004,0
H,303.5,311.6,1466,47.0,80,0,0,0,0,0,0,8.100000000000023,Low,Medium,68902.0,0
H,303.6,311.7,1476,40.1,85,0,0,0,0,0,0,8.099999999999966,Medium,Medium,59187.6,0
L,303.6,311.8,1695,30.7,90,0,0,0,0,0,0,8.199999999999989,Medium,Medium,52036.5,0
L,303.6,311.7,1491,39.8,92,0,0,0,0,0,0,8.099999999999966,Medium,Medium,59341.799999999996,0
M,303.6,311.8,1659,34.7,94,0,0,0,0,0,0,8.199999999999989,Medium,Medium,57567.3,0
L,303.6,311.8,1567,31.7,97,0,0,0,0,0,0,8.199999999999989,Medium,Medium,49673.9,0
L,303.6,311.8,1736,32.9,99,0,0,0,0,0,0,8.199999999999989,Medium,Medium,57114.399999999994,0
M,303.6,311.8,1421,44.8,101,1,0,0,0,0,0,8.199999999999989,Medium,Medium,63660.799999999996,0
M,303.6,311.8,1627,30.8,104,0,0,0,0,0,0,8.199999999999989,Medium,Medium,50111.6,0
M,303.5,311.6,1562,34.2,107,0,0,0,0,0,0,8.100000000000023,Medium,Medium,53420.4,0
L,303.5,311.6,2183,17.0,110,0,0,0,0,0,0,8.100000000000023,Medium,Low,37111.0,0
L,303.5,311.6,1577,38.1,112,0,0,0,0,0,0,8.100000000000023,Medium,Medium,60083.700000000004,0
M,303.4,311.5,1560,36.4,114,0,0,0,0,0,0,8.100000000000023,Medium,Medium,56784.0,0
M,303.4,311.5,1483,43.0,117,0,0,0,0,0,0,8.100000000000023,Medium,Medium,63769.0,0
L,303.5,311.5,1535,33.3,120,0,0,0,0,0,0,8.0,Medium,Medium,51115.49999999999,0
M,303.4,311.4,1606,29.6,122,0,0,0,0,0,0,8.0,Medium,Medium,47537.600000000006,0
M,303.4,311.5,1817,24.7,125,0,0,0,0,0,0,8.100000000000023,Medium,Low,44879.9,0
L,303.4,311.5,1424,50.8,128,0,0,0,0,0,0,8.100000000000023,Medium,Medium,72339.2,0
L,303.3,311.6,1514,34.7,130,0,0,0,0,0,0,8.300000000000011,Medium,Medium,52535.8,0
L,303.4,311.6,1449,41.7,132,0,0,0,0,0,0,8.200000000000045,Medium,Medium,60423.3,0
M,303.5,311.6,1573,34.0,134,0,0,0,0,0,0,8.100000000000023,Medium,Medium,53482.0,0
L,303.4,311.6,1564,41.9,137,0,0,0,0,0,0,8.200000000000045,Medium,Medium,65531.6,0
L,303.5,311.6,1428,46.2,139,0,0,0,0,0,0,8.100000000000023,Medium,Medium,65973.6,0
L,303.5,311.7,1620,31.0,141,0,0,0,0,0,0,8.199999999999989,Medium,Medium,50220.0,0
H,303.5,311.7,1584,32.7,143,0,0,0,0,0,0,8.199999999999989,Medium,Medium,51796.8,0
L,303.6,311.8,1222,66.8,148,1,0,1,0,0,0,8.199999999999989,Medium,High,81629.59999999999,0
M,303.6,311.8,1432,42.5,150,0,0,0,0,0,0,8.199999999999989,Medium,Medium,60860.0,0
L,303.7,311.9,1561,33.3,153,0,0,0,0,0,0,8.199999999999989,Medium,Medium,51981.299999999996,0
L,303.6,311.8,1614,33.2,155,0,0,0,0,0,0,8.199999999999989,Medium,Medium,53584.8,0
L,303.5,311.7,1959,22.3,157,0,0,0,0,0,0,8.199999999999989,Medium,Low,43685.700000000004,0
L,303.5,311.8,1944,23.5,159,0,0,0,0,0,0,8.300000000000011,Medium,Low,45684.0,0
L,303.4,311.7,1793,25.8,161,0,0,0,0,0,0,8.300000000000011,Medium,Low,46259.4,0
M,303.4,311.6,1446,50.0,163,0,0,0,0,0,0,8.200000000000045,Medium,Medium,72300.0,0
L,303.4,311.7,1673,32.2,166,0,0,0,0,0,0,8.300000000000011,Medium,Medium,53870.600000000006,0
M,303.4,311.7,1515,44.2,168,0,0,0,0,0,0,8.300000000000011,Medium,Medium,66963.0,0
L,303.4,311.8,1564,35.9,171,0,0,0,0,0,0,8.400000000000034,High,Medium,56147.6,0
L,303.5,311.8,1451,45.2,173,0,0,0,0,0,0,8.300000000000011,High,Medium,65585.2,0
H,303.4,311.8,1693,28.3,175,0,0,0,0,0,0,8.400000000000034,High,Medium,47911.9,0
L,303.4,311.7,1476,42.3,180,0,0,0,0,0,0,8.300000000000011,High,Medium,62434.799999999996,0
L,303.4,311.6,1712,30.1,182,0,0,0,0,0,0,8.200000000000045,High,Medium,51531.200000000004,0
M,303.4,311.6,1425,45.4,184,0,0,0,0,0,0,8.200000000000045,High,Medium,64695.0,0
L,303.3,311.6,1337,56.8,187,1,0,1,0,0,0,8.300000000000011,High,High,75941.59999999999,0
M,303.4,311.7,1690,34.9,189,0,0,0,0,0,0,8.300000000000011,High,Medium,58981.0,0
M,303.4,311.7,1353,44.1,192,1,0,1,0,0,0,8.300000000000011,High,Medium,59667.3,0
L,303.5,311.8,1927,21.9,195,0,0,0,0,0,0,8.300000000000011,High,Low,42201.299999999996,0
M,303.4,311.8,1391,42.7,197,0,0,0,0,0,0,8.400000000000034,High,Medium,59395.700000000004,0
L,303.4,311.8,1366,50.9,200,1,0,1,0,0,0,8.400000000000034,High,Medium,69529.4,1
L,303.4,311.9,1771,31.6,202,0,0,0,0,0,0,8.5,High,Medium,55963.600000000006,1
M,303.4,311.8,1515,42.6,204,0,0,0,0,0,0,8.400000000000034,High,Medium,64539.0,1
M,303.4,311.8,2133,18.3,207,0,0,0,0,0,0,8.400000000000034,High,Low,39033.9,1
M,303.4,311.8,1341,47.0,210,1,0,1,0,0,0,8.400000000000034,High,Medium,63027.0,1
L,303.4,311.7,1406,47.1,213,0,0,0,0,0,0,8.300000000000011,High,Medium,66222.6,1
L,303.4,311.8,1306,61.0,215,1,0,1,0,1,0,8.400000000000034,High,High,79666.0,1
L,303.3,311.7,1508,35.5,217,0,0,0,0,0,0,8.399999999999977,High,Medium,53534.0,1
L,303.3,311.6,1301,45.1,219,1,0,1,0,0,0,8.300000000000011,High,Medium,58675.1,1
L,303.3,311.7,1539,38.5,221,0,0,0,0,0,0,8.399999999999977,High,Medium,59251.5,1
L,303.3,311.6,1484,44.6,223,0,0,0,0,0,0,8.300000000000011,High,Medium,66186.40000000001,1
L,303.2,311.5,1507,39.2,225,0,0,0,0,0,0,8.300000000000011,High,Medium,59074.4,1
L,303.2,311.5,1544,42.5,227,0,0,0,0,0,0,8.300000000000011,High,Medium,65620.0,1
L,303.2,311.5,1513,37.9,0,0,0,0,0,0,0,8.300000000000011,Low,Medium,57342.7,0
M,303.2,311.5,1336,58.2,2,1,0,1,0,0,0,8.300000000000011,Low,High,77755.2,0
M,303.2,311.4,2102,19.0,5,0,0,0,0,0,0,8.199999999999989,Low,Low,39938.0,0
L,303.2,311.4,1351,53.8,8,1,0,1,0,0,0,8.199999999999989,Low,High,72683.8,0
L,303.3,311.5,1601,35.2,10,0,0,0,0,0,0,8.199999999999989,Low,Medium,56355.200000000004,0
L,303.2,311.3,1393,52.9,12,0,0,0,0,0,0,8.100000000000023,Low,High,73689.7,0
L,303.3,311.3,1592,33.7,14,0,0,0,0,0,0,8.0,Low,Medium,53650.4,0
L,303.3,311.3,1409,51.8,16,0,0,0,0,0,0,8.0,Low,Medium,72986.2,0
L,303.3,311.3,1393,47.4,18,0,0,0,0,0,0,8.0,Low,Medium,66028.2,0
H,303.2,311.2,1475,43.1,20,0,0,0,0,0,0,8.0,Low,Medium,63572.5,0
L,303.2,311.2,1427,45.6,25,0,0,0,0,0,0,8.0,Low,Medium,65071.200000000004,0
L,303.3,311.2,1763,27.3,27,0,0,0,0,0,0,7.899999999999977,Low,Low,48129.9,0
L,303.2,311.2,1363,46.7,29,1,0,1,0,0,0,8.0,Low,Medium,63652.100000000006,0
L,303.2,311.2,1404,50.9,31,0,0,0,0,0,0,8.0,Low,Medium,71463.59999999999,0
M,303.2,311.2,1688,31.9,33,0,0,0,0,0,0,8.0,Low,Medium,53847.2,0
L,303.3,311.4,1510,37.3,36,0,0,0,0,0,0,8.099999999999966,Low,Medium,56322.99999999999,0
H,303.3,311.3,1502,39.5,38,0,0,0,0,0,0,8.0,Low,Medium,59329.0,0
H,303.2,311.4,1607,36.6,43,0,0,0,0,0,0,8.199999999999989,Low,Medium,58816.200000000004,0
M,303.3,311.5,1384,54.8,48,0,0,0,0,0,0,8.199999999999989,Low,High,75843.2,0
L,303.4,311.7,1295,51.3,51,1,0,1,0,0,0,8.300000000000011,Low,Medium,66433.5,0
H,303.4,311.7,1991,19.0,53,0,0,0,0,0,0,8.300000000000011,Low,Low,37829.0,0
L,303.4,311.6,1497,42.8,58,0,0,0,0,0,0,8.200000000000045,Low,Medium,64071.6,0
L,303.5,311.6,1465,48.7,60,0,0,0,0,0,0,8.100000000000023,Low,Medium,71345.5,0
L,303.5,311.6,1361,46.5,62,1,0,1,0,0,0,8.100000000000023,Low,Medium,63286.5,0
L,303.6,311.7,1546,38.5,64,0,0,0,0,0,0,8.099999999999966,Low,Medium,59521.0,0
H,303.7,311.9,1332,52.7,66,1,0,1,0,0,0,8.199999999999989,Low,High,70196.40000000001,0
M,303.7,312.0,2663,11.4,71,1,0,0,1,0,0,8.300000000000011,Low,Low,30358.2,0
L,303.7,312.1,1443,45.9,74,0,0,0,0,0,0,8.400000000000034,Low,Medium,66233.7,0
M,303.7,312.0,1402,48.6,76,0,0,0,0,0,0,8.300000000000011,Low,Medium,68137.2,0
L,303.7,312.0,1892,22.5,79,0,0,0,0,0,0,8.300000000000011,Low,Low,42570.0,0
M,303.6,312.0,1645,35.7,81,0,0,0,0,0,0,8.399999999999977,Low,Medium,58726.50000000001,0
L,303.6,311.9,1473,50.1,84,0,0,0,0,0,0,8.299999999999955,Low,Medium,73797.3,0
L,303.6,312.0,1309,52.9,86,1,0,1,0,0,0,8.399999999999977,Medium,High,69246.09999999999,0
H,303.6,311.9,1544,37.1,88,0,0,0,0,0,0,8.299999999999955,Medium,Medium,57282.4,0
L,303.5,311.9,1344,49.3,93,1,0,1,0,0,0,8.399999999999977,Medium,Medium,66259.2,0
M,303.6,311.9,1617,36.0,95,0,0,0,0,0,0,8.299999999999955,Medium,Medium,58212.0,0
M,303.6,312.0,1435,37.9,98,0,0,0,0,0,0,8.399999999999977,Medium,Medium,54386.5,0
L,303.6,312.0,1391,50.3,101,0,0,0,0,0,0,8.399999999999977,Medium,Medium,69967.3,0
L,303.6,312.0,1827,23.3,103,0,0,0,0,0,0,8.399999999999977,Medium,Low,42569.1,0
L,303.5,312.0,1761,25.8,105,0,0,0,0,0,0,8.5,Medium,Low,45433.8,0
L,303.5,312.1,1522,36.4,107,0,0,0,0,0,0,8.600000000000023,Medium,Medium,55400.799999999996,0
M,303.5,312.2,1818,23.6,109,0,0,0,0,0,0,8.699999999999989,Medium,Low,42904.8,0
H,303.6,312.2,1371,54.6,112,1,0,1,0,0,0,8.599999999999966,Medium,High,74856.6,0
L,303.7,312.3,1511,38.9,117,0,0,0,0,0,0,8.600000000000023,Medium,Medium,58777.9,0
L,303.7,312.4,1404,46.6,119,0,0,0,0,0,0,8.699999999999989,Medium,Medium,65426.4,0
L,303.7,312.3,1384,45.9,121,0,0,0,0,0,0,8.600000000000023,Medium,Medium,63525.6,0
L,303.8,312.5,1368,52.6,123,0,0,0,0,0,0,8.699999999999989,Medium,High,71956.8,0
L,303.7,312.5,1641,36.0,125,0,0,0,0,0,0,8.800000000000011,Medium,Medium,59076.0,0
L,303.9,312.6,1642,32.3,127,0,0,0,0,0,0,8.700000000000045,Medium,Medium,53036.6,0
H,303.9,312.7,1401,50.0,129,0,0,0,0,0,0,8.800000000000011,Medium,Medium,70050.0,0
L,303.8,312.6,1577,41.3,134,0,0,0,0,0,0,8.800000000000011,Medium,Medium,65130.1,0
L,303.7,312.6,1396,44.1,136,0,0,0,0,0,0,8.900000000000034,Medium,Medium,61563.6,0
H,303.7,312.6,1514,35.5,138,0,0,0,0,0,0,8.900000000000034,Medium,Medium,53747.0,0
L,303.8,312.8,1646,35.8,143,0,0,0,0,0,0,9.0,Medium,Medium,58926.799999999996,0
L,303.8,312.8,1443,40.7,145,0,0,0,0,0,0,9.0,Medium,Medium,58730.100000000006,0
M,303.7,312.7,1469,48.5,147,0,0,0,0,0,0,9.0,Medium,Medium,71246.5,0
H,303.7,312.7,1564,40.2,150,0,0,0,0,0,0,9.0,Medium,Medium,62872.8,0
H,303.6,312.6,1498,40.2,155,0,0,0,0,0,0,9.0,Medium,Medium,60219.600000000006,0
L,303.6,312.6,1699,27.9,160,0,0,0,0,0,0,9.0,Medium,Low,47402.1,0
L,303.6,312.5,1431,49.0,162,0,0,0,0,0,0,8.899999999999977,Medium,Medium,70119.0,0
L,303.5,312.4,1390,47.3,164,0,0,0,0,0,0,8.899999999999977,Medium,Medium,65747.0,0
L,303.5,312.5,1380,46.1,166,0,0,0,0,0,0,9.0,Medium,Medium,63618.0,0
L,303.5,312.5,1457,46.4,168,0,0,0,0,0,0,9.0,Medium,Medium,67604.8,0
L,303.5,312.5,1418,42.2,170,0,0,0,0,0,0,9.0,High,Medium,59839.600000000006,0
M,303.5,312.5,1353,51.0,172,0,0,0,0,0,0,9.0,High,Medium,69003.0,0
L,303.5,312.4,1574,32.7,175,0,0,0,0,0,0,8.899999999999977,High,Medium,51469.8,0
M,303.5,312.4,1318,54.2,177,0,0,0,0,0,0,8.899999999999977,High,High,71435.6,0
L,303.6,312.5,1710,31.4,180,0,0,0,0,0,0,8.899999999999977,High,Medium,53694.0,0
L,303.7,312.6,1621,38.8,182,0,0,0,0,0,0,8.900000000000034,High,Medium,62894.799999999996,0
L,303.6,312.6,1606,33.6,184,0,0,0,0,0,0,9.0,High,Medium,53961.600000000006,0
H,303.6,312.5,1375,54.0,186,0,0,0,0,0,0,8.899999999999977,High,High,74250.0,0
L,303.5,312.4,1503,36.5,191,0,0,0,0,0,0,8.899999999999977,High,Medium,54859.5,0
L,303.5,312.3,1404,48.6,193,0,0,0,0,0,0,8.800000000000011,High,Medium,68234.40000000001,0
L,303.4,312.2,1656,32.7,195,0,0,0,0,0,0,8.800000000000011,High,Medium,54151.200000000004,0
M,303.4,312.1,1499,39.4,197,0,0,0,0,0,0,8.700000000000045,High,Medium,59060.6,0
M,303.4,312.0,1748,28.4,200,0,0,0,0,0,0,8.600000000000023,High,Medium,49643.2,1
L,303.4,311.9,1531,37.9,203,0,0,0,0,0,0,8.5,High,Medium,58024.9,1
M,303.3,311.8,1536,40.6,205,0,0,0,0,0,0,8.5,High,Medium,62361.600000000006,1
L,303.4,311.8,1401,53.0,208,1,0,0,0,1,0,8.400000000000034,High,High,74253.0,1
H,303.4,311.9,1534,33.2,210,0,0,0,0,0,0,8.5,High,Medium,50928.8,1
L,303.4,312.0,1521,35.9,215,1,1,0,0,0,0,8.600000000000023,High,Medium,54603.9,1
L,303.5,312.1,1674,30.8,0,0,0,0,0,0,0,8.600000000000023,Low,Medium,51559.200000000004,0
M,303.6,312.1,1967,20.9,2,0,0,0,0,0,0,8.5,Low,Low,41110.299999999996,0
L,303.6,312.2,1696,30.7,5,0,0,0,0,0,0,8.599999999999966,Low,Medium,52067.2,0
M,303.6,312.1,1627,32.5,7,0,0,0,0,0,0,8.5,Low,Medium,52877.5,0
L,303.5,311.9,1405,45.6,10,0,0,0,0,0,0,8.399999999999977,Low,Medium,64068.0,0
L,303.5,311.9,1565,38.9,12,0,0,0,0,0,0,8.399999999999977,Low,Medium,60878.5,0
L,303.5,311.9,1493,38.7,14,0,0,0,0,0,0,8.399999999999977,Low,Medium,57779.100000000006,0
L,303.4,311.8,1499,45.0,16,0,0,0,0,0,0,8.400000000000034,Low,Medium,67455.0,0
L,303.3,311.8,1692,30.6,18,0,0,0,0,0,0,8.5,Low,Medium,51775.200000000004,0
L,303.4,311.8,2268,15.8,20,0,0,0,0,0,0,8.400000000000034,Low,Low,35834.4,0
L,303.4,311.8,1438,58.9,22,0,0,0,0,0,0,8.400000000000034,Low,High,84698.2,0
L,303.5,311.9,1515,39.2,24,0,0,0,0,0,0,8.399999999999977,Low,Medium,59388.00000000001,0
L,303.4,311.9,1491,38.2,26,0,0,0,0,0,0,8.5,Low,Medium,56956.200000000004,0
L,303.5,312.0,1756,29.7,28,0,0,0,0,0,0,8.5,Low,Medium,52153.2,0
L,303.5,312.0,1366,54.5,30,1,0,1,0,0,0,8.5,Low,High,74447.0,0
L,303.5,312.0,1436,45.1,32,0,0,0,0,0,0,8.5,Low,Medium,64763.6,0
L,303.4,311.9,1377,41.6,34,1,0,1,0,0,0,8.5,Low,Medium,57283.200000000004,0
M,303.4,311.9,1510,42.2,36,0,0,0,0,0,0,8.5,Low,Medium,63722.00000000001,0
M,303.4,311.9,1419,50.9,39,0,0,0,0,0,0,8.5,Low,Medium,72227.09999999999,0
L,303.3,311.8,1315,62.0,42,1,0,1,0,0,0,8.5,Low,High,81530.0,0
H,303.3,311.8,1806,27.7,44,0,0,0,0,0,0,8.5,Low,Low,50026.2,0
H,303.3,311.8,1649,29.4,49,0,0,0,0,0,0,8.5,Low,Medium,48480.6,0
H,303.4,311.9,1402,50.0,54,0,0,0,0,0,0,8.5,Low,Medium,70100.0,0
L,303.4,311.9,1298,63.9,59,1,0,1,0,0,0,8.5,Low,High,82942.2,0
M,303.3,311.8,1441,44.9,61,0,0,0,0,0,0,8.5,Low,Medium,64700.9,0
M,303.3,311.8,1489,49.4,64,0,0,0,0,0,0,8.5,Low,Medium,73556.59999999999,0
L,303.3,311.8,1842,24.5,67,0,0,0,0,0,0,8.5,Low,Low,45129.0,0
M,303.4,311.8,1316,50.9,69,1,0,1,0,0,0,8.400000000000034,Low,Medium,66984.4,0
M,303.3,311.8,1583,33.3,72,0,0,0,0,0,0,8.5,Low,Medium,52713.899999999994,0
M,303.3,311.8,1548,33.5,75,0,0,0,0,0,0,8.5,Low,Medium,51858.0,0
L,303.4,311.9,1434,44.6,78,0,0,0,0,0,0,8.5,Low,Medium,63956.4,0
H,303.5,312.0,1397,52.9,80,0,0,0,0,0,0,8.5,Low,High,73901.3,0
M,303.5,312.0,1475,42.9,85,0,0,0,0,0,0,8.5,Medium,Medium,63277.5,0
L,303.5,312.0,1441,56.8,88,0,0,0,0,0,0,8.5,Medium,High,81848.8,0
L,303.7,312.1,1363,51.8,90,1,0,1,0,0,0,8.400000000000034,Medium,Medium,70603.4,0
L,303.7,312.2,1619,34.9,92,0,0,0,0,0,0,8.5,Medium,Medium,56503.1,0
L,303.7,312.2,1487,34.0,94,0,0,0,0,0,0,8.5,Medium,Medium,50558.0,0
L,303.7,312.2,1568,33.8,96,0,0,0,0,0,0,8.5,Medium,Medium,52998.399999999994,0
L,303.7,312.3,1375,46.2,98,0,0,0,0,0,0,8.600000000000023,Medium,Medium,63525.00000000001,0
M,303.6,312.3,1698,31.3,100,0,0,0,0,0,0,8.699999999999989,Medium,Medium,53147.4,0
L,303.7,312.3,1606,37.4,103,0,0,0,0,0,0,8.600000000000023,Medium,Medium,60064.399999999994,0
L,303.7,312.3,1349,51.0,105,0,0,0,0,0,0,8.600000000000023,Medium,Medium,68799.0,0
L,303.7,312.4,1535,38.6,107,0,0,0,0,0,0,8.699999999999989,Medium,Medium,59251.0,0
M,303.6,312.4,1504,49.5,109,0,0,0,0,0,0,8.799999999999955,Medium,Medium,74448.0,0
L,303.5,312.3,1946,21.1,112,0,0,0,0,0,0,8.800000000000011,Medium,Low,41060.600000000006,0
L,303.5,312.1,1326,55.7,114,0,0,0,0,0,0,8.600000000000023,Medium,High,73858.2,0
M,303.6,312.3,1915,22.3,116,0,0,0,0,0,0,8.699999999999989,Medium,Low,42704.5,0
L,303.6,312.3,1451,43.4,119,0,0,0,0,0,0,8.699999999999989,Medium,Medium,62973.4,0
M,303.5,312.3,1624,34.8,121,0,0,0,0,0,0,8.800000000000011,Medium,Medium,56515.2,0
L,303.6,312.4,1781,28.7,124,0,0,0,0,0,0,8.799999999999955,Medium,Medium,51114.7,0
L,303.6,312.5,1345,54.1,126,0,0,0,0,0,0,8.899999999999977,Medium,High,72764.5,0
L,303.6,312.4,1418,46.0,128,0,0,0,0,0,0,8.799999999999955,Medium,Medium,65228.0,0
L,303.7,312.4,1718,26.5,130,0,0,0,0,0,0,8.699999999999989,Medium,Low,45527.0,0
M,303.7,312.4,1631,28.5,132,0,0,0,0,0,0,8.699999999999989,Medium,Medium,46483.5,0
L,303.7,312.4,1513,40.1,135,0,0,0,0,0,0,8.699999999999989,Medium,Medium,60671.3,0
L,303.7,312.4,1316,59.3,137,0,0,0,0,0,0,8.699999999999989,Medium,High,78038.8,0
M,303.7,312.4,1474,38.8,139,0,0,0,0,0,0,8.699999999999989,Medium,Medium,57191.2,0
L,303.8,312.5,1619,30.9,142,0,0,0,0,0,0,8.699999999999989,Medium,Medium,50027.1,0
L,303.7,312.4,1702,31.2,144,0,0,0,0,0,0,8.699999999999989,Medium,Medium,53102.4,0
M,303.7,312.4,1540,37.4,146,0,0,0,0,0,0,8.699999999999989,Medium,Medium,57596.0,0
M,303.7,312.4,1546,33.7,149,0,0,0,0,0,0,8.699999999999989,Medium,Medium,52100.200000000004,0
L,303.7,312.4,1348,51.0,152,0,0,0,0,0,0,8.699999999999989,Medium,Medium,68748.0,0
H,303.7,312.5,1520,35.6,154,0,0,0,0,0,0,8.800000000000011,Medium,Medium,54112.0,0
M,303.8,312.6,1527,41.9,159,0,0,0,0,0,0,8.800000000000011,Medium,Medium,63981.299999999996,0
M,303.8,312.6,1406,47.1,162,0,0,0,0,0,0,8.800000000000011,Medium,Medium,66222.6,0
L,303.7,312.5,1462,46.2,165,0,0,0,0,0,0,8.800000000000011,Medium,Medium,67544.40000000001,0
M,303.8,312.6,1684,29.3,167,0,0,0,0,0,0,8.800000000000011,Medium,Medium,49341.200000000004,0
H,303.8,312.5,1655,28.0,170,0,0,0,0,0,0,8.699999999999989,High,Low,46340.0,0
H,303.8,312.5,1748,25.1,175,0,0,0,0,0,0,8.699999999999989,High,Low,43874.8,0
L,303.8,312.5,1372,45.7,180,0,0,0,0,0,0,8.699999999999989,High,Medium,62700.4,0
L,303.7,312.5,1481,33.3,182,0,0,0,0,0,0,8.800000000000011,High,Medium,49317.299999999996,0
L,303.7,312.4,1512,39.2,184,0,0,0,0,0,0,8.699999999999989,High,Medium,59270.4,0
L,303.7,312.5,1632,36.6,186,0,0,0,0,0,0,8.800000000000011,High,Medium,59731.200000000004,0
L,303.7,312.4,1525,43.9,188,0,0,0,0,0,0,8.699999999999989,High,Medium,66947.5,0
M,303.7,312.3,1756,26.4,190,0,0,0,0,0,0,8.600000000000023,High,Low,46358.399999999994,0
L,303.7,312.3,1922,23.1,193,0,0,0,0,0,0,8.600000000000023,High,Low,44398.200000000004,0
M,303.8,312.5,1448,44.3,195,0,0,0,0,0,0,8.699999999999989,High,Medium,64146.399999999994,0
H,303.8,312.5,1447,46.6,198,0,0,0,0,0,0,8.699999999999989,High,Medium,67430.2,0
M,303.8,312.4,1597,33.4,203,0,0,0,0,0,0,8.599999999999966,High,Medium,53339.799999999996,1
M,303.7,312.4,1642,32.3,206,0,0,0,0,0,0,8.699999999999989,High,Medium,53036.6,1
H,303.8,312.5,1525,38.0,209,0,0,0,0,0,0,8.699999999999989,High,Medium,57950.0,1
H,303.6,312.4,1460,53.7,214,0,0,0,0,0,0,8.799999999999955,High,High,78402.0,1
L,303.6,312.3,2168,17.7,219,0,0,0,0,0,0,8.699999999999989,High,Low,38373.6,1
L,303.6,312.4,1388,41.9,221,0,0,0,0,0,0,8.799999999999955,High,Medium,58157.2,1
M,303.6,312.3,1630,32.4,223,0,0,0,0,0,0,8.699999999999989,High,Medium,52812.0,1
L,303.6,312.3,1616,29.3,226,0,0,0,0,0,0,8.699999999999989,High,Medium,47348.8,1
L,303.6,312.4,2232,16.8,0,0,0,0,0,0,0,8.799999999999955,Low,Low,37497.6,0
H,303.6,312.4,1480,50.7,2,0,0,0,0,0,0,8.799999999999955,Low,Medium,75036.0,0
L,303.6,312.4,1363,53.1,7,0,0,0,0,0,0,8.799999999999955,Low,High,72375.3,0
H,303.6,312.4,1436,45.6,9,0,0,0,0,0,0,8.799999999999955,Low,Medium,65481.6,0
M,303.6,312.5,1607,33.7,14,0,0,0,0,0,0,8.899999999999977,Low,Medium,54155.9,0
M,303.6,312.5,1459,48.2,17,0,0,0,0,0,0,8.899999999999977,Low,Medium,70323.8,0
L,303.5,312.4,1481,43.7,20,0,0,0,0,0,0,8.899999999999977,Low,Medium,64719.700000000004,0
M,303.5,312.4,1606,31.7,22,0,0,0,0,0,0,8.899999999999977,Low,Medium,50910.2,0
L,303.5,312.3,1681,29.8,25,0,0,0,0,0,0,8.800000000000011,Low,Medium,50093.8,0
L,303.5,312.2,1511,37.1,27,0,0,0,0,0,0,8.699999999999989,Low,Medium,56058.1,0
M,303.5,312.3,1593,35.2,29,0,0,0,0,0,0,8.800000000000011,Low,Medium,56073.600000000006,0
M,303.5,312.3,1532,41.7,32,0,0,0,0,0,0,8.800000000000011,Low,Medium,63884.4,0
H,303.5,312.3,1386,49.0,35,0,0,0,0,0,0,8.800000000000011,Low,Medium,67914.0,0
H,303.4,312.3,1769,27.9,40,0,0,0,0,0,0,8.900000000000034,Low,Low,49355.1,0
M,303.4,312.2,1561,38.2,45,0,0,0,0,0,0,8.800000000000011,Low,Medium,59630.200000000004,0
L,303.3,312.2,1457,40.7,48,0,0,0,0,0,0,8.899999999999977,Low,Medium,59299.9,0
L,303.3,312.2,1506,40.0,50,0,0,0,0,0,0,8.899999999999977,Low,Medium,60240.0,0
L,303.4,312.2,1337,69.4,52,1,0,0,1,0,0,8.800000000000011,Low,High,92787.8,0
L,303.4,312.3,1287,54.8,54,0,0,0,0,0,0,8.900000000000034,Low,High,70527.59999999999,0
M,303.4,312.2,1615,35.7,56,0,0,0,0,0,0,8.800000000000011,Low,Medium,57655.50000000001,0
M,303.4,312.2,1972,23.5,59,0,0,0,0,0,0,8.800000000000011,Low,Low,46342.0,0
H,303.4,312.3,1522,42.1,62,0,0,0,0,0,0,8.900000000000034,Low,Medium,64076.200000000004,0
L,303.4,312.3,1680,30.6,67,0,0,0,0,0,0,8.900000000000034,Low,Medium,51408.0,0
L,303.4,312.3,1502,36.0,69,0,0,0,0,0,0,8.900000000000034,Low,Medium,54072.0,0
M,303.5,312.3,1543,33.3,71,0,0,0,0,0,0,8.800000000000011,Low,Medium,51381.899999999994,0
L,303.5,312.3,1584,35.2,74,0,0,0,0,0,0,8.800000000000011,Low,Medium,55756.8,0
L,303.5,312.4,1340,44.5,76,0,0,0,0,0,0,8.899999999999977,Low,Medium,59630.0,0
L,303.4,312.3,1663,33.9,78,0,0,0,0,0,0,8.900000000000034,Low,Medium,56375.7,0
M,303.3,312.1,1693,30.0,80,0,0,0,0,0,0,8.800000000000011,Low,Medium,50790.0,0
L,303.3,312.1,1418,44.7,83,0,0,0,0,0,0,8.800000000000011,Low,Medium,63384.600000000006,0
H,303.4,312.2,1554,36.8,85,0,0,0,0,0,0,8.800000000000011,Medium,Medium,57187.2,0
L,303.4,312.2,1580,35.8,90,0,0,0,0,0,0,8.800000000000011,Medium,Medium,56563.99999999999,0
L,303.4,312.3,1479,42.8,92,0,0,0,0,0,0,8.900000000000034,Medium,Medium,63301.2,0
L,303.5,312.4,1284,70.6,94,1,0,0,1,0,0,8.899999999999977,Medium,High,90650.4,0
L,303.4,312.3,1540,38.7,96,0,0,0,0,0,0,8.900000000000034,Medium,Medium,59598.00000000001,0
M,303.5,312.4,1606,30.1,98,0,0,0,0,0,0,8.899999999999977,Medium,Medium,48340.600000000006,0
L,303.6,312.5,1286,62.4,101,0,0,0,0,0,0,8.899999999999977,Medium,High,80246.4,0
L,303.6,312.6,1502,39.5,103,0,0,0,0,0,0,9.0,Medium,Medium,59329.0,0
M,303.6,312.7,1699,31.5,105,0,0,0,0,0,0,9.099999999999966,Medium,Medium,53518.5,0
L,303.5,312.6,1602,34.2,108,0,0,0,0,0,0,9.100000000000023,Medium,Medium,54788.4,0
H,303.6,312.6,1436,42.0,110,0,0,0,0,0,0,9.0,Medium,Medium,60312.0,0
M,303.6,312.7,1765,27.5,115,0,0,0,0,0,0,9.099999999999966,Medium,Low,48537.5,0
L,303.6,312.7,1418,44.1,118,0,0,0,0,0,0,9.099999999999966,Medium,Medium,62533.8,0
M,303.7,312.7,1669,31.7,120,0,0,0,0,0,0,9.0,Medium,Medium,52907.299999999996,0
L,303.7,312.7,1395,53.9,123,0,0,0,0,0,0,9.0,Medium,High,75190.5,0
M,303.8,312.7,1500,41.7,125,0,0,0,0,0,0,8.899999999999977,Medium,Medium,62550.00000000001,0
M,303.8,312.7,1555,33.4,128,0,0,0,0,0,0,8.899999999999977,Medium,Medium,51937.0,0
M,303.8,312.7,1919,20.2,131,0,0,0,0,0,0,8.899999999999977,Medium,Low,38763.799999999996,0
L,303.8,312.7,1596,36.6,134,0,0,0,0,0,0,8.899999999999977,Medium,Medium,58413.600000000006,0
M,303.8,312.7,1374,53.6,136,0,0,0,0,0,0,8.899999999999977,Medium,High,73646.40000000001,0
L,303.7,312.5,1670,26.1,139,0,0,0,0,0,0,8.800000000000011,Medium,Low,43587.0,0
L,303.7,312.6,1702,29.1,141,0,0,0,0,0,0,8.900000000000034,Medium,Medium,49528.200000000004,0
M,303.8,312.5,1366,45.1,143,0,0,0,0,0,0,8.699999999999989,Medium,Medium,61606.6,0
M,303.8,312.5,2344,15.2,146,0,0,0,0,0,0,8.699999999999989,Medium,Low,35628.799999999996,0
M,303.8,312.6,1768,23.9,149,0,0,0,0,0,0,8.800000000000011,Medium,Low,42255.2,0
L,303.8,312.5,1523,47.0,152,0,0,0,0,0,0,8.699999999999989,Medium,Medium,71581.0,0
L,303.8,312.6,1735,25.9,154,0,0,0,0,0,0,8.800000000000011,Medium,Low,44936.5,0
L,303.9,312.7,1339,62.3,156,0,0,0,0,0,0,8.800000000000011,Medium,High,83419.7,0
L,303.9,312.7,1800,24.3,158,0,0,0,0,0,0,8.800000000000011,Medium,Low,43740.0,0
M,304.0,312.7,1456,51.2,160,0,0,0,0,0,0,8.699999999999989,Medium,Medium,74547.2,0
L,303.9,312.7,1789,24.4,163,0,0,0,0,0,0,8.800000000000011,Medium,Low,43651.6,0
L,303.9,312.7,1602,33.9,165,0,0,0,0,0,0,8.800000000000011,Medium,Medium,54307.799999999996,0
M,303.8,312.7,1364,49.3,167,0,0,0,0,0,0,8.899999999999977,Medium,Medium,67245.2,0
L,303.8,312.6,1793,28.1,170,0,0,0,0,0,0,8.800000000000011,High,Medium,50383.3,0
L,303.9,312.6,1426,53.4,172,0,0,0,0,0,0,8.700000000000045,High,High,76148.4,0
M,303.9,312.7,1485,43.3,174,0,0,0,0,0,0,8.800000000000011,High,Medium,64300.49999999999,0
L,303.9,312.7,1528,38.4,177,0,0,0,0,0,0,8.800000000000011,High,Medium,58675.2,0
L,303.8,312.6,1565,36.0,179,0,0,0,0,0,0,8.800000000000011,High,Medium,56340.0,0
L,303.8,312.7,1838,27.8,181,0,0,0,0,0,0,8.899999999999977,High,Low,51096.4,0
H,303.8,312.6,1811,24.9,183,0,0,0,0,0,0,8.800000000000011,High,Low,45093.899999999994,0
L,303.8,312.7,1461,38.2,188,0,0,0,0,0,0,8.899999999999977,High,Medium,55810.200000000004,0
L,303.8,312.7,1414,41.7,190,0,0,0,0,0,0,8.899999999999977,High,Medium,58963.8,0
L,303.7,312.7,1426,45.5,192,0,0,0,0,0,0,9.0,High,Medium,64883.0,0
L,303.7,312.7,1359,56.8,194,1,0,0,0,1,0,9.0,High,High,77191.2,0
L,303.7,312.7,1540,44.8,196,0,0,0,0,0,0,9.0,High,Medium,68992.0,0
L,303.6,312.7,1429,47.7,198,0,0,0,0,0,0,9.099999999999966,High,Medium,68163.3,0
M,303.7,312.7,1612,36.3,200,0,0,0,0,0,0,9.0,High,Medium,58515.6,1
M,303.7,312.8,1685,31.8,203,0,0,0,0,0,0,9.100000000000023,High,Medium,53583.0,1
M,303.7,312.8,1558,37.7,206,0,0,0,0,0,0,9.100000000000023,High,Medium,58736.600000000006,1
L,303.7,313.0,1811,24.3,209,0,0,0,0,0,0,9.300000000000011,High,Low,44007.3,1
L,303.8,313.1,1869,25.8,211,0,0,0,0,0,0,9.300000000000011,High,Low,48220.200000000004,1
L,303.8,313.1,1256,58.7,213,1,0,0,0,1,0,9.300000000000011,High,High,73727.2,1
M,303.8,313.0,1789,23.5,215,0,0,0,0,0,0,9.199999999999989,High,Low,42041.5,1
L,303.7,312.9,1502,40.5,0,0,0,0,0,0,0,9.199999999999989,Low,Medium,60831.0,0
M,303.7,313.0,1303,54.4,2,0,0,0,0,0,0,9.300000000000011,Low,High,70883.2,0
L,303.8,313.1,2497,13.0,5,1,0,0,1,0,0,9.300000000000011,Low,Low,32461.0,0
L,303.9,313.2,1499,37.4,7,0,0,0,0,0,0,9.300000000000011,Low,Medium,56062.6,0
L,303.9,313.2,1393,46.5,9,0,0,0,0,0,0,9.300000000000011,Low,Medium,64774.5,0
M,303.9,313.0,1475,41.0,11,0,0,0,0,0,0,9.100000000000023,Low,Medium,60475.0,0
L,303.8,312.9,1573,34.6,14,0,0,0,0,0,0,9.099999999999966,Low,Medium,54425.8,0
L,303.8,312.9,1819,23.7,16,0,0,0,0,0,0,9.099999999999966,Low,Low,43110.299999999996,0
M,303.5,312.6,1642,29.4,18,0,0,0,0,0,0,9.100000000000023,Low,Medium,48274.799999999996,0
L,303.6,312.6,1540,39.8,21,0,0,0,0,0,0,9.0,Low,Medium,61291.99999999999,0
M,303.6,312.8,1400,43.2,23,0,0,0,0,0,0,9.199999999999989,Low,Medium,60480.00000000001,0
M,303.6,312.8,2659,11.4,26,1,0,0,1,0,0,9.199999999999989,Low,Low,30312.600000000002,0
M,303.6,312.8,1825,25.2,29,0,0,0,0,0,0,9.199999999999989,Low,Low,45990.0,0
M,303.7,312.9,1532,41.3,32,0,0,0,0,0,0,9.199999999999989,Low,Medium,63271.6,0
L,303.7,312.8,1832,23.6,35,0,0,0,0,0,0,9.100000000000023,Low,Low,43235.200000000004,0
M,303.6,312.7,2174,17.6,37,0,0,0,0,0,0,9.099999999999966,Low,Low,38262.4,0
L,303.7,312.8,1627,31.7,40,0,0,0,0,0,0,9.100000000000023,Low,Medium,51575.9,0
L,303.7,312.8,1437,51.3,42,0,0,0,0,0,0,9.100000000000023,Low,Medium,73718.09999999999,0
L,303.7,312.8,1364,46.3,44,0,0,0,0,0,0,9.100000000000023,Low,Medium,63153.2,0
M,303.7,312.9,1444,52.7,46,0,0,0,0,0,0,9.199999999999989,Low,High,76098.8,0
M,303.7,312.8,1366,47.3,49,0,0,0,0,0,0,9.100000000000023,Low,Medium,64611.799999999996,0
L,303.8,312.9,1442,48.3,52,0,0,0,0,0,0,9.099999999999966,Low,Medium,69648.59999999999,0
H,303.7,312.8,1488,42.8,54,0,0,0,0,0,0,9.100000000000023,Low,Medium,63686.399999999994,0
L,303.7,312.8,1523,40.7,59,0,0,0,0,0,0,9.100000000000023,Low,Medium,61986.100000000006,0
L,303.7,312.8,1543,38.3,61,0,0,0,0,0,0,9.100000000000023,Low,Medium,59096.899999999994,0
M,303.7,312.8,1634,33.8,63,0,0,0,0,0,0,9.100000000000023,Low,Medium,55229.2,0
M,303.8,312.9,1815,27.8,66,0,0,0,0,0,0,9.099999999999966,Low,Low,50457.0,0
M,303.8,312.9,1594,35.2,69,0,0,0,0,0,0,9.099999999999966,Low,Medium,56108.8,0
L,303.8,313.0,1452,38.6,72,0,0,0,0,0,0,9.199999999999989,Low,Medium,56047.200000000004,0
L,303.9,313.0,1759,28.4,74,0,0,0,0,0,0,9.100000000000023,Low,Medium,49955.6,0
L,303.9,313.0,1408,47.5,76,0,0,0,0,0,0,9.100000000000023,Low,Medium,66880.0,0
L,303.9,313.0,1483,45.0,78,0,0,0,0,0,0,9.100000000000023,Low,Medium,66735.0,0
M,303.9,313.0,1620,36.6,80,0,0,0,0,0,0,9.100000000000023,Low,Medium,59292.0,0
M,304.0,313.1,1466,39.5,83,0,0,0,0,0,0,9.100000000000023,Low,Medium,57907.0,0
L,304.1,313.1,1556,36.3,86,0,0,0,0,0,0,9.0,Medium,Medium,56482.799999999996,0
L,304.0,313.0,1350,61.1,88,0,0,0,0,0,0,9.0,Medium,High,82485.0,0
L,304.0,313.1,1404,47.1,90,0,0,0,0,0,0,9.100000000000023,Medium,Medium,66128.40000000001,0
M,304.0,313.0,1575,34.5,92,0,0,0,0,0,0,9.0,Medium,Medium,54337.5,0
L,303.9,313.1,1639,29.0,95,0,0,0,0,0,0,9.200000000000045,Medium,Medium,47531.0,0
M,303.9,313.1,1473,42.8,97,0,0,0,0,0,0,9.200000000000045,Medium,Medium,63044.399999999994,0
L,303.9,313.2,1481,40.0,100,0,0,0,0,0,0,9.300000000000011,Medium,Medium,59240.0,0
L,304.0,313.3,1294,54.6,102,0,0,0,0,0,0,9.300000000000011,Medium,High,70652.40000000001,0
M,303.9,313.2,1630,29.3,104,0,0,0,0,0,0,9.300000000000011,Medium,Medium,47759.0,0
M,303.9,313.2,1624,39.8,107,0,0,0,0,0,0,9.300000000000011,Medium,Medium,64635.2,0
M,303.9,313.1,1437,48.3,110,0,0,0,0,0,0,9.200000000000045,Medium,Medium,69407.09999999999,0
M,303.8,313.0,1514,45.0,113,0,0,0,0,0,0,9.199999999999989,Medium,Medium,68130.0,0
M,304.0,313.1,1694,31.4,116,0,0,0,0,0,0,9.100000000000023,Medium,Medium,53191.6,0
L,304.0,313.1,1564,50.9,119,0,0,0,0,0,0,9.100000000000023,Medium,Medium,79607.59999999999,0
M,303.9,313.1,1514,41.1,121,0,0,0,0,0,0,9.200000000000045,Medium,Medium,62225.4,0
M,304.0,313.2,1500,40.6,124,0,0,0,0,0,0,9.199999999999989,Medium,Medium,60900.0,0
L,304.0,313.2,1615,37.8,127,0,0,0,0,0,0,9.199999999999989,Medium,Medium,61046.99999999999,0
M,304.1,313.2,1586,41.1,129,0,0,0,0,0,0,9.099999999999966,Medium,Medium,65184.600000000006,0
L,304.1,313.3,1732,28.5,132,0,0,0,0,0,0,9.199999999999989,Medium,Medium,49362.0,0
H,304.1,313.3,1689,32.5,134,0,0,0,0,0,0,9.199999999999989,Medium,Medium,54892.5,0
H,304.1,313.2,1586,34.6,139,0,0,0,0,0,0,9.099999999999966,Medium,Medium,54875.600000000006,0
L,304.0,313.2,1314,47.1,144,0,0,0,0,0,0,9.199999999999989,Medium,Medium,61889.4,0
L,304.1,313.2,1569,35.8,146,0,0,0,0,0,0,9.099999999999966,Medium,Medium,56170.2,0
L,304.1,313.2,1468,39.4,148,0,0,0,0,0,0,9.099999999999966,Medium,Medium,57839.2,0
L,304.1,313.2,1412,47.5,150,0,0,0,0,0,0,9.099999999999966,Medium,Medium,67070.0,0
M,304.1,313.2,1510,46.9,152,0,0,0,0,0,0,9.099999999999966,Medium,Medium,70819.0,0
M,304.1,313.2,1410,42.4,155,0,0,0,0,0,0,9.099999999999966,Medium,Medium,59784.0,0
M,304.1,313.3,1680,29.3,158,0,0,0,0,0,0,9.199999999999989,Medium,Medium,49224.0,0
H,304.0,313.2,1271,68.6,161,1,0,0,1,0,0,9.199999999999989,Medium,High,87190.59999999999,0
H,304.0,313.1,1472,45.5,166,0,0,0,0,0,0,9.100000000000023,Medium,Medium,66976.0,0
H,304.0,313.0,1701,30.4,171,0,0,0,0,0,0,9.0,High,Medium,51710.399999999994,0
L,303.9,313.0,1480,39.9,176,0,0,0,0,0,0,9.100000000000023,High,Medium,59052.0,0
L,303.9,313.0,1433,48.4,178,0,0,0,0,0,0,9.100000000000023,High,Medium,69357.2,0
L,303.8,312.9,1514,34.3,180,0,0,0,0,0,0,9.099999999999966,High,Medium,51930.2,0
L,303.8,312.9,1619,35.7,182,0,0,0,0,0,0,9.099999999999966,High,Medium,57798.3,0
H,303.8,312.9,1378,45.6,184,0,0,0,0,0,0,9.099999999999966,High,Medium,62836.8,0
M,303.9,312.9,1430,53.5,189,0,0,0,0,0,0,9.0,High,High,76505.0,0
L,303.8,312.9,1367,49.9,192,0,0,0,0,0,0,9.099999999999966,High,Medium,68213.3,0
L,303.9,312.9,1526,42.5,194,0,0,0,0,0,0,9.0,High,Medium,64855.0,0
L,303.9,312.8,1419,47.9,196,0,0,0,0,0,0,8.900000000000034,High,Medium,67970.09999999999,0
L,304.0,312.8,1542,42.7,198,0,0,0,0,0,0,8.800000000000011,High,Medium,65843.40000000001,0
L,304.0,312.9,1363,62.5,200,1,0,0,0,1,0,8.899999999999977,High,High,85187.5,1
L,304.0,312.9,1313,53.9,202,0,0,0,0,0,0,8.899999999999977,High,High,70770.7,1
H,304.0,312.9,1495,46.6,0,0,0,0,0,0,0,8.899999999999977,Low,Medium,69667.0,0
L,304.0,313.0,1407,42.1,5,0,0,0,0,0,0,9.0,Low,Medium,59234.700000000004,0
L,304.1,313.0,1566,37.2,7,0,0,0,0,0,0,8.899999999999977,Low,Medium,58255.200000000004,0
L,304.1,313.1,1550,30.9,9,0,0,0,0,0,0,9.0,Low,Medium,47895.0,0
M,304.2,313.2,1396,50.5,11,0,0,0,0,0,0,9.0,Low,Medium,70498.0,0
M,304.3,313.3,1540,39.0,14,0,0,0,0,0,0,9.0,Low,Medium,60060.0,0
M,304.2,313.2,1380,48.7,17,0,0,0,0,0,0,9.0,Low,Medium,67206.0,0
M,304.2,313.1,1608,31.1,20,0,0,0,0,0,0,8.900000000000034,Low,Medium,50008.8,0
H,304.2,313.0,1442,40.9,23,0,0,0,0,0,0,8.800000000000011,Low,Medium,58977.799999999996,0
L,304.1,313.0,1408,45.3,28,0,0,0,0,0,0,8.899999999999977,Low,Medium,63782.399999999994,0
M,304.0,313.0,1454,46.8,30,0,0,0,0,0,0,9.0,Low,Medium,68047.2,0
L,304.1,313.1,1666,34.6,33,0,0,0,0,0,0,9.0,Low,Medium,57643.600000000006,0
L,304.1,313.2,1366,46.6,35,0,0,0,0,0,0,9.099999999999966,Low,Medium,63655.6,0
L,304.2,313.2,1464,44.9,37,0,0,0,0,0,0,9.0,Low,Medium,65733.59999999999,0
L,304.3,313.3,1775,24.9,39,0,0,0,0,0,0,9.0,Low,Low,44197.5,0
M,304.3,313.4,1482,43.8,41,0,0,0,0,0,0,9.099999999999966,Low,Medium,64911.6,0
M,304.2,313.4,1411,54.8,44,0,0,0,0,0,0,9.199999999999989,Low,High,77322.8,0
L,304.2,313.3,1410,51.6,47,0,0,0,0,0,0,9.100000000000023,Low,Medium,72756.0,0
M,304.1,313.3,1494,39.0,49,0,0,0,0,0,0,9.199999999999989,Low,Medium,58266.0,0
H,304.1,313.2,1590,43.4,52,0,0,0,0,0,0,9.099999999999966,Low,Medium,69006.0,0
L,304.1,313.1,1327,54.1,57,0,0,0,0,0,0,9.0,Low,High,71790.7,0
L,304.1,313.1,1969,20.8,59,0,0,0,0,0,0,9.0,Low,Low,40955.200000000004,0
M,304.0,313.0,1377,56.0,61,0,0,0,0,0,0,9.0,Low,High,77112.0,0
L,304.0,313.0,1541,45.9,64,0,0,0,0,0,0,9.0,Low,Medium,70731.9,0
M,304.0,313.0,1685,28.2,66,0,0,0,0,0,0,9.0,Low,Medium,47517.0,0
L,304.0,313.1,1465,41.0,69,0,0,0,0,0,0,9.100000000000023,Low,Medium,60065.0,0
M,303.9,313.1,1483,47.2,71,0,0,0,0,0,0,9.200000000000045,Low,Medium,69997.6,0
M,303.9,313.2,1570,40.7,74,0,0,0,0,0,0,9.300000000000011,Low,Medium,63899.00000000001,0
L,303.9,313.2,1345,48.2,77,0,0,0,0,0,0,9.300000000000011,Low,Medium,64829.00000000001,0
M,303.9,313.2,1608,40.6,79,0,0,0,0,0,0,9.300000000000011,Low,Medium,65284.8,0
M,304.0,313.3,1415,52.8,82,0,0,0,0,0,0,9.300000000000011,Low,High,74712.0,0
M,304.1,313.5,1470,45.8,85,0,0,0,0,0,0,9.399999999999977,Medium,Medium,67326.0,0
M,304.1,313.5,1428,39.9,88,0,0,0,0,0,0,9.399999999999977,Medium,Medium,56977.2,0
H,304.2,313.5,1627,32.2,91,0,0,0,0,0,0,9.300000000000011,Medium,Medium,52389.4,0
L,304.2,313.4,1457,49.4,96,0,0,0,0,0,0,9.199999999999989,Medium,Medium,71975.8,0
L,304.2,313.4,1475,40.2,98,0,0,0,0,0,0,9.199999999999989,Medium,Medium,59295.00000000001,0
L,304.2,313.5,1438,50.1,100,0,0,0,0,0,0,9.300000000000011,Medium,Medium,72043.8,0
M,304.2,313.5,1437,47.2,102,0,0,0,0,0,0,9.300000000000011,Medium,Medium,67826.40000000001,0
M,304.1,313.4,1518,42.4,105,0,0,0,0,0,0,9.299999999999955,Medium,Medium,64363.2,0
M,304.1,313.5,1587,33.6,108,0,0,0,0,0,0,9.399999999999977,Medium,Medium,53323.200000000004,0
L,304.1,313.4,1399,43.7,111,0,0,0,0,0,0,9.299999999999955,Medium,Medium,61136.3,0
L,304.1,313.5,1469,44.6,113,0,0,0,0,0,0,9.399999999999977,Medium,Medium,65517.4,0
L,304.1,313.4,1374,56.6,115,0,0,0,0,0,0,9.299999999999955,Medium,High,77768.40000000001,0
L,304.0,313.3,1519,36.7,117,0,0,0,0,0,0,9.300000000000011,Medium,Medium,55747.3,0
L,303.9,313.2,1540,44.4,119,0,0,0,0,0,0,9.300000000000011,Medium,Medium,68376.0,0
L,303.9,313.3,1394,51.6,121,0,0,0,0,0,0,9.400000000000034,Medium,Medium,71930.40000000001,0
M,304.0,313.4,1389,45.8,123,0,0,0,0,0,0,9.399999999999977,Medium,Medium,63616.2,0
M,304.0,313.5,1732,26.2,126,0,0,0,0,0,0,9.5,Medium,Low,45378.4,0
L,304.1,313.6,1556,37.4,129,0,0,0,0,0,0,9.5,Medium,Medium,58194.399999999994,0
M,304.1,313.6,1441,43.7,131,0,0,0,0,0,0,9.5,Medium,Medium,62971.700000000004,0
L,304.1,313.6,1382,46.7,134,0,0,0,0,0,0,9.5,Medium,Medium,64539.4,0
M,304.2,313.8,1481,44.9,136,0,0,0,0,0,0,9.600000000000023,Medium,Medium,66496.9,0
M,304.2,313.7,2113,18.4,139,0,0,0,0,0,0,9.5,Medium,Low,38879.2,0
L,304.2,313.8,1401,53.9,142,0,0,0,0,0,0,9.600000000000023,Medium,High,75513.9,0
L,304.1,313.6,1611,31.4,144,0,0,0,0,0,0,9.5,Medium,Medium,50585.399999999994,0
M,304.2,313.6,1512,33.4,146,0,0,0,0,0,0,9.400000000000034,Medium,Medium,50500.799999999996,0
L,304.2,313.6,1411,46.0,149,0,0,0,0,0,0,9.400000000000034,Medium,Medium,64906.0,0
M,304.2,313.6,1424,43.7,151,0,0,0,0,0,0,9.400000000000034,Medium,Medium,62228.8,0
L,304.2,313.6,1469,40.0,154,0,0,0,0,0,0,9.400000000000034,Medium,Medium,58760.0,0
H,304.2,313.5,1684,29.8,156,0,0,0,0,0,0,9.300000000000011,Medium,Medium,50183.200000000004,0
M,304.2,313.5,1532,41.3,161,0,0,0,0,0,0,9.300000000000011,Medium,Medium,63271.6,0
M,304.2,313.5,1557,37.3,164,0,0,0,0,0,0,9.300000000000011,Medium,Medium,58076.1,0
M,304.3,313.5,1416,48.1,167,0,0,0,0,0,0,9.199999999999989,Medium,Medium,68109.6,0
L,304.3,313.5,1802,25.4,170,0,0,0,0,0,0,9.199999999999989,High,Low,45770.799999999996,0
M,304.3,313.5,2245,15.1,172,0,0,0,0,0,0,9.199999999999989,High,Low,33899.5,0
L,304.2,313.4,1434,42.5,175,0,0,0,0,0,0,9.199999999999989,High,Medium,60945.0,0
M,304.1,313.3,1725,28.3,177,0,0,0,0,0,0,9.199999999999989,High,Medium,48817.5,0
L,304.2,313.3,1668,35.7,180,0,0,0,0,0,0,9.100000000000023,High,Medium,59547.600000000006,0
L,304.1,313.3,1452,43.9,182,0,0,0,0,0,0,9.199999999999989,High,Medium,63742.799999999996,0
L,304.1,313.3,1415,50.0,184,0,0,0,0,0,0,9.199999999999989,High,Medium,70750.0,0
L,304.1,313.2,1824,25.8,186,0,0,0,0,0,0,9.099999999999966,High,Low,47059.200000000004,0
L,304.1,313.3,1438,45.5,188,0,0,0,0,0,0,9.199999999999989,High,Medium,65429.0,0
L,304.1,313.3,1883,24.5,190,0,0,0,0,0,0,9.199999999999989,High,Low,46133.5,0
L,304.2,313.4,1735,28.9,192,0,0,0,0,0,0,9.199999999999989,High,Medium,50141.5,0
L,304.3,313.5,1464,36.7,194,0,0,0,0,0,0,9.199999999999989,High,Medium,53728.8,0
M,304.3,313.6,1489,40.3,196,0,0,0,0,0,0,9.300000000000011,High,Medium,60006.7,0
M,304.4,313.6,1510,38.9,199,0,0,0,0,0,0,9.200000000000045,High,Medium,58739.0,0
M,304.3,313.6,1585,32.1,202,0,0,0,0,0,0,9.300000000000011,High,Medium,50878.5,1
L,304.4,313.7,1509,35.0,205,1,1,0,0,0,0,9.300000000000011,High,Medium,52815.0,1
L,304.4,313.6,1568,39.1,0,0,0,0,0,0,0,9.200000000000045,Low,Medium,61308.8,0
M,304.3,313.5,1525,42.0,2,0,0,0,0,0,0,9.199999999999989,Low,Medium,64050.0,0
L,304.4,313.7,1607,33.5,5,0,0,0,0,0,0,9.300000000000011,Low,Medium,53834.5,0
L,304.5,313.7,1670,32.9,7,0,0,0,0,0,0,9.199999999999989,Low,Medium,54943.0,0
L,304.4,313.6,1585,38.9,9,0,0,0,0,0,0,9.200000000000045,Low,Medium,61656.5,0
L,304.4,313.6,1569,38.4,11,0,0,0,0,0,0,9.200000000000045,Low,Medium,60249.6,0
L,304.4,313.6,1507,43.1,13,0,0,0,0,0,0,9.200000000000045,Low,Medium,64951.700000000004,0
L,304.3,313.5,1452,41.5,15,0,0,0,0,0,0,9.199999999999989,Low,Medium,60258.0,0
L,304.3,313.5,1590,29.8,17,0,0,0,0,0,0,9.199999999999989,Low,Medium,47382.0,0
L,304.3,313.6,1409,56.0,19,0,0,0,0,0,0,9.300000000000011,Low,High,78904.0,0
L,304.3,313.5,2643,12.7,21,0,0,0,0,0,0,9.199999999999989,Low,Low,33566.1,0
L,304.2,313.4,1644,31.7,23,0,0,0,0,0,0,9.199999999999989,Low,Medium,52114.799999999996,0
L,304.2,313.4,1568,37.6,25,0,0,0,0,0,0,9.199999999999989,Low,Medium,58956.8,0
H,304.2,313.3,1625,37.3,27,0,0,0,0,0,0,9.100000000000023,Low,Medium,60612.49999999999,0
L,304.2,313.4,1482,41.4,32,0,0,0,0,0,0,9.199999999999989,Low,Medium,61354.799999999996,0
H,304.1,313.3,1397,49.6,34,0,0,0,0,0,0,9.199999999999989,Low,Medium,69291.2,0
L,304.1,313.3,1459,50.3,39,0,0,0,0,0,0,9.199999999999989,Low,Medium,73387.7,0
L,304.2,313.4,1490,44.0,41,0,0,0,0,0,0,9.199999999999989,Low,Medium,65560.0,0
L,304.1,313.2,1434,50.1,43,0,0,0,0,0,0,9.099999999999966,Low,Medium,71843.40000000001,0
M,304.1,313.2,2028,18.9,45,0,0,0,0,0,0,9.099999999999966,Low,Low,38329.2,0
L,304.2,313.3,1464,45.9,48,0,0,0,0,0,0,9.100000000000023,Low,Medium,67197.59999999999,0
M,304.2,313.4,1713,23.5,50,0,0,0,0,0,0,9.199999999999989,Low,Low,40255.5,0
M,304.3,313.4,1624,32.1,53,0,0,0,0,0,0,9.099999999999966,Low,Medium,52130.4,0
L,304.2,313.4,1421,43.4,56,0,0,0,0,0,0,9.199999999999989,Low,Medium,61671.4,0
H,304.2,313.5,1546,41.4,58,0,0,0,0,0,0,9.300000000000011,Low,Medium,64004.399999999994,0
L,304.2,313.4,1639,32.7,63,0,0,0,0,0,0,9.199999999999989,Low,Medium,53595.3,0
H,304.1,313.4,1696,29.6,65,0,0,0,0,0,0,9.299999999999955,Low,Medium,50201.600000000006,0
L,304.1,313.3,1470,39.9,70,0,0,0,0,0,0,9.199999999999989,Low,Medium,58653.0,0
M,304.1,313.3,1480,38.4,72,0,0,0,0,0,0,9.199999999999989,Low,Medium,56832.0,0
M,304.2,313.4,1329,54.5,75,0,0,0,0,0,0,9.199999999999989,Low,High,72430.5,0
L,304.2,313.4,1740,28.2,78,0,0,0,0,0,0,9.199999999999989,Low,Medium,49068.0,0
M,304.2,313.5,1739,28.1,80,0,0,0,0,0,0,9.300000000000011,Low,Medium,48865.9,0
M,304.2,313.5,1390,47.8,83,0,0,0,0,0,0,9.300000000000011,Low,Medium,66442.0,0
L,304.2,313.4,1740,23.7,86,0,0,0,0,0,0,9.199999999999989,Medium,Low,41238.0,0
M,304.0,313.3,1844,27.1,88,0,0,0,0,0,0,9.300000000000011,Medium,Low,49972.4,0
H,304.0,313.1,1388,53.2,91,0,0,0,0,0,0,9.100000000000023,Medium,High,73841.6,0
H,304.0,313.2,1517,43.1,96,0,0,0,0,0,0,9.199999999999989,Medium,Medium,65382.700000000004,0
M,304.0,313.1,1450,42.8,101,0,0,0,0,0,0,9.100000000000023,Medium,Medium,62059.99999999999,0
L,304.0,313.2,1584,38.7,104,0,0,0,0,0,0,9.199999999999989,Medium,Medium,61300.8,0
L,304.0,313.1,1720,28.7,106,0,0,0,0,0,0,9.100000000000023,Medium,Medium,49364.0,0
L,303.9,313.1,1586,31.9,108,0,0,0,0,0,0,9.200000000000045,Medium,Medium,50593.399999999994,0
M,303.9,313.0,1901,22.5,110,0,0,0,0,0,0,9.100000000000023,Medium,Low,42772.5,0
L,304.0,313.0,1397,42.4,113,0,0,0,0,0,0,9.0,Medium,Medium,59232.799999999996,0
L,304.0,313.0,2012,21.1,115,0,0,0,0,0,0,9.0,Medium,Low,42453.200000000004,0
L,304.0,313.0,2354,15.0,117,0,0,0,0,0,0,9.0,Medium,Low,35310.0,0
L,304.0,313.1,1648,35.7,119,0,0,0,0,0,0,9.100000000000023,Medium,Medium,58833.600000000006,0
L,304.0,313.2,1632,30.6,121,0,0,0,0,0,0,9.199999999999989,Medium,Medium,49939.200000000004,0
M,304.1,313.2,1427,46.9,123,0,0,0,0,0,0,9.099999999999966,Medium,Medium,66926.3,0
L,304.1,313.2,1452,48.0,126,0,0,0,0,0,0,9.099999999999966,Medium,Medium,69696.0,0
L,304.0,313.2,1416,46.0,128,0,0,0,0,0,0,9.199999999999989,Medium,Medium,65136.0,0
L,303.9,313.1,1310,62.9,130,0,0,0,0,0,0,9.200000000000045,Medium,High,82399.0,0
H,304.0,313.1,1408,39.8,132,0,0,0,0,0,0,9.100000000000023,Medium,Medium,56038.399999999994,0
M,303.9,313.1,1668,34.4,137,0,0,0,0,0,0,9.200000000000045,Medium,Medium,57379.2,0
L,303.9,313.0,1551,36.8,140,0,0,0,0,0,0,9.100000000000023,Medium,Medium,57076.799999999996,0
H,303.9,313.0,1517,36.0,142,0,0,0,0,0,0,9.100000000000023,Medium,Medium,54612.0,0
H,303.8,312.9,1570,35.8,147,0,0,0,0,0,0,9.099999999999966,Medium,Medium,56205.99999999999,0
L,303.8,312.8,1428,53.3,152,0,0,0,0,0,0,9.0,Medium,High,76112.4,0
L,303.8,312.8,1503,40.0,154,0,0,0,0,0,0,9.0,Medium,Medium,60120.0,0
L,303.8,312.8,1416,58.7,156,0,0,0,0,0,0,9.0,Medium,High,83119.2,0
M,303.7,312.7,1396,47.3,158,0,0,0,0,0,0,9.0,Medium,Medium,66030.8,0
L,303.7,312.7,1335,51.1,161,0,0,0,0,0,0,9.0,Medium,Medium,68218.5,0
M,303.7,312.6,1671,30.5,163,0,0,0,0,0,0,8.900000000000034,Medium,Medium,50965.5,0
L,303.7,312.7,1989,22.4,166,0,0,0,0,0,0,9.0,Medium,Low,44553.6,0
L,303.7,312.7,1468,43.3,168,0,0,0,0,0,0,9.0,Medium,Medium,63564.399999999994,0
H,303.7,312.6,1711,27.6,170,0,0,0,0,0,0,8.900000000000034,High,Low,47223.600000000006,0
M,303.8,312.7,1488,41.3,175,0,0,0,0,0,0,8.899999999999977,High,Medium,61454.399999999994,0
L,303.8,312.7,1664,29.3,178,0,0,0,0,0,0,8.899999999999977,High,Medium,48755.200000000004,0
M,303.8,312.7,1507,38.5,180,0,0,0,0,0,0,8.899999999999977,High,Medium,58019.5,0
L,303.7,312.6,1466,42.5,183,0,0,0,0,0,0,8.900000000000034,High,Medium,62305.0,0
L,303.7,312.5,1433,53.6,185,0,0,0,0,0,0,8.800000000000011,High,High,76808.8,0
L,303.7,312.5,1397,45.7,187,0,0,0,0,0,0,8.800000000000011,High,Medium,63842.9,0
M,303.7,312.6,1429,43.3,189,0,0,0,0,0,0,8.900000000000034,High,Medium,61875.7,0
L,303.7,312.7,1572,37.2,192,0,0,0,0,0,0,9.0,High,Medium,58478.4,0
M,303.7,312.7,1532,42.7,194,0,0,0,0,0,0,9.0,High,Medium,65416.4,0
M,303.7,312.7,1316,51.8,197,0,0,0,0,0,0,9.0,High,Medium,68168.8,0
M,303.8,312.8,1420,47.9,200,0,0,0,0,0,0,9.0,High,Medium,68018.0,1
L,303.8,312.9,1589,37.2,203,0,0,0,0,0,0,9.099999999999966,High,Medium,59110.8,1
L,303.8,313.0,1365,59.9,205,1,0,0,0,1,0,9.199999999999989,High,High,81763.5,1
L,303.8,313.0,1633,32.9,207,0,0,0,0,0,0,9.199999999999989,High,Medium,53725.7,1
L,303.9,313.0,1626,31.4,209,0,0,0,0,0,0,9.100000000000023,High,Medium,51056.399999999994,1
L,303.9,313.1,1665,29.6,0,0,0,0,0,0,0,9.200000000000045,Low,Medium,49284.0,0
M,303.9,313.2,1350,47.2,2,0,0,0,0,0,0,9.300000000000011,Low,Medium,63720.00000000001,0
L,303.9,313.2,1590,31.9,5,0,0,0,0,0,0,9.300000000000011,Low,Medium,50721.0,0
M,304.0,313.2,1437,53.9,7,0,0,0,0,0,0,9.199999999999989,Low,High,77454.3,0
L,303.9,313.0,1403,48.3,10,0,0,0,0,0,0,9.100000000000023,Low,Medium,67764.9,0
L,303.9,313.1,1440,41.1,12,0,0,0,0,0,0,9.200000000000045,Low,Medium,59184.0,0
M,303.9,313.1,1343,61.4,14,0,0,0,0,0,0,9.200000000000045,Low,High,82460.2,0
H,303.9,313.1,1790,26.7,17,0,0,0,0,0,0,9.200000000000045,Low,Low,47793.0,0
M,303.8,313.1,2117,18.6,22,0,0,0,0,0,0,9.300000000000011,Low,Low,39376.200000000004,0
L,303.8,313.1,1458,42.2,25,0,0,0,0,0,0,9.300000000000011,Low,Medium,61527.600000000006,0
L,303.6,312.9,1381,57.8,27,0,0,0,0,0,0,9.299999999999955,Low,High,79821.8,0
L,303.6,312.9,1450,45.3,29,0,0,0,0,0,0,9.299999999999955,Low,Medium,65685.0,0
L,303.7,312.9,1461,50.1,31,0,0,0,0,0,0,9.199999999999989,Low,Medium,73196.1,0
M,303.7,312.9,1511,41.0,33,0,0,0,0,0,0,9.199999999999989,Low,Medium,61951.0,0
L,303.8,313.1,1394,45.4,36,0,0,0,0,0,0,9.300000000000011,Low,Medium,63287.6,0
L,303.8,313.0,1499,42.3,38,0,0,0,0,0,0,9.199999999999989,Low,Medium,63407.7,0
L,303.7,313.0,1457,44.1,40,0,0,0,0,0,0,9.300000000000011,Low,Medium,64253.700000000004,0
L,303.7,313.0,1753,29.0,42,0,0,0,0,0,0,9.300000000000011,Low,Medium,50837.0,0
L,303.7,313.0,1694,28.0,44,0,0,0,0,0,0,9.300000000000011,Low,Low,47432.0,0
L,303.7,313.1,1683,28.4,46,0,0,0,0,0,0,9.400000000000034,Low,Medium,47797.2,0
L,303.7,313.1,1496,47.4,48,0,0,0,0,0,0,9.400000000000034,Low,Medium,70910.4,0
L,303.7,313.1,1721,34.8,50,0,0,0,0,0,0,9.400000000000034,Low,Medium,59890.799999999996,0
L,303.6,313.0,1593,31.6,52,0,0,0,0,0,0,9.399999999999977,Low,Medium,50338.8,0
L,303.6,313.0,1575,38.3,54,0,0,0,0,0,0,9.399999999999977,Low,Medium,60322.49999999999,0
L,303.5,313.0,1465,41.0,56,0,0,0,0,0,0,9.5,Low,Medium,60065.0,0
L,303.6,313.1,1405,38.3,58,0,0,0,0,0,0,9.5,Low,Medium,53811.49999999999,0
M,303.5,313.0,1902,21.6,60,0,0,0,0,0,0,9.5,Low,Low,41083.200000000004,0
M,303.4,312.9,1422,39.9,63,0,0,0,0,0,0,9.5,Low,Medium,56737.799999999996,0
L,303.5,312.9,1332,52.9,66,0,0,0,0,0,0,9.399999999999977,Low,High,70462.8,0
M,303.4,312.9,1307,54.3,68,0,0,0,0,0,0,9.5,Low,High,70970.09999999999,0
L,303.5,313.0,1322,59.5,71,0,0,0,0,0,0,9.5,Low,High,78659.0,0
L,303.5,313.0,1547,40.3,73,0,0,0,0,0,0,9.5,Low,Medium,62344.1,0
L,303.5,313.1,1897,23.6,75,0,0,0,0,0,0,9.600000000000023,Low,Low,44769.200000000004,0
M,303.5,313.0,1403,51.9,77,0,0,0,0,0,0,9.5,Low,Medium,72815.7,0
L,303.5,313.0,1393,51.6,80,0,0,0,0,0,0,9.5,Low,Medium,71878.8,0
L,303.5,313.0,1482,38.5,82,0,0,0,0,0,0,9.5,Low,Medium,57057.0,0
M,303.5,312.9,1572,44.7,84,0,0,0,0,0,0,9.399999999999977,Low,Medium,70268.40000000001,0
L,303.5,312.9,1544,36.9,87,0,0,0,0,0,0,9.399999999999977,Medium,Medium,56973.6,0
M,303.5,313.0,1492,46.1,89,0,0,0,0,0,0,9.5,Medium,Medium,68781.2,0
L,303.4,312.8,1513,35.8,92,0,0,0,0,0,0,9.400000000000034,Medium,Medium,54165.399999999994,0
L,303.4,312.8,1449,43.9,94,0,0,0,0,0,0,9.400000000000034,Medium,Medium,63611.1,0
L,303.5,312.8,1877,22.3,96,0,0,0,0,0,0,9.300000000000011,Medium,Low,41857.1,0
L,303.4,312.8,1376,53.4,98,0,0,0,0,0,0,9.400000000000034,Medium,High,73478.4,0
M,303.5,312.9,1883,23.3,100,0,0,0,0,0,0,9.399999999999977,Medium,Low,43873.9,0
M,303.4,312.8,1518,38.7,103,0,0,0,0,0,0,9.400000000000034,Medium,Medium,58746.600000000006,0
M,303.5,312.9,1438,42.8,106,0,0,0,0,0,0,9.399999999999977,Medium,Medium,61546.399999999994,0
L,303.4,312.9,1389,54.1,109,0,0,0,0,0,0,9.5,Medium,High,75144.90000000001,0
L,303.5,312.9,1504,44.8,111,0,0,0,0,0,0,9.399999999999977,Medium,Medium,67379.2,0
L,303.5,312.9,1275,64.4,113,0,0,0,0,0,0,9.399999999999977,Medium,High,82110.0,0
L,303.6,313.0,1534,39.7,115,0,0,0,0,0,0,9.399999999999977,Medium,Medium,60899.8,0
M,303.6,313.0,1396,38.2,117,0,0,0,0,0,0,9.399999999999977,Medium,Medium,53327.200000000004,0
L,303.6,313.1,1395,44.1,120,0,0,0,0,0,0,9.5,Medium,Medium,61519.5,0
L,303.6,313.0,1617,30.9,122,0,0,0,0,0,0,9.399999999999977,Medium,Medium,49965.299999999996,0
L,303.7,313.1,1423,41.2,124,0,0,0,0,0,0,9.400000000000034,Medium,Medium,58627.600000000006,0
L,303.5,313.0,1606,34.0,126,0,0,0,0,0,0,9.5,Medium,Medium,54604.0,0
L,303.5,312.9,1501,44.0,128,0,0,0,0,0,0,9.399999999999977,Medium,Medium,66044.0,0
M,303.5,312.9,1618,30.4,130,0,0,0,0,0,0,9.399999999999977,Medium,Medium,49187.2,0
L,303.6,313.0,1522,35.8,133,0,0,0,0,0,0,9.399999999999977,Medium,Medium,54487.6,0
L,303.6,312.9,1480,41.4,135,0,0,0,0,0,0,9.299999999999955,Medium,Medium,61272.0,0
M,303.7,313.0,1469,39.9,137,0,0,0,0,0,0,9.300000000000011,Medium,Medium,58613.1,0
H,303.8,313.2,1381,52.4,140,0,0,0,0,0,0,9.399999999999977,Medium,High,72364.4,0
L,303.8,313.2,1525,41.9,145,0,0,0,0,0,0,9.399999999999977,Medium,Medium,63897.5,0
M,303.8,313.2,1732,29.6,147,0,0,0,0,0,0,9.399999999999977,Medium,Medium,51267.200000000004,0
L,303.8,313.1,1523,39.8,150,0,0,0,0,0,0,9.300000000000011,Medium,Medium,60615.399999999994,0
L,303.8,313.1,1422,42.4,152,0,0,0,0,0,0,9.300000000000011,Medium,Medium,60292.799999999996,0
H,303.8,313.2,1506,46.9,154,0,0,0,0,0,0,9.399999999999977,Medium,Medium,70631.4,0
L,303.8,313.2,1531,39.4,159,0,0,0,0,0,0,9.399999999999977,Medium,Medium,60321.4,0
M,303.9,313.3,1507,34.3,161,0,0,0,0,0,0,9.400000000000034,Medium,Medium,51690.1,0
L,303.9,313.3,1526,40.7,164,0,0,0,0,0,0,9.400000000000034,Medium,Medium,62108.200000000004,0
L,303.8,313.3,1406,52.1,166,0,0,0,0,0,0,9.5,Medium,Medium,73252.6,0
M,303.9,313.3,1567,35.0,168,0,0,0,0,0,0,9.400000000000034,Medium,Medium,54845.0,0
M,303.9,313.4,1464,49.1,171,0,0,0,0,0,0,9.5,High,Medium,71882.40000000001,0
L,303.9,313.4,1442,48.5,174,0,0,0,0,0,0,9.5,High,Medium,69937.0,0
L,303.8,313.2,1336,47.8,176,0,0,0,0,0,0,9.399999999999977,High,Medium,63860.799999999996,0
H,303.8,313.2,1379,50.2,178,0,0,0,0,0,0,9.399999999999977,High,Medium,69225.8,0
L,303.7,313.1,1406,48.6,183,0,0,0,0,0,0,9.400000000000034,High,Medium,68331.6,0
M,303.7,313.1,2130,18.1,185,0,0,0,0,0,0,9.400000000000034,High,Low,38553.0,0
L,303.7,313.1,1355,49.1,188,0,0,0,0,0,0,9.400000000000034,High,Medium,66530.5,0
M,303.8,313.2,1710,26.5,190,0,0,0,0,0,0,9.399999999999977,High,Low,45315.0,0
L,303.8,313.1,1309,55.8,193,0,0,0,0,0,0,9.300000000000011,High,High,73042.2,0
L,303.9,313.1,1491,37.2,195,0,0,0,0,0,0,9.200000000000045,High,Medium,55465.200000000004,0
L,303.9,313.2,1481,44.1,197,0,0,0,0,0,0,9.300000000000011,High,Medium,65312.1,0
L,303.9,313.1,1425,49.3,199,0,0,0,0,0,0,9.200000000000045,High,Medium,70252.5,0
H,303.9,313.2,1680,29.1,201,0,0,0,0,0,0,9.300000000000011,High,Medium,48888.0,1
H,304.0,313.2,1612,31.7,206,0,0,0,0,0,0,9.199999999999989,High,Medium,51100.4,1
L,304.0,313.3,1530,34.8,211,0,0,0,0,0,0,9.300000000000011,High,Medium,53243.99999999999,1
L,304.0,313.2,1481,42.6,213,0,0,0,0,0,0,9.199999999999989,High,Medium,63090.6,1
M,303.9,313.2,1422,48.0,215,1,1,0,0,0,0,9.300000000000011,High,Medium,68256.0,1
L,303.8,313.0,1427,43.0,0,0,0,0,0,0,0,9.199999999999989,Low,Medium,61361.0,0
H,303.7,312.9,1460,49.8,2,0,0,0,0,0,0,9.199999999999989,Low,Medium,72708.0,0
L,303.6,312.9,1873,23.5,7,0,0,0,0,0,0,9.299999999999955,Low,Low,44015.5,0
M,303.7,312.9,1566,32.6,9,0,0,0,0,0,0,9.199999999999989,Low,Medium,51051.600000000006,0
L,303.6,312.8,1701,30.8,12,0,0,0,0,0,0,9.199999999999989,Low,Medium,52390.8,0
L,303.6,312.8,1710,27.2,14,0,0,0,0,0,0,9.199999999999989,Low,Low,46512.0,0
M,303.6,312.8,1689,33.1,16,0,0,0,0,0,0,9.199999999999989,Low,Medium,55905.9,0
L,303.6,312.7,1637,32.9,19,0,0,0,0,0,0,9.099999999999966,Low,Medium,53857.299999999996,0
L,303.5,312.6,1496,39.0,21,0,0,0,0,0,0,9.100000000000023,Low,Medium,58344.0,0
M,303.5,312.7,1402,47.0,23,0,0,0,0,0,0,9.199999999999989,Low,Medium,65894.0,0
L,303.4,312.7,1363,45.5,26,0,0,0,0,0,0,9.300000000000011,Low,Medium,62016.5,0
M,303.4,312.7,1576,49.9,28,0,0,0,0,0,0,9.300000000000011,Low,Medium,78642.4,0
M,303.4,312.7,1357,55.3,31,0,0,0,0,0,0,9.300000000000011,Low,High,75042.09999999999,0
M,303.4,312.7,1399,48.4,34,0,0,0,0,0,0,9.300000000000011,Low,Medium,67711.59999999999,0
M,303.4,312.8,1526,30.8,37,0,0,0,0,0,0,9.400000000000034,Low,Medium,47000.8,0
L,303.5,312.7,1694,27.3,40,0,0,0,0,0,0,9.199999999999989,Low,Low,46246.200000000004,0
M,303.5,312.7,1420,49.1,42,0,0,0,0,0,0,9.199999999999989,Low,Medium,69722.0,0
M,303.5,312.7,2116,16.7,45,0,0,0,0,0,0,9.199999999999989,Low,Low,35337.2,0
M,303.7,312.9,1406,41.9,48,0,0,0,0,0,0,9.199999999999989,Low,Medium,58911.4,0
L,303.7,313.0,1456,45.5,51,0,0,0,0,0,0,9.300000000000011,Low,Medium,66248.0,0
L,303.6,312.9,1588,31.9,53,0,0,0,0,0,0,9.299999999999955,Low,Medium,50657.2,0
L,303.7,312.8,1448,44.5,55,0,0,0,0,0,0,9.100000000000023,Low,Medium,64436.0,0
H,303.6,312.7,1403,46.2,57,0,0,0,0,0,0,9.099999999999966,Low,Medium,64818.600000000006,0
M,303.5,312.6,1405,51.6,62,0,0,0,0,0,0,9.100000000000023,Low,Medium,72498.0,0
M,303.4,312.6,2706,9.8,65,1,0,0,1,0,0,9.200000000000045,Low,Low,26518.800000000003,0
M,303.3,312.4,1505,38.9,68,0,0,0,0,0,0,9.099999999999966,Low,Medium,58544.5,0
L,303.2,312.4,1663,33.7,71,0,0,0,0,0,0,9.199999999999989,Low,Medium,56043.100000000006,0
M,303.3,312.6,1482,44.4,73,0,0,0,0,0,0,9.300000000000011,Low,Medium,65800.8,0
M,303.3,312.5,1674,32.7,76,0,0,0,0,0,0,9.199999999999989,Low,Medium,54739.8,0
M,303.4,312.7,1594,32.8,79,0,0,0,0,0,0,9.300000000000011,Low,Medium,52283.2,0
L,303.5,312.7,1393,49.3,82,0,0,0,0,0,0,9.199999999999989,Low,Medium,68674.9,0
H,303.5,312.8,1404,55.8,84,0,0,0,0,0,0,9.300000000000011,Low,High,78343.2,0
M,303.5,312.8,1375,45.7,89,0,0,0,0,0,0,9.300000000000011,Medium,Medium,62837.50000000001,0
L,303.5,312.8,1607,38.4,92,0,0,0,0,0,0,9.300000000000011,Medium,Medium,61708.799999999996,0
L,303.4,312.8,1360,50.8,94,0,0,0,0,0,0,9.400000000000034,Medium,Medium,69088.0,0
L,303.5,312.8,1524,39.4,96,0,0,0,0,0,0,9.300000000000011,Medium,Medium,60045.6,0
L,303.4,312.7,1534,35.5,98,0,0,0,0,0,0,9.300000000000011,Medium,Medium,54457.0,0
L,303.3,312.7,1262,63.8,100,0,0,0,0,0,0,9.399999999999977,Medium,High,80515.59999999999,0
L,303.3,312.6,1623,34.6,102,0,0,0,0,0,0,9.300000000000011,Medium,Medium,56155.8,0
M,303.3,312.7,1642,33.6,104,0,0,0,0,0,0,9.399999999999977,Medium,Medium,55171.200000000004,0
M,303.4,312.8,1622,35.1,107,0,0,0,0,0,0,9.400000000000034,Medium,Medium,56932.200000000004,0
M,303.5,312.9,1530,34.5,110,0,0,0,0,0,0,9.399999999999977,Medium,Medium,52785.0,0
M,303.4,312.8,1590,36.3,113,0,0,0,0,0,0,9.400000000000034,Medium,Medium,57716.99999999999,0
L,303.4,312.7,1589,34.0,116,0,0,0,0,0,0,9.300000000000011,Medium,Medium,54026.0,0
L,303.4,312.6,1462,37.5,118,0,0,0,0,0,0,9.200000000000045,Medium,Medium,54825.0,0
H,303.3,312.5,1328,49.8,120,0,0,0,0,0,0,9.199999999999989,Medium,Medium,66134.4,0
H,303.3,312.6,1692,29.0,125,0,0,0,0,0,0,9.300000000000011,Medium,Medium,49068.0,0
L,303.3,312.5,1968,20.6,130,0,0,0,0,0,0,9.199999999999989,Medium,Low,40540.8,0
H,303.3,312.6,1827,24.2,132,0,0,0,0,0,0,9.300000000000011,Medium,Low,44213.4,0
M,303.3,312.6,1397,47.1,137,0,0,0,0,0,0,9.300000000000011,Medium,Medium,65798.7,0
L,303.3,312.6,1463,44.0,140,0,0,0,0,0,0,9.300000000000011,Medium,Medium,64372.0,0
L,303.3,312.7,1643,30.7,142,0,0,0,0,0,0,9.399999999999977,Medium,Medium,50440.1,0
L,303.2,312.6,1281,57.0,144,0,0,0,0,0,0,9.400000000000034,Medium,High,73017.0,0
L,303.2,312.5,1518,39.9,146,0,0,0,0,0,0,9.300000000000011,Medium,Medium,60568.2,0
L,303.2,312.6,1601,35.3,148,0,0,0,0,0,0,9.400000000000034,Medium,Medium,56515.299999999996,0
L,303.1,312.6,1548,36.4,150,0,0,0,0,0,0,9.5,Medium,Medium,56347.2,0
H,303.1,312.6,1404,40.6,152,0,0,0,0,0,0,9.5,Medium,Medium,57002.4,0
M,303.1,312.5,1766,26.7,157,0,0,0,0,0,0,9.399999999999977,Medium,Low,47152.2,0
M,303.1,312.5,1667,30.0,160,0,0,0,0,0,0,9.399999999999977,Medium,Medium,50010.0,0
H,303.0,312.5,1507,37.9,163,0,0,0,0,0,0,9.5,Medium,Medium,57115.299999999996,0
H,303.0,312.4,1627,37.1,168,0,0,0,0,0,0,9.399999999999977,Medium,Medium,60361.700000000004,0
L,302.9,312.3,1435,47.7,173,0,0,0,0,0,0,9.400000000000034,High,Medium,68449.5,0
H,302.9,312.3,1509,46.8,175,0,0,0,0,0,0,9.400000000000034,High,Medium,70621.2,0
M,302.9,312.3,1809,25.0,180,0,0,0,0,0,0,9.400000000000034,High,Low,45225.0,0
L,302.9,312.3,1515,40.8,183,0,0,0,0,0,0,9.400000000000034,High,Medium,61811.99999999999,0
L,302.9,312.3,1530,34.9,185,0,0,0,0,0,0,9.400000000000034,High,Medium,53397.0,0
H,302.8,312.3,1336,57.5,187,0,0,0,0,0,0,9.5,High,High,76820.0,0
L,302.9,312.4,2030,19.1,192,0,0,0,0,0,0,9.5,High,Low,38773.0,0
L,302.9,312.4,1550,36.9,194,0,0,0,0,0,0,9.5,High,Medium,57195.0,0
L,302.9,312.4,1446,41.7,196,0,0,0,0,0,0,9.5,High,Medium,60298.200000000004,0
L,302.8,312.3,1494,37.5,198,0,0,0,0,0,0,9.5,High,Medium,56025.0,0
L,302.8,312.4,1651,27.0,200,0,0,0,0,0,0,9.599999999999966,High,Low,44577.0,1
L,302.9,312.4,1698,33.8,202,0,0,0,0,0,0,9.5,High,Medium,57392.399999999994,1
L,302.8,312.3,1504,40.3,204,0,0,0,0,0,0,9.5,High,Medium,60611.2,1
M,302.9,312.4,1421,46.0,206,0,0,0,0,0,0,9.5,High,Medium,65366.0,1
H,302.9,312.3,1754,26.9,209,0,0,0,0,0,0,9.400000000000034,High,Low,47182.6,1
L,302.9,312.2,1469,42.0,214,0,0,0,0,0,0,9.300000000000011,High,Medium,61698.0,1
L,302.8,312.2,1433,50.0,216,0,0,0,0,0,0,9.399999999999977,High,Medium,71650.0,1
M,302.8,312.3,1432,49.0,218,0,0,0,0,0,0,9.5,High,Medium,70168.0,1
L,302.8,312.3,1366,49.1,221,0,0,0,0,0,0,9.5,High,Medium,67070.6,1
H,302.8,312.3,1483,47.2,223,0,0,0,0,0,0,9.5,High,Medium,69997.6,1
L,302.7,312.2,1572,34.4,228,0,0,0,0,0,0,9.5,High,Medium,54076.799999999996,1
L,302.8,312.2,1481,40.2,230,0,0,0,0,0,0,9.399999999999977,High,Medium,59536.200000000004,1
L,302.8,312.3,1473,42.6,232,0,0,0,0,0,0,9.5,High,Medium,62749.8,1
M,302.8,312.3,1262,70.5,234,1,0,0,1,1,0,9.5,High,High,88971.0,1
L,302.8,312.4,1529,36.8,237,0,0,0,0,0,0,9.599999999999966,High,Medium,56267.2,1
L,302.8,312.4,1523,39.7,239,0,0,0,0,0,0,9.599999999999966,High,Medium,60463.100000000006,1
M,302.8,312.3,1416,42.7,241,0,0,0,0,0,0,9.5,High,Medium,60463.200000000004,1
L,302.9,312.4,1923,23.9,244,0,0,0,0,0,0,9.5,High,Low,45959.7,1
H,302.8,312.4,1411,53.8,246,1,0,0,0,1,0,9.599999999999966,High,High,75911.8,1
L,302.7,312.4,1477,46.3,251,1,0,0,0,1,0,9.699999999999989,High,Medium,68385.09999999999,1
M,302.6,312.3,1454,54.8,253,1,1,0,0,1,0,9.699999999999989,High,High,79679.2,1
L,302.7,312.3,1421,48.5,0,0,0,0,0,0,0,9.600000000000023,Low,Medium,68918.5,0
L,302.7,312.3,1858,25.4,2,0,0,0,0,0,0,9.600000000000023,Low,Low,47193.2,0
H,302.8,312.5,1422,46.1,4,0,0,0,0,0,0,9.699999999999989,Low,Medium,65554.2,0
L,302.7,312.4,1444,48.7,9,0,0,0,0,0,0,9.699999999999989,Low,Medium,70322.8,0
L,302.7,312.4,1360,47.8,11,0,0,0,0,0,0,9.699999999999989,Low,Medium,65007.99999999999,0
L,302.7,312.4,1954,24.8,13,0,0,0,0,0,0,9.699999999999989,Low,Low,48459.200000000004,0
L,302.6,312.4,1628,33.0,15,0,0,0,0,0,0,9.799999999999955,Low,Medium,53724.0,0
L,302.7,312.4,1433,44.2,17,0,0,0,0,0,0,9.699999999999989,Low,Medium,63338.600000000006,0
M,302.7,312.5,1417,51.5,19,0,0,0,0,0,0,9.800000000000011,Low,Medium,72975.5,0
L,302.8,312.6,1462,39.4,22,0,0,0,0,0,0,9.800000000000011,Low,Medium,57602.799999999996,0
L,302.9,312.6,1328,59.9,24,0,0,0,0,0,0,9.700000000000045,Low,High,79547.2,0
H,302.7,312.5,1527,36.4,26,0,0,0,0,0,0,9.800000000000011,Low,Medium,55582.799999999996,0
L,302.6,312.3,1534,34.3,31,0,0,0,0,0,0,9.699999999999989,Low,Medium,52616.2,0
M,302.6,312.4,1410,50.3,33,0,0,0,0,0,0,9.799999999999955,Low,Medium,70923.0,0
L,302.6,312.3,1660,30.3,36,0,0,0,0,0,0,9.699999999999989,Low,Medium,50298.0,0
L,302.6,312.4,1386,45.8,38,0,0,0,0,0,0,9.799999999999955,Low,Medium,63478.799999999996,0
L,302.6,312.4,1398,41.6,40,0,0,0,0,0,0,9.799999999999955,Low,Medium,58156.8,0
L,302.6,312.3,1321,53.4,42,0,0,0,0,0,0,9.699999999999989,Low,High,70541.4,0
L,302.6,312.3,1512,34.2,44,0,0,0,0,0,0,9.699999999999989,Low,Medium,51710.4,0
M,302.6,312.3,1566,36.6,46,0,0,0,0,0,0,9.699999999999989,Low,Medium,57315.600000000006,0
M,302.7,312.4,1422,44.5,49,0,0,0,0,0,0,9.699999999999989,Low,Medium,63279.0,0
L,302.6,312.3,1647,31.8,52,0,0,0,0,0,0,9.699999999999989,Low,Medium,52374.6,0
L,302.6,312.2,1377,45.5,54,0,0,0,0,0,0,9.599999999999966,Low,Medium,62653.5,0
L,302.5,312.2,1775,27.9,56,0,0,0,0,0,0,9.699999999999989,Low,Low,49522.5,0
L,302.6,312.3,1554,42.0,58,0,0,0,0,0,0,9.699999999999989,Low,Medium,65268.0,0
L,302.7,312.4,1423,51.9,60,0,0,0,0,0,0,9.699999999999989,Low,Medium,73853.7,0
L,302.7,312.4,1453,47.3,62,0,0,0,0,0,0,9.699999999999989,Low,Medium,68726.9,0
L,302.8,312.4,1590,34.4,64,0,0,0,0,0,0,9.599999999999966,Low,Medium,54696.0,0
L,302.8,312.5,1694,28.4,66,0,0,0,0,0,0,9.699999999999989,Low,Medium,48109.6,0
L,302.8,312.5,1462,43.4,68,0,0,0,0,0,0,9.699999999999989,Low,Medium,63450.799999999996,0
L,302.8,312.4,1392,46.2,70,0,0,0,0,0,0,9.599999999999966,Low,Medium,64310.4,0
L,302.9,312.5,1550,45.5,72,0,0,0,0,0,0,9.600000000000023,Low,Medium,70525.0,0
L,302.9,312.5,1629,30.4,74,0,0,0,0,0,0,9.600000000000023,Low,Medium,49521.6,0
M,303.0,312.5,1524,42.1,76,0,0,0,0,0,0,9.5,Low,Medium,64160.4,0
M,302.9,312.5,1679,30.9,79,0,0,0,0,0,0,9.600000000000023,Low,Medium,51881.1,0
M,302.9,312.6,1394,46.4,82,0,0,0,0,0,0,9.700000000000045,Low,Medium,64681.6,0
L,302.9,312.5,1683,32.1,85,0,0,0,0,0,0,9.600000000000023,Medium,Medium,54024.3,0
L,303.0,312.5,1626,30.5,87,0,0,0,0,0,0,9.5,Medium,Medium,49593.0,0
H,303.0,312.5,1698,30.0,89,0,0,0,0,0,0,9.5,Medium,Medium,50940.0,0
M,303.0,312.6,1392,42.9,94,0,0,0,0,0,0,9.600000000000023,Medium,Medium,59716.799999999996,0
L,303.1,312.7,1353,51.8,97,0,0,0,0,0,0,9.599999999999966,Medium,Medium,70085.4,0
M,303.0,312.7,1426,46.8,99,0,0,0,0,0,0,9.699999999999989,Medium,Medium,66736.8,0
L,303.0,312.7,2024,19.9,102,0,0,0,0,0,0,9.699999999999989,Medium,Low,40277.6,0
M,303.0,312.8,1648,32.1,104,0,0,0,0,0,0,9.800000000000011,Medium,Medium,52900.8,0
L,303.1,312.9,1511,40.1,107,0,0,0,0,0,0,9.799999999999955,Medium,Medium,60591.1,0
L,303.1,312.8,1465,44.1,109,0,0,0,0,0,0,9.699999999999989,Medium,Medium,64606.5,0
L,303.0,312.7,1551,41.8,111,0,0,0,0,0,0,9.699999999999989,Medium,Medium,64831.799999999996,0
L,303.1,312.8,2329,15.1,113,0,0,0,0,0,0,9.699999999999989,Medium,Low,35167.9,0
H,303.1,312.8,1435,41.9,115,0,0,0,0,0,0,9.699999999999989,Medium,Medium,60126.5,0
L,303.0,312.7,1361,48.8,120,0,0,0,0,0,0,9.699999999999989,Medium,Medium,66416.8,0
M,303.0,312.7,1553,35.8,122,0,0,0,0,0,0,9.699999999999989,Medium,Medium,55597.399999999994,0
L,303.0,312.6,1451,42.1,125,0,0,0,0,0,0,9.600000000000023,Medium,Medium,61087.1,0
L,303.0,312.5,1461,40.2,127,0,0,0,0,0,0,9.5,Medium,Medium,58732.200000000004,0
M,303.1,312.6,1895,23.5,129,0,0,0,0,0,0,9.5,Medium,Low,44532.5,0
M,303.1,312.6,1567,32.9,132,0,0,0,0,0,0,9.5,Medium,Medium,51554.299999999996,0
M,303.0,312.5,1602,33.7,135,0,0,0,0,0,0,9.5,Medium,Medium,53987.4,0
L,303.1,312.6,1514,42.1,138,0,0,0,0,0,0,9.5,Medium,Medium,63739.4,0
L,303.1,312.5,1453,49.1,140,0,0,0,0,0,0,9.399999999999977,Medium,Medium,71342.3,0
M,303.0,312.4,1526,36.1,142,0,0,0,0,0,0,9.399999999999977,Medium,Medium,55088.6,0
M,302.9,312.3,1339,52.1,145,0,0,0,0,0,0,9.400000000000034,Medium,Medium,69761.90000000001,0
L,302.9,312.3,1889,22.8,148,0,0,0,0,0,0,9.400000000000034,Medium,Low,43069.200000000004,0
L,302.9,312.4,1561,34.8,150,0,0,0,0,0,0,9.5,Medium,Medium,54322.799999999996,0
M,302.9,312.4,1659,33.1,152,0,0,0,0,0,0,9.5,Medium,Medium,54912.9,0
L,302.9,312.4,1424,49.5,155,0,0,0,0,0,0,9.5,Medium,Medium,70488.0,0
M,302.9,312.3,1426,44.7,157,0,0,0,0,0,0,9.400000000000034,Medium,Medium,63742.200000000004,0
L,302.9,312.4,1383,51.4,160,0,0,0,0,0,0,9.5,Medium,Medium,71086.2,0
L,302.8,312.3,1764,29.9,162,0,0,0,0,0,0,9.5,Medium,Medium,52743.6,0
M,302.7,312.2,1439,42.5,164,0,0,0,0,0,0,9.5,Medium,Medium,61157.5,0
M,302.7,312.2,1585,35.5,167,0,0,0,0,0,0,9.5,Medium,Medium,56267.5,0
L,302.7,312.3,1346,61.2,170,0,0,0,0,0,1,9.600000000000023,High,High,82375.2,0
L,302.8,312.3,1386,57.8,172,0,0,0,0,0,0,9.5,High,High,80110.8,0
L,302.7,312.2,1369,51.8,174,0,0,0,0,0,0,9.5,High,Medium,70914.2,0
M,302.7,312.1,1378,46.9,176,0,0,0,0,0,0,9.400000000000034,High,Medium,64628.2,0
L,302.7,312.2,1336,46.8,179,0,0,0,0,0,0,9.5,High,Medium,62524.799999999996,0
M,302.6,312.1,1445,42.0,181,0,0,0,0,0,0,9.5,High,Medium,60690.0,0
L,302.7,312.1,1763,26.5,184,0,0,0,0,0,0,9.400000000000034,High,Low,46719.5,0
L,302.7,312.2,1611,34.1,186,0,0,0,0,0,0,9.5,High,Medium,54935.100000000006,0
M,302.7,312.1,1564,32.1,188,0,0,0,0,0,0,9.400000000000034,High,Medium,50204.4,0
H,302.7,312.1,1478,36.0,191,0,0,0,0,0,0,9.400000000000034,High,Medium,53208.0,0
L,302.6,312.0,1781,28.5,196,0,0,0,0,0,0,9.399999999999977,High,Medium,50758.5,0
L,302.6,312.1,1782,26.8,198,0,0,0,0,0,0,9.5,High,Low,47757.6,0
M,302.6,312.1,2000,21.9,200,0,0,0,0,0,0,9.5,High,Low,43800.0,1
M,302.5,312.0,1826,25.3,203,0,0,0,0,0,0,9.5,High,Low,46197.8,1
L,302.6,312.1,1344,51.0,206,0,0,0,0,0,0,9.5,High,Medium,68544.0,1
L,302.6,312.2,1520,43.0,208,0,0,0,0,0,0,9.599999999999966,High,Medium,65360.0,1
M,302.6,312.1,1611,39.9,210,0,0,0,0,0,0,9.5,High,Medium,64278.899999999994,1
L,302.7,312.2,1450,52.1,213,1,0,0,0,1,0,9.5,High,Medium,75545.0,1
L,302.6,312.1,1499,35.0,215,0,0,0,0,0,1,9.5,High,Medium,52465.0,1
L,302.6,312.1,1288,68.5,0,1,0,0,1,0,0,9.5,Low,High,88228.0,0
M,302.7,312.2,1350,58.6,2,0,0,0,0,0,0,9.5,Low,High,79110.0,0
M,302.9,312.4,1334,50.9,5,0,0,0,0,0,0,9.5,Low,Medium,67900.59999999999,0
L,302.8,312.4,1376,57.1,8,0,0,0,0,0,0,9.599999999999966,Low,High,78569.6,0
L,302.8,312.4,1368,49.5,10,0,0,0,0,0,0,9.599999999999966,Low,Medium,67716.0,0
H,302.9,312.5,1357,55.0,12,0,0,0,0,0,1,9.600000000000023,Low,High,74635.0,0
M,302.9,312.5,1924,24.0,17,0,0,0,0,0,0,9.600000000000023,Low,Low,46176.0,0
M,302.9,312.5,1551,40.0,20,0,0,0,0,0,0,9.600000000000023,Low,Medium,62040.0,0
M,302.9,312.5,1903,21.2,23,0,0,0,0,0,0,9.600000000000023,Low,Low,40343.6,0
H,302.9,312.3,1417,48.7,26,0,0,0,0,0,0,9.400000000000034,Low,Medium,69007.90000000001,0
L,302.7,312.1,1601,35.2,31,0,0,0,0,0,0,9.400000000000034,Low,Medium,56355.200000000004,0
L,302.7,312.1,1543,37.5,33,0,0,0,0,0,0,9.400000000000034,Low,Medium,57862.5,0
L,302.6,312.1,1439,52.3,35,0,0,0,0,0,0,9.5,Low,Medium,75259.7,0
H,302.6,312.0,1657,29.3,37,0,0,0,0,0,0,9.399999999999977,Low,Medium,48550.1,0
L,302.8,312.2,1458,51.0,42,0,0,0,0,0,0,9.399999999999977,Low,Medium,74358.0,0
L,302.8,312.2,1746,27.4,44,0,0,0,0,0,0,9.399999999999977,Low,Low,47840.399999999994,0
L,302.9,312.2,1677,30.5,46,0,0,0,0,0,0,9.300000000000011,Low,Medium,51148.5,0
L,302.8,312.1,1520,39.9,48,0,0,0,0,0,0,9.300000000000011,Low,Medium,60648.0,0
L,302.9,312.2,1367,55.1,50,0,0,0,0,0,0,9.300000000000011,Low,High,75321.7,0
L,302.8,312.2,1509,36.5,52,0,0,0,0,0,1,9.399999999999977,Low,Medium,55078.5,0
L,302.8,312.1,1418,51.4,54,0,0,0,0,0,0,9.300000000000011,Low,Medium,72885.2,0
L,302.8,312.1,1958,20.3,56,0,0,0,0,0,0,9.300000000000011,Low,Low,39747.4,0
L,302.8,312.2,1682,30.9,58,0,0,0,0,0,0,9.399999999999977,Low,Medium,51973.799999999996,0
M,302.8,312.2,1452,50.3,60,0,0,0,0,0,0,9.399999999999977,Low,Medium,73035.59999999999,0
L,302.7,312.0,1828,24.0,63,0,0,0,0,0,0,9.300000000000011,Low,Low,43872.0,0
H,302.7,312.0,1484,41.5,65,0,0,0,0,0,0,9.300000000000011,Low,Medium,61586.0,0
L,302.6,312.0,1674,32.2,70,0,0,0,0,0,0,9.399999999999977,Low,Medium,53902.8,0
L,302.6,311.9,1448,49.5,72,0,0,0,0,0,0,9.299999999999955,Low,Medium,71676.0,0
M,302.5,311.8,2023,19.1,74,0,0,0,0,0,0,9.300000000000011,Low,Low,38639.3,0
L,302.5,311.9,1452,47.4,77,0,0,0,0,0,0,9.399999999999977,Low,Medium,68824.8,0
M,302.6,312.0,1496,45.0,79,0,0,0,0,0,0,9.399999999999977,Low,Medium,67320.0,0
L,302.6,311.9,1397,46.9,82,0,0,0,0,0,0,9.299999999999955,Low,Medium,65519.299999999996,0
L,302.6,311.9,1453,39.1,84,0,0,0,0,0,0,9.299999999999955,Low,Medium,56812.3,0
M,302.5,311.9,1524,34.8,86,0,0,0,0,0,0,9.399999999999977,Medium,Medium,53035.2,0
L,302.6,311.9,1633,30.9,89,0,0,0,0,0,0,9.299999999999955,Medium,Medium,50459.7,0
M,302.6,312.0,1363,45.7,91,0,0,0,0,0,0,9.399999999999977,Medium,Medium,62289.100000000006,0
L,302.5,311.9,1520,44.9,94,0,0,0,0,0,0,9.399999999999977,Medium,Medium,68248.0,0
M,302.5,311.9,1532,38.8,96,0,0,0,0,0,0,9.399999999999977,Medium,Medium,59441.6,0
L,302.4,311.8,1384,50.9,99,0,0,0,0,0,0,9.400000000000034,Medium,Medium,70445.59999999999,0
M,302.4,311.8,1539,39.9,101,0,0,0,0,0,0,9.400000000000034,Medium,Medium,61406.1,0
M,302.3,311.8,1355,50.1,104,0,0,0,0,0,0,9.5,Medium,Medium,67885.5,0
M,302.3,311.7,1504,37.3,107,0,0,0,0,0,0,9.399999999999977,Medium,Medium,56099.2,0
L,302.4,311.8,1476,46.6,110,0,0,0,0,0,0,9.400000000000034,Medium,Medium,68781.6,0
L,302.4,311.7,1721,26.9,112,0,0,0,0,0,0,9.300000000000011,Medium,Low,46294.899999999994,0
M,302.3,311.7,1494,37.1,114,0,0,0,0,0,0,9.399999999999977,Medium,Medium,55427.4,0
L,302.3,311.7,1465,43.5,117,0,0,0,0,0,0,9.399999999999977,Medium,Medium,63727.5,0
M,302.3,311.8,1363,54.0,119,1,0,0,0,0,0,9.5,Medium,High,73602.0,0
L,302.4,311.8,1648,30.0,122,0,0,0,0,0,0,9.400000000000034,Medium,Medium,49440.0,0
M,302.3,311.8,1879,23.0,124,0,0,0,0,0,0,9.5,Medium,Low,43217.0,0
H,302.3,311.7,1482,39.0,127,0,0,0,0,0,0,9.399999999999977,Medium,Medium,57798.0,0
L,302.4,311.8,1493,38.4,132,0,0,0,0,0,0,9.400000000000034,Medium,Medium,57331.2,0
L,302.4,311.8,1433,42.2,134,0,0,0,0,0,0,9.400000000000034,Medium,Medium,60472.600000000006,0
L,302.3,311.7,1400,41.6,136,0,0,0,0,0,0,9.399999999999977,Medium,Medium,58240.0,0
L,302.4,311.8,1255,59.0,138,0,0,0,0,0,0,9.400000000000034,Medium,High,74045.0,0
L,302.2,311.7,1471,45.6,140,0,0,0,0,0,0,9.5,Medium,Medium,67077.6,0
H,302.2,311.6,1357,44.2,142,0,0,0,0,0,0,9.400000000000034,Medium,Medium,59979.4,0
L,302.3,311.7,1453,41.2,147,0,0,0,0,0,0,9.399999999999977,Medium,Medium,59863.600000000006,0
M,302.3,311.7,1540,28.9,149,0,0,0,0,0,0,9.399999999999977,Medium,Medium,44506.0,0
L,302.3,311.8,1605,35.2,152,0,0,0,0,0,0,9.5,Medium,Medium,56496.00000000001,0
H,302.3,311.9,1374,52.4,154,0,0,0,0,0,0,9.599999999999966,Medium,High,71997.59999999999,0
M,302.3,311.9,1508,42.3,159,0,0,0,0,0,0,9.599999999999966,Medium,Medium,63788.399999999994,0
H,302.4,311.9,1366,47.3,162,0,0,0,0,0,0,9.5,Medium,Medium,64611.799999999996,0
H,302.5,312.0,1579,35.7,167,0,0,0,0,0,0,9.5,Medium,Medium,56370.3,0
L,302.5,311.9,1306,59.7,172,0,0,0,0,0,1,9.399999999999977,High,High,77968.2,0
M,302.5,312.0,1521,40.2,174,0,0,0,0,0,0,9.5,High,Medium,61144.200000000004,0
L,302.5,312.0,1411,44.2,177,0,0,0,0,0,0,9.5,High,Medium,62366.200000000004,0
H,302.5,312.0,1357,42.0,179,0,0,0,0,0,0,9.5,High,Medium,56994.0,0
M,302.5,312.0,1436,43.5,184,0,0,0,0,0,0,9.5,High,Medium,62466.0,0
L,302.5,311.9,1553,40.1,187,0,0,0,0,0,0,9.399999999999977,High,Medium,62275.3,0
M,302.5,312.0,1451,43.2,189,0,0,0,0,0,0,9.5,High,Medium,62683.200000000004,0
L,302.4,311.9,1541,37.9,192,0,0,0,0,0,0,9.5,High,Medium,58403.899999999994,0
M,302.3,311.7,1341,46.3,194,0,0,0,0,0,0,9.399999999999977,High,Medium,62088.299999999996,0
L,302.3,311.7,1648,32.1,197,0,0,0,0,0,0,9.399999999999977,High,Medium,52900.8,0
M,302.3,311.7,1640,31.5,199,0,0,0,0,0,0,9.399999999999977,High,Medium,51660.0,0
L,302.4,311.8,1416,46.1,202,0,0,0,0,0,0,9.400000000000034,High,Medium,65277.6,1
L,302.4,311.9,1671,29.9,204,0,0,0,0,0,0,9.5,High,Medium,49962.899999999994,1
L,302.4,312.0,1457,45.5,206,0,0,0,0,0,0,9.600000000000023,High,Medium,66293.5,1
M,302.5,312.0,1445,54.8,0,0,0,0,0,0,0,9.5,Low,High,79186.0,0
L,302.5,312.1,1534,38.6,3,0,0,0,0,0,0,9.600000000000023,Low,Medium,59212.4,0
L,302.4,312.0,1508,36.9,5,0,0,0,0,0,0,9.600000000000023,Low,Medium,55645.2,0
M,302.4,312.1,1492,47.7,7,0,0,0,0,0,0,9.700000000000045,Low,Medium,71168.40000000001,0
L,302.4,312.0,1562,37.9,10,0,0,0,0,0,0,9.600000000000023,Low,Medium,59199.799999999996,0
L,302.4,312.0,1545,36.4,12,0,0,0,0,0,0,9.600000000000023,Low,Medium,56238.0,0
L,302.5,312.2,1738,25.3,14,0,0,0,0,0,0,9.699999999999989,Low,Low,43971.4,0
L,302.4,312.0,1305,49.1,16,0,0,0,0,0,0,9.600000000000023,Low,Medium,64075.5,0
H,302.4,312.0,1477,39.7,18,0,0,0,0,0,0,9.600000000000023,Low,Medium,58636.9,0
H,302.4,312.0,1457,43.4,23,0,0,0,0,0,0,9.600000000000023,Low,Medium,63233.799999999996,0
L,302.4,312.1,1455,40.4,28,0,0,0,0,0,0,9.700000000000045,Low,Medium,58782.0,0
L,302.5,312.2,1574,38.7,30,0,0,0,0,0,0,9.699999999999989,Low,Medium,60913.8,0
L,302.6,312.2,1695,27.1,32,0,0,0,0,0,0,9.599999999999966,Low,Low,45934.5,0
M,302.6,312.2,1458,38.8,34,0,0,0,0,0,0,9.599999999999966,Low,Medium,56570.399999999994,0
M,302.5,312.1,1454,47.6,37,0,0,0,0,0,0,9.600000000000023,Low,Medium,69210.40000000001,0
L,302.5,312.0,2052,18.9,40,0,0,0,0,0,0,9.5,Low,Low,38782.799999999996,0
L,302.5,312.0,1673,29.9,42,0,0,0,0,0,0,9.5,Low,Medium,50022.7,0
L,302.4,311.9,1578,29.9,44,0,0,0,0,0,0,9.5,Low,Medium,47182.2,0
M,302.5,312.0,1642,29.1,46,0,0,0,0,0,0,9.5,Low,Medium,47782.200000000004,0
M,302.4,311.8,1557,31.5,49,0,0,0,0,0,0,9.400000000000034,Low,Medium,49045.5,0
L,302.5,311.9,1481,42.9,52,0,0,0,0,0,0,9.399999999999977,Low,Medium,63534.9,0
M,302.5,311.8,1566,37.6,54,0,0,0,0,0,0,9.300000000000011,Low,Medium,58881.600000000006,0
M,302.5,311.9,1298,57.5,57,0,0,0,0,0,0,9.399999999999977,Low,High,74635.0,0
M,302.5,311.9,1340,59.4,60,0,0,0,0,0,0,9.399999999999977,Low,High,79596.0,0
L,302.5,312.0,1574,33.8,63,0,0,0,0,0,0,9.5,Low,Medium,53201.2,0
L,302.5,311.9,1437,46.7,65,0,0,0,0,0,0,9.399999999999977,Low,Medium,67107.90000000001,0
L,302.6,311.9,1354,48.0,67,0,0,0,0,0,0,9.299999999999955,Low,Medium,64992.0,0
L,302.6,311.9,1598,35.5,69,0,0,0,0,0,0,9.299999999999955,Low,Medium,56729.0,0
M,302.7,312.0,1944,21.4,71,0,0,0,0,0,0,9.300000000000011,Low,Low,41601.6,0
M,302.7,312.0,1538,36.7,74,0,0,0,0,0,0,9.300000000000011,Low,Medium,56444.600000000006,0
L,302.7,312.0,1501,37.0,77,0,0,0,0,0,0,9.300000000000011,Low,Medium,55537.0,0
L,302.8,312.1,1441,52.1,79,0,0,0,0,0,0,9.300000000000011,Low,Medium,75076.1,0
M,302.7,312.0,1652,31.0,81,0,0,0,0,0,0,9.300000000000011,Low,Medium,51212.0,0
L,302.8,312.1,1487,36.6,84,0,0,0,0,0,0,9.300000000000011,Low,Medium,54424.200000000004,0
L,302.9,312.2,1605,33.9,86,0,0,0,0,0,0,9.300000000000011,Medium,Medium,54409.5,0
L,302.9,312.1,1334,54.7,88,0,0,0,0,0,0,9.200000000000045,Medium,High,72969.8,0
L,302.9,312.2,1340,57.8,90,0,0,0,0,0,0,9.300000000000011,Medium,High,77452.0,0
L,302.9,312.2,1513,37.8,92,0,0,0,0,0,0,9.300000000000011,Medium,Medium,57191.399999999994,0
L,302.9,312.2,1510,41.4,94,0,0,0,0,0,0,9.300000000000011,Medium,Medium,62514.0,0
L,302.9,312.2,1729,23.6,96,0,0,0,0,0,0,9.300000000000011,Medium,Low,40804.4,0
M,302.9,312.2,1745,25.5,98,0,0,0,0,0,0,9.300000000000011,Medium,Low,44497.5,0
M,303.1,312.3,1623,31.6,101,0,0,0,0,0,0,9.199999999999989,Medium,Medium,51286.8,0
M,303.1,312.4,1378,50.1,104,0,0,0,0,0,0,9.299999999999955,Medium,Medium,69037.8,0
L,303.1,312.4,1407,41.2,107,0,0,0,0,0,0,9.299999999999955,Medium,Medium,57968.4,0
M,303.0,312.3,1674,29.5,109,0,0,0,0,0,0,9.300000000000011,Medium,Medium,49383.0,0
L,303.0,312.3,1486,42.4,112,0,0,0,0,0,0,9.300000000000011,Medium,Medium,63006.4,0
M,303.0,312.3,1483,38.8,114,0,0,0,0,0,0,9.300000000000011,Medium,Medium,57540.399999999994,0
H,303.0,312.2,1624,28.8,117,0,0,0,0,0,0,9.199999999999989,Medium,Medium,46771.200000000004,0
M,303.0,312.2,1257,71.3,122,1,0,0,1,0,0,9.199999999999989,Medium,High,89624.09999999999,0
L,303.0,312.3,1480,41.4,125,0,0,0,0,0,0,9.300000000000011,Medium,Medium,61272.0,0
L,303.1,312.4,1404,61.5,127,1,0,0,1,0,0,9.299999999999955,Medium,High,86346.0,0
M,303.0,312.4,1645,29.6,129,0,0,0,0,0,0,9.399999999999977,Medium,Medium,48692.0,0
L,303.0,312.3,1932,21.9,132,0,0,0,0,0,0,9.300000000000011,Medium,Low,42310.799999999996,0
L,303.0,312.3,1533,38.5,134,0,0,0,0,0,0,9.300000000000011,Medium,Medium,59020.5,0
M,302.9,312.2,1292,54.4,136,0,0,0,0,0,0,9.300000000000011,Medium,High,70284.8,0
L,302.9,312.2,1571,40.6,139,0,0,0,0,0,0,9.300000000000011,Medium,Medium,63782.600000000006,0
L,302.9,312.3,1578,36.3,141,0,0,0,0,0,0,9.400000000000034,Medium,Medium,57281.399999999994,0
M,302.8,312.2,1469,36.9,143,0,0,0,0,0,0,9.399999999999977,Medium,Medium,54206.1,0
L,302.7,312.1,1728,24.4,146,0,0,0,0,0,0,9.400000000000034,Medium,Low,42163.2,0
H,302.7,312.1,1603,32.5,148,0,0,0,0,0,0,9.400000000000034,Medium,Medium,52097.5,0
L,302.7,312.1,1597,39.8,153,0,0,0,0,0,0,9.400000000000034,Medium,Medium,63560.6,0
L,302.7,312.1,1688,32.0,155,0,0,0,0,0,0,9.400000000000034,Medium,Medium,54016.0,0
L,302.7,312.2,1405,51.4,157,0,0,0,0,0,0,9.5,Medium,Medium,72217.0,0
M,302.8,312.2,1615,32.9,159,0,0,0,0,0,0,9.399999999999977,Medium,Medium,53133.5,0
L,302.8,312.2,1515,36.8,162,0,0,0,0,0,0,9.399999999999977,Medium,Medium,55751.99999999999,0
L,302.7,312.2,1376,52.8,164,0,0,0,0,0,0,9.5,Medium,High,72652.8,0
L,302.7,312.2,1447,47.5,166,0,0,0,0,0,0,9.5,Medium,Medium,68732.5,0
M,302.6,312.2,1353,56.5,168,0,0,0,0,0,0,9.599999999999966,Medium,High,76444.5,0
L,302.6,312.1,1502,47.3,171,0,0,0,0,0,0,9.5,High,Medium,71044.59999999999,0
L,302.6,312.0,1447,45.5,173,0,0,0,0,0,0,9.399999999999977,High,Medium,65838.5,0
M,302.5,312.0,1487,46.1,175,0,0,0,0,0,0,9.5,High,Medium,68550.7,0
L,302.6,312.1,1519,38.1,178,0,0,0,0,0,0,9.5,High,Medium,57873.9,0
L,302.6,312.1,1668,28.7,180,0,0,0,0,0,1,9.5,High,Medium,47871.6,0
L,302.6,312.1,1420,51.6,182,0,0,0,0,0,0,9.5,High,Medium,73272.0,0
L,302.6,312.1,1473,37.3,184,0,0,0,0,0,0,9.5,High,Medium,54942.899999999994,0
L,302.5,312.0,1495,38.8,186,0,0,0,0,0,0,9.5,High,Medium,58005.99999999999,0
L,302.5,312.0,1574,42.0,188,0,0,0,0,0,0,9.5,High,Medium,66108.0,0
L,302.5,312.0,1383,51.3,190,0,0,0,0,0,0,9.5,High,Medium,70947.9,0
M,302.5,312.0,1591,29.4,192,0,0,0,0,0,0,9.5,High,Medium,46775.399999999994,0
M,302.4,311.8,1644,37.2,195,0,0,0,0,0,0,9.400000000000034,High,Medium,61156.8,0
H,302.5,311.8,2370,14.7,198,0,0,0,0,0,0,9.300000000000011,High,Low,34839.0,0
L,302.5,311.9,1401,44.9,203,0,0,0,0,0,0,9.399999999999977,High,Medium,62904.9,1
M,302.5,311.9,1414,51.6,205,0,0,0,0,0,0,9.399999999999977,High,Medium,72962.40000000001,1
L,302.5,312.0,1456,46.3,208,0,0,0,0,0,0,9.5,High,Medium,67412.8,1
M,302.5,312.0,1447,45.7,210,0,0,0,0,0,0,9.5,High,Medium,66127.90000000001,1
L,302.4,311.8,1727,26.5,213,0,0,0,0,0,0,9.400000000000034,High,Low,45765.5,1
L,302.4,311.7,1495,36.8,215,0,0,0,0,0,0,9.300000000000011,High,Medium,55015.99999999999,1
L,302.3,311.6,1544,34.3,0,0,0,0,0,0,0,9.300000000000011,Low,Medium,52959.2,0
L,302.3,311.5,1387,47.3,2,0,0,0,0,0,0,9.199999999999989,Low,Medium,65605.09999999999,0
M,302.3,311.5,1316,47.2,4,0,0,0,0,0,0,9.199999999999989,Low,Medium,62115.200000000004,0
L,302.3,311.5,1794,26.1,7,0,0,0,0,0,0,9.199999999999989,Low,Low,46823.4,0
M,302.2,311.4,1372,55.1,9,0,0,0,0,0,0,9.199999999999989,Low,High,75597.2,0
M,302.3,311.5,1674,30.0,12,0,0,0,0,0,0,9.199999999999989,Low,Medium,50220.0,0
L,302.2,311.4,1477,41.7,15,0,0,0,0,0,0,9.199999999999989,Low,Medium,61590.9,0
L,302.2,311.4,1397,53.0,17,0,0,0,0,0,0,9.199999999999989,Low,High,74041.0,0
L,302.2,311.5,1616,34.0,19,0,0,0,0,0,0,9.300000000000011,Low,Medium,54944.0,0
M,302.3,311.5,1530,42.3,21,0,0,0,0,0,0,9.199999999999989,Low,Medium,64718.99999999999,0
M,302.2,311.4,1539,35.1,24,0,0,0,0,0,0,9.199999999999989,Low,Medium,54018.9,0
L,302.3,311.4,1845,21.9,27,0,0,0,0,0,0,9.099999999999966,Low,Low,40405.5,0
L,302.2,311.4,1430,43.1,29,0,0,0,0,0,0,9.199999999999989,Low,Medium,61633.0,0
L,302.2,311.4,2080,19.2,31,0,0,0,0,0,0,9.199999999999989,Low,Low,39936.0,0
M,302.2,311.4,1432,45.3,33,0,0,0,0,0,0,9.199999999999989,Low,Medium,64869.6,0
M,302.2,311.5,1479,39.5,36,0,0,0,0,0,0,9.300000000000011,Low,Medium,58420.5,0
L,302.2,311.5,1424,45.2,39,0,0,0,0,0,0,9.300000000000011,Low,Medium,64364.8,0
H,302.2,311.6,1534,37.2,41,0,0,0,0,0,0,9.400000000000034,Low,Medium,57064.8,0
H,302.1,311.6,1701,26.2,46,0,0,0,0,0,0,9.5,Low,Low,44566.2,0
L,302.2,311.6,1462,50.0,51,0,0,0,0,0,0,9.400000000000034,Low,Medium,73100.0,0
M,302.2,311.7,1393,42.5,53,0,0,0,0,0,0,9.5,Low,Medium,59202.5,0
M,302.3,311.7,1453,42.5,56,0,0,0,0,0,0,9.399999999999977,Low,Medium,61752.5,0
L,302.3,311.8,1565,37.8,59,0,0,0,0,0,0,9.5,Low,Medium,59156.99999999999,0
L,302.3,311.8,1281,51.7,61,0,0,0,0,0,0,9.5,Low,Medium,66227.7,0
M,302.2,311.7,1584,36.2,63,0,0,0,0,0,0,9.5,Low,Medium,57340.8,0
M,302.2,311.7,1466,49.0,66,0,0,0,0,0,0,9.5,Low,Medium,71834.0,0
M,302.2,311.6,1386,50.5,69,0,0,0,0,0,0,9.400000000000034,Low,Medium,69993.0,0
L,302.2,311.6,1383,44.3,72,0,0,0,0,0,0,9.400000000000034,Low,Medium,61266.899999999994,0
H,302.3,311.6,1441,53.9,74,0,0,0,0,0,0,9.300000000000011,Low,High,77669.9,0
M,302.2,311.6,1592,37.7,79,0,0,0,0,0,0,9.400000000000034,Low,Medium,60018.4,0
H,302.2,311.6,1594,36.8,82,0,0,0,0,0,0,9.400000000000034,Low,Medium,58659.2,0
L,302.2,311.5,1482,45.6,87,0,0,0,0,0,0,9.300000000000011,Medium,Medium,67579.2,0
L,302.2,311.6,1658,31.4,89,0,0,0,0,0,0,9.400000000000034,Medium,Medium,52061.2,0
L,302.3,311.7,2170,18.2,91,0,0,0,0,0,0,9.399999999999977,Medium,Low,39494.0,0
M,302.3,311.7,1423,44.6,93,0,0,0,0,0,0,9.399999999999977,Medium,Medium,63465.8,0
L,302.4,311.8,1543,31.1,96,0,0,0,0,0,0,9.400000000000034,Medium,Medium,47987.3,0
L,302.3,311.8,1435,44.8,98,0,0,0,0,0,0,9.5,Medium,Medium,64287.99999999999,0
L,302.4,311.8,1320,56.4,100,0,0,0,0,0,0,9.400000000000034,Medium,High,74448.0,0
M,302.4,311.9,1313,55.7,102,0,0,0,0,0,0,9.5,Medium,High,73134.1,0
M,302.4,311.8,1453,42.1,105,0,0,0,0,0,0,9.400000000000034,Medium,Medium,61171.3,0
L,302.4,311.8,1508,45.7,108,0,0,0,0,0,0,9.400000000000034,Medium,Medium,68915.6,0
L,302.4,311.8,1451,42.0,110,0,0,0,0,0,0,9.400000000000034,Medium,Medium,60942.0,0
H,302.5,311.9,1595,34.6,112,0,0,0,0,0,0,9.399999999999977,Medium,Medium,55187.0,0
L,302.5,311.9,1354,49.4,117,0,0,0,0,0,0,9.399999999999977,Medium,Medium,66887.59999999999,0
L,302.5,311.9,1265,59.8,119,0,0,0,0,0,0,9.399999999999977,Medium,High,75647.0,0
L,302.4,311.9,1867,25.9,121,0,0,0,0,0,0,9.5,Medium,Low,48355.299999999996,0
L,302.5,311.9,1497,41.6,123,0,0,0,0,0,0,9.399999999999977,Medium,Medium,62275.200000000004,0
M,302.5,311.9,1347,54.3,125,0,0,0,0,0,0,9.399999999999977,Medium,High,73142.09999999999,0
L,302.3,311.7,1544,43.2,128,0,0,0,0,0,0,9.399999999999977,Medium,Medium,66700.8,0
H,302.3,311.7,1456,45.4,130,0,0,0,0,0,0,9.399999999999977,Medium,Medium,66102.4,0
L,302.5,311.8,1335,52.7,135,0,0,0,0,0,0,9.300000000000011,Medium,High,70354.5,0
L,302.4,311.9,1452,43.1,137,0,0,0,0,0,0,9.5,Medium,Medium,62581.200000000004,0
L,302.4,311.9,1290,70.0,139,1,0,0,1,0,0,9.5,Medium,High,90300.0,0
L,302.4,311.8,1448,43.4,141,0,0,0,0,0,0,9.400000000000034,Medium,Medium,62843.2,0
L,302.3,311.7,1611,38.6,143,0,0,0,0,0,0,9.399999999999977,Medium,Medium,62184.600000000006,0
L,302.2,311.7,1556,38.6,145,0,0,0,0,0,0,9.5,Medium,Medium,60061.600000000006,0
H,302.2,311.7,1413,46.5,147,0,0,0,0,0,0,9.5,Medium,Medium,65704.5,0
L,302.2,311.6,1545,35.9,152,0,0,0,0,0,0,9.400000000000034,Medium,Medium,55465.5,0
L,302.2,311.7,1330,54.6,154,0,0,0,0,0,0,9.5,Medium,High,72618.0,0
L,302.2,311.9,1596,38.0,156,0,0,0,0,0,0,9.699999999999989,Medium,Medium,60648.0,0
L,302.2,311.8,1618,36.0,158,0,0,0,0,0,0,9.600000000000023,Medium,Medium,58248.0,0
H,302.2,311.9,1597,35.8,160,0,0,0,0,0,0,9.699999999999989,Medium,Medium,57172.6,0
L,302.3,312.0,1354,52.2,165,0,0,0,0,0,0,9.699999999999989,Medium,Medium,70678.8,0
L,302.3,312.0,1746,28.1,167,0,0,0,0,0,0,9.699999999999989,Medium,Medium,49062.600000000006,0
L,302.4,312.0,1621,32.5,169,0,0,0,0,0,0,9.600000000000023,High,Medium,52682.5,0
L,302.3,312.0,1398,43.3,171,0,0,0,0,0,0,9.699999999999989,High,Medium,60533.399999999994,0
L,302.3,311.9,1434,51.9,173,0,0,0,0,0,0,9.599999999999966,High,Medium,74424.59999999999,0
M,302.3,311.8,1443,43.4,175,0,0,0,0,0,0,9.5,High,Medium,62626.2,0
L,302.2,311.7,1488,44.6,178,0,0,0,0,0,0,9.5,High,Medium,66364.8,0
M,302.3,311.8,1475,48.0,180,0,0,0,0,0,0,9.5,High,Medium,70800.0,0
L,302.3,311.8,1433,50.3,183,0,0,0,0,0,0,9.5,High,Medium,72079.9,0
M,302.3,311.8,1557,34.1,185,0,0,0,0,0,0,9.5,High,Medium,53093.700000000004,0
M,302.4,311.9,1398,50.1,188,0,0,0,0,0,0,9.5,High,Medium,70039.8,0
M,302.3,311.8,1559,34.4,191,0,0,0,0,0,0,9.5,High,Medium,53629.6,0
M,302.4,311.9,1422,46.4,194,0,0,0,0,0,0,9.5,High,Medium,65980.8,0
M,302.3,311.8,1463,35.7,197,0,0,0,0,0,0,9.5,High,Medium,52229.100000000006,0
L,302.3,311.7,1793,25.3,200,0,0,0,0,0,0,9.399999999999977,High,Low,45362.9,1
L,302.2,311.6,1872,20.4,202,0,0,0,0,0,0,9.400000000000034,High,Low,38188.799999999996,1
L,302.2,311.7,1412,44.5,204,0,0,0,0,0,0,9.5,High,Medium,62834.0,1
L,302.3,311.8,1487,43.2,206,0,0,0,0,0,0,9.5,High,Medium,64238.4,1
L,302.3,311.8,1369,56.2,208,1,0,0,0,1,0,9.5,High,High,76937.8,1
L,302.4,311.8,1673,30.1,210,0,0,0,0,0,0,9.400000000000034,High,Medium,50357.3,1
M,302.4,311.9,1439,36.6,212,0,0,0,0,0,0,9.5,High,Medium,52667.4,1
L,302.3,311.8,1574,42.8,215,0,0,0,0,0,0,9.5,High,Medium,67367.2,1
L,302.3,311.7,1281,48.8,0,0,0,0,0,0,0,9.399999999999977,Low,Medium,62512.799999999996,0
M,302.2,311.7,1653,31.4,2,0,0,0,0,0,0,9.5,Low,Medium,51904.2,0
M,302.3,311.7,1535,38.3,5,0,0,0,0,0,0,9.399999999999977,Low,Medium,58790.49999999999,0
M,302.3,311.7,1483,40.5,8,0,0,0,0,0,0,9.399999999999977,Low,Medium,60061.5,0
L,302.3,311.7,1414,47.0,11,0,0,0,0,0,0,9.399999999999977,Low,Medium,66458.0,0
M,302.2,311.6,1379,42.9,13,0,0,0,0,0,0,9.400000000000034,Low,Medium,59159.1,0
H,302.2,311.5,1482,42.6,16,0,0,0,0,0,0,9.300000000000011,Low,Medium,63133.200000000004,0
L,302.1,311.5,1987,20.1,21,0,0,0,0,0,0,9.399999999999977,Low,Low,39938.700000000004,0
M,302.1,311.5,1635,31.6,23,0,0,0,0,0,0,9.399999999999977,Low,Medium,51666.0,0
L,302.1,311.5,1533,39.4,26,0,0,0,0,0,0,9.399999999999977,Low,Medium,60400.2,0
M,302.2,311.7,1576,34.0,28,0,0,0,0,0,0,9.5,Low,Medium,53584.0,0
H,302.2,311.8,1330,62.4,31,0,0,0,0,0,0,9.600000000000023,Low,High,82992.0,0
L,302.2,311.8,1981,21.8,36,0,0,0,0,0,0,9.600000000000023,Low,Low,43185.8,0
H,302.3,311.8,1475,42.8,38,0,0,0,0,0,0,9.5,Low,Medium,63129.99999999999,0
H,302.3,311.8,1804,25.0,43,0,0,0,0,0,0,9.5,Low,Low,45100.0,0
L,302.2,311.6,1416,54.1,48,0,0,0,0,0,0,9.400000000000034,Low,High,76605.6,0
L,302.1,311.5,1727,27.7,50,0,0,0,0,0,0,9.399999999999977,Low,Low,47837.9,0
L,302.1,311.4,1391,49.2,52,0,0,0,0,0,0,9.299999999999955,Low,Medium,68437.2,0
M,302.0,311.5,1366,52.3,54,0,0,0,0,0,0,9.5,Low,Medium,71441.8,0
L,301.9,311.3,1366,55.6,57,0,0,0,0,0,0,9.400000000000034,Low,High,75949.6,0
L,301.9,311.3,1501,40.8,59,0,0,0,0,0,0,9.400000000000034,Low,Medium,61240.799999999996,0
L,301.8,311.3,1551,35.8,61,0,0,0,0,0,0,9.5,Low,Medium,55525.799999999996,0
M,301.9,311.3,1522,35.6,63,0,0,0,0,0,0,9.400000000000034,Low,Medium,54183.200000000004,0
L,301.9,311.2,1369,49.8,66,0,0,0,0,0,0,9.300000000000011,Low,Medium,68176.2,0
L,301.8,311.2,1334,52.3,68,0,0,0,0,0,0,9.399999999999977,Low,Medium,69768.2,0
H,301.8,311.2,1451,39.4,70,0,0,0,0,0,0,9.399999999999977,Low,Medium,57169.4,0
L,301.7,311.2,1589,37.9,75,0,0,0,0,0,0,9.5,Low,Medium,60223.1,0
L,301.7,311.3,1708,30.5,77,0,0,0,0,0,0,9.600000000000023,Low,Medium,52094.0,0
M,301.7,311.2,1413,42.6,79,0,0,0,0,0,0,9.5,Low,Medium,60193.8,0
M,301.6,311.2,1415,46.5,82,0,0,0,0,0,0,9.599999999999966,Low,Medium,65797.5,0
L,301.7,311.3,1421,45.9,85,0,0,0,0,0,0,9.600000000000023,Medium,Medium,65223.9,0
L,301.7,311.3,1348,51.0,87,0,0,0,0,0,0,9.600000000000023,Medium,Medium,68748.0,0
L,301.6,311.2,1408,42.9,89,0,0,0,0,0,0,9.599999999999966,Medium,Medium,60403.2,0
L,301.6,311.2,1525,43.7,91,0,0,0,0,0,0,9.599999999999966,Medium,Medium,66642.5,0
L,301.6,311.3,1706,29.9,93,0,0,0,0,0,0,9.699999999999989,Medium,Medium,51009.399999999994,0
H,301.6,311.2,1395,46.8,95,0,0,0,0,0,0,9.599999999999966,Medium,Medium,65285.99999999999,0
L,301.5,311.1,1602,34.3,100,0,0,0,0,0,0,9.600000000000023,Medium,Medium,54948.6,0
L,301.6,311.1,1907,21.5,102,0,0,0,0,0,0,9.5,Medium,Low,41000.5,0
L,301.6,311.1,1325,49.2,104,0,0,0,0,0,0,9.5,Medium,Medium,65190.00000000001,0
L,301.6,311.1,1408,44.4,106,0,0,0,0,0,0,9.5,Medium,Medium,62515.2,0
M,301.7,311.1,1489,41.4,108,0,0,0,0,0,0,9.400000000000034,Medium,Medium,61644.6,0
L,301.6,311.1,1680,29.2,111,0,0,0,0,0,0,9.5,Medium,Medium,49056.0,0
L,301.7,311.2,1517,42.4,113,0,0,0,0,0,0,9.5,Medium,Medium,64320.799999999996,0
M,301.7,311.1,1618,36.7,115,0,0,0,0,0,0,9.400000000000034,Medium,Medium,59380.600000000006,0
L,301.7,311.1,1455,39.8,118,0,0,0,0,0,0,9.400000000000034,Medium,Medium,57908.99999999999,0
H,301.8,311.1,1543,36.4,120,0,0,0,0,0,0,9.300000000000011,Medium,Medium,56165.2,0
M,301.8,311.1,1399,41.8,125,0,0,0,0,0,0,9.300000000000011,Medium,Medium,58478.2,0
L,301.7,311.1,1469,37.2,128,0,0,0,0,0,0,9.400000000000034,Medium,Medium,54646.8,0
L,301.7,311.2,1521,36.7,130,0,0,0,0,0,0,9.5,Medium,Medium,55820.700000000004,0
L,301.7,311.3,1584,38.8,132,0,0,0,0,0,0,9.600000000000023,Medium,Medium,61459.2,0
L,301.8,311.5,1443,43.3,134,0,0,0,0,0,0,9.699999999999989,Medium,Medium,62481.899999999994,0
M,301.8,311.5,1416,49.0,136,0,0,0,0,0,0,9.699999999999989,Medium,Medium,69384.0,0
M,301.7,311.2,1563,34.5,139,0,0,0,0,0,0,9.5,Medium,Medium,53923.5,0
M,301.8,311.3,1542,40.1,142,0,0,0,0,0,0,9.5,Medium,Medium,61834.200000000004,0
M,301.8,311.3,1624,31.6,145,0,0,0,0,0,0,9.5,Medium,Medium,51318.4,0
L,301.8,311.3,1471,44.2,148,0,0,0,0,0,0,9.5,Medium,Medium,65018.200000000004,0
M,301.9,311.5,1492,40.8,150,0,0,0,0,0,0,9.600000000000023,Medium,Medium,60873.6,0
M,301.9,311.4,1465,39.9,153,0,0,0,0,0,0,9.5,Medium,Medium,58453.5,0
L,301.7,311.1,1399,55.1,156,0,0,0,0,0,0,9.400000000000034,Medium,High,77084.90000000001,0
L,301.6,311.0,1431,42.6,158,0,0,0,0,0,0,9.399999999999977,Medium,Medium,60960.6,0
L,301.5,310.9,1600,39.0,160,0,0,0,0,0,0,9.399999999999977,Medium,Medium,62400.0,0
L,301.5,310.8,1593,34.5,162,0,0,0,0,0,0,9.300000000000011,Medium,Medium,54958.5,0
L,301.5,310.9,1469,44.7,164,0,0,0,0,0,0,9.399999999999977,Medium,Medium,65664.3,0
L,301.5,310.8,1413,44.6,166,0,0,0,0,0,0,9.300000000000011,Medium,Medium,63019.8,0
L,301.4,310.8,1490,38.0,168,0,0,0,0,0,0,9.400000000000034,Medium,Medium,56620.0,0
L,301.5,310.9,1671,31.1,170,0,0,0,0,0,0,9.399999999999977,High,Medium,51968.100000000006,0
L,301.5,310.9,1365,46.5,172,0,0,0,0,0,0,9.399999999999977,High,Medium,63472.5,0
M,301.4,310.9,1557,39.3,174,0,0,0,0,0,0,9.5,High,Medium,61190.1,0
L,301.4,310.9,1440,45.4,177,0,0,0,0,0,0,9.5,High,Medium,65376.0,0
M,301.4,310.9,1489,38.9,179,0,0,0,0,0,0,9.5,High,Medium,57922.1,0
L,301.4,311.0,1733,25.7,182,0,0,0,0,0,0,9.600000000000023,High,Low,44538.1,0
H,301.3,311.0,1580,36.6,184,0,0,0,0,0,0,9.699999999999989,High,Medium,57828.0,0
L,301.3,311.0,1856,21.9,189,0,0,0,0,0,0,9.699999999999989,High,Low,40646.399999999994,0
L,301.3,311.1,1454,40.3,191,0,0,0,0,0,0,9.800000000000011,High,Medium,58596.2,0
L,301.4,311.1,1495,36.3,193,0,0,0,0,0,0,9.700000000000045,High,Medium,54268.49999999999,0
L,301.2,311.0,1761,29.1,195,0,0,0,0,0,0,9.800000000000011,High,Medium,51245.100000000006,0
M,301.3,311.0,1402,47.5,197,0,0,0,0,0,0,9.699999999999989,High,Medium,66595.0,0
L,301.2,311.0,1670,33.0,200,0,0,0,0,0,0,9.800000000000011,High,Medium,55110.0,1
L,301.3,311.0,1582,35.6,202,0,0,0,0,0,0,9.699999999999989,High,Medium,56319.200000000004,1
L,301.3,311.0,1542,35.1,204,0,0,0,0,0,0,9.699999999999989,High,Medium,54124.200000000004,1
L,301.3,311.0,1539,36.9,206,0,0,0,0,0,0,9.699999999999989,High,Medium,56789.1,1
L,301.3,311.0,1418,41.9,208,0,0,0,0,0,0,9.699999999999989,High,Medium,59414.2,1
L,301.3,311.1,1723,27.6,210,0,0,0,0,0,0,9.800000000000011,High,Low,47554.8,1
L,301.3,311.1,1303,49.2,212,0,0,0,0,0,0,9.800000000000011,High,Medium,64107.600000000006,1
M,301.3,311.0,1463,50.2,214,0,0,0,0,0,0,9.699999999999989,High,Medium,73442.6,1
L,301.2,311.0,1544,39.3,217,0,0,0,0,0,0,9.800000000000011,High,Medium,60679.2,1
L,301.2,311.0,1596,37.2,219,0,0,0,0,0,0,9.800000000000011,High,Medium,59371.200000000004,1
L,301.3,311.1,1413,42.0,221,0,0,0,0,0,0,9.800000000000011,High,Medium,59346.0,1
M,301.3,311.1,1492,41.2,223,0,0,0,0,0,0,9.800000000000011,High,Medium,61470.4,1
L,301.3,311.1,1624,40.9,0,0,0,0,0,0,0,9.800000000000011,Low,Medium,66421.59999999999,0
L,301.3,311.1,1504,39.1,2,0,0,0,0,0,0,9.800000000000011,Low,Medium,58806.4,0
M,301.2,311.1,1574,34.3,4,0,0,0,0,0,0,9.900000000000034,Low,Medium,53988.2,0
M,301.3,311.2,1438,42.4,7,0,0,0,0,0,0,9.899999999999977,Low,Medium,60971.2,0
L,301.3,311.3,1474,50.7,10,0,0,0,0,0,0,10.0,Low,Medium,74731.8,0
L,301.3,311.2,1675,32.1,12,0,0,0,0,0,0,9.899999999999977,Low,Medium,53767.5,0
L,301.3,311.2,1457,44.5,14,0,0,0,0,0,0,9.899999999999977,Low,Medium,64836.5,0
L,301.3,311.3,1434,49.8,16,0,0,0,0,0,0,10.0,Low,Medium,71413.2,0
L,301.3,311.2,1668,30.1,18,0,0,0,0,0,0,9.899999999999977,Low,Medium,50206.8,0
L,301.2,311.1,1550,39.7,20,0,0,0,0,0,0,9.900000000000034,Low,Medium,61535.00000000001,0
M,301.3,311.1,1834,25.4,22,0,0,0,0,0,0,9.800000000000011,Low,Low,46583.6,0
M,301.4,311.2,1476,36.5,25,0,0,0,0,0,0,9.800000000000011,Low,Medium,53874.0,0
M,301.4,311.2,1541,36.3,28,0,0,0,0,0,0,9.800000000000011,Low,Medium,55938.299999999996,0
M,301.3,311.1,1581,30.9,31,0,0,0,0,0,0,9.800000000000011,Low,Medium,48852.899999999994,0
M,301.3,311.1,1678,30.7,34,0,0,0,0,0,0,9.800000000000011,Low,Medium,51514.6,0
L,301.4,311.2,1355,50.6,37,0,0,0,0,0,0,9.800000000000011,Low,Medium,68563.0,0
L,301.5,311.2,1700,28.8,39,0,0,0,0,0,0,9.699999999999989,Low,Medium,48960.0,0
L,301.4,311.1,1462,37.1,41,0,0,0,0,0,0,9.700000000000045,Low,Medium,54240.200000000004,0
M,301.4,311.2,1727,26.5,43,0,0,0,0,0,0,9.800000000000011,Low,Low,45765.5,0
L,301.4,311.3,1674,33.3,46,0,0,0,0,0,0,9.900000000000034,Low,Medium,55744.2,0
L,301.4,311.3,1397,42.3,48,0,0,0,0,0,0,9.900000000000034,Low,Medium,59093.1,0
L,301.4,311.3,2323,15.9,50,0,0,0,0,0,0,9.900000000000034,Low,Low,36935.700000000004,0
M,301.4,311.2,1434,47.6,52,0,0,0,0,0,0,9.800000000000011,Low,Medium,68258.40000000001,0
L,301.3,311.1,1560,35.3,55,0,0,0,0,0,0,9.800000000000011,Low,Medium,55067.99999999999,0
L,301.2,311.0,1573,32.8,57,0,0,0,0,0,0,9.800000000000011,Low,Medium,51594.399999999994,0
H,301.2,310.9,1798,22.3,59,0,0,0,0,0,0,9.699999999999989,Low,Low,40095.4,0
L,301.2,311.0,1567,35.1,64,0,0,0,0,0,0,9.800000000000011,Low,Medium,55001.700000000004,0
L,301.2,310.9,1416,53.3,66,0,0,0,0,0,0,9.699999999999989,Low,High,75472.8,0
M,301.2,310.9,1424,45.2,68,0,0,0,0,0,0,9.699999999999989,Low,Medium,64364.8,0
H,301.2,310.9,1598,35.9,71,0,0,0,0,0,0,9.699999999999989,Low,Medium,57368.2,0
L,301.3,310.9,1760,23.9,76,0,0,0,0,0,0,9.599999999999966,Low,Low,42064.0,0
L,301.3,311.0,1348,44.5,78,0,0,0,0,0,0,9.699999999999989,Low,Medium,59986.0,0
L,301.3,311.0,1542,33.6,80,0,0,0,0,0,0,9.699999999999989,Low,Medium,51811.200000000004,0
L,301.3,310.9,1566,33.1,82,0,0,0,0,0,0,9.599999999999966,Low,Medium,51834.600000000006,0
L,301.3,311.0,1554,47.7,84,0,0,0,0,0,0,9.699999999999989,Low,Medium,74125.8,0
L,301.4,311.0,1470,40.6,86,0,0,0,0,0,0,9.600000000000023,Medium,Medium,59682.0,0
M,301.4,311.1,1758,25.4,88,0,0,0,0,0,0,9.700000000000045,Medium,Low,44653.2,0
M,301.4,311.0,1486,36.5,91,0,0,0,0,0,0,9.600000000000023,Medium,Medium,54239.0,0
M,301.5,311.1,1402,40.0,94,0,0,0,0,0,0,9.600000000000023,Medium,Medium,56080.0,0
L,301.5,311.1,1459,45.1,97,0,0,0,0,0,0,9.600000000000023,Medium,Medium,65800.90000000001,0
L,301.5,311.0,1494,45.3,99,0,0,0,0,0,0,9.5,Medium,Medium,67678.2,0
L,301.5,311.1,1731,27.9,101,0,0,0,0,0,0,9.600000000000023,Medium,Low,48294.899999999994,0
L,301.5,311.1,2076,18.7,103,0,0,0,0,0,0,9.600000000000023,Medium,Low,38821.2,0
L,301.5,311.1,2055,16.8,105,0,0,0,0,0,0,9.600000000000023,Medium,Low,34524.0,0
L,301.5,311.1,1469,49.5,107,0,0,0,0,0,0,9.600000000000023,Medium,Medium,72715.5,0
M,301.5,311.0,1504,42.6,109,0,0,0,0,0,0,9.5,Medium,Medium,64070.4,0
M,301.5,311.1,1396,43.5,112,0,0,0,0,0,0,9.600000000000023,Medium,Medium,60726.0,0
M,301.5,311.1,1660,33.8,115,0,0,0,0,0,0,9.600000000000023,Medium,Medium,56107.99999999999,0
M,301.5,311.0,1577,39.7,118,0,0,0,0,0,0,9.5,Medium,Medium,62606.9,0
L,301.5,311.1,1426,52.1,121,0,0,0,0,0,0,9.600000000000023,Medium,Medium,74294.6,0
L,301.5,311.1,1458,41.4,123,0,0,0,0,0,0,9.600000000000023,Medium,Medium,60361.2,0
L,301.4,311.0,1533,45.8,125,0,0,0,0,0,0,9.600000000000023,Medium,Medium,70211.4,0
L,301.4,311.0,1701,28.4,127,0,0,0,0,0,0,9.600000000000023,Medium,Medium,48308.399999999994,0
L,301.5,311.1,1434,49.6,129,0,0,0,0,0,0,9.600000000000023,Medium,Medium,71126.40000000001,0
L,301.4,311.1,1952,22.7,131,0,0,0,0,0,0,9.700000000000045,Medium,Low,44310.4,0
L,301.4,311.1,1469,36.9,133,0,0,0,0,0,0,9.700000000000045,Medium,Medium,54206.1,0
L,301.4,311.1,1800,26.0,135,0,0,0,0,0,0,9.700000000000045,Medium,Low,46800.0,0
M,301.3,311.1,1438,43.0,137,0,0,0,0,0,0,9.800000000000011,Medium,Medium,61834.0,0
L,301.3,311.1,1647,28.2,140,0,0,0,0,0,0,9.800000000000011,Medium,Medium,46445.4,0
L,301.4,311.1,1494,41.9,142,0,0,0,0,0,0,9.700000000000045,Medium,Medium,62598.6,0
H,301.4,311.1,1445,41.4,144,0,0,0,0,0,0,9.700000000000045,Medium,Medium,59823.0,0
M,301.5,311.1,1507,38.6,149,0,0,0,0,0,0,9.600000000000023,Medium,Medium,58170.200000000004,0
M,301.4,311.0,1234,55.8,152,0,0,0,0,0,0,9.600000000000023,Medium,High,68857.2,0
L,301.4,311.0,1634,32.6,155,0,0,0,0,0,0,9.600000000000023,Medium,Medium,53268.4,0
L,301.4,311.0,1334,53.3,157,0,0,0,0,0,0,9.600000000000023,Medium,High,71102.2,0
L,301.4,311.1,1472,44.5,159,0,0,0,0,0,0,9.700000000000045,Medium,Medium,65504.0,0
M,301.3,311.0,1410,52.7,161,0,0,0,0,0,0,9.699999999999989,Medium,High,74307.0,0
L,301.2,310.9,1597,37.9,164,0,0,0,0,0,0,9.699999999999989,Medium,Medium,60526.299999999996,0
M,301.2,310.9,1460,46.7,166,0,0,0,0,0,0,9.699999999999989,Medium,Medium,68182.0,0
L,301.1,310.8,1274,55.7,169,0,0,0,0,0,0,9.699999999999989,High,High,70961.8,0
M,301.0,310.7,1517,40.2,171,0,0,0,0,0,0,9.699999999999989,High,Medium,60983.4,0
L,301.0,310.7,1300,57.2,174,0,0,0,0,0,0,9.699999999999989,High,High,74360.0,0
H,300.9,310.6,1686,27.7,176,0,0,0,0,0,0,9.700000000000045,High,Low,46702.2,0
M,300.9,310.7,1485,41.0,181,0,0,0,0,0,0,9.800000000000011,High,Medium,60885.0,0
L,301.0,310.7,1464,45.8,184,0,0,0,0,0,0,9.699999999999989,High,Medium,67051.2,0
L,300.9,310.6,1598,35.4,186,0,0,0,0,0,0,9.700000000000045,High,Medium,56569.2,0
L,300.9,310.5,1894,21.9,188,0,0,0,0,0,0,9.600000000000023,High,Low,41478.6,0
M,300.8,310.5,1330,59.0,190,0,0,0,0,0,0,9.699999999999989,High,High,78470.0,0
H,300.8,310.5,1582,31.1,193,0,0,0,0,0,0,9.699999999999989,High,Medium,49200.200000000004,0
L,300.7,310.3,1533,35.6,198,0,0,0,0,0,0,9.600000000000023,High,Medium,54574.8,0
H,300.8,310.4,1419,46.4,200,0,0,0,0,0,0,9.599999999999966,High,Medium,65841.59999999999,1
M,300.8,310.3,1526,36.3,205,0,0,0,0,0,0,9.5,High,Medium,55393.799999999996,1
H,300.7,310.2,1364,65.3,208,1,1,0,1,1,0,9.5,High,High,89069.2,1
M,300.8,310.3,1458,43.4,0,0,0,0,0,0,0,9.5,Low,Medium,63277.2,0
M,300.8,310.4,1288,64.0,3,0,0,0,0,0,0,9.599999999999966,Low,High,82432.0,0
M,300.7,310.3,1659,29.8,6,0,0,0,0,0,0,9.600000000000023,Low,Medium,49438.200000000004,0
H,300.7,310.2,1479,52.3,9,0,0,0,0,0,0,9.5,Low,Medium,77351.7,0
L,300.7,310.3,1592,36.0,14,0,0,0,0,0,0,9.600000000000023,Low,Medium,57312.0,0
M,300.6,310.2,1532,38.7,16,0,0,0,0,0,0,9.599999999999966,Low,Medium,59288.4,0
L,300.6,310.2,1555,41.9,19,0,0,0,0,0,0,9.599999999999966,Low,Medium,65154.5,0
L,300.6,310.2,1341,52.6,21,0,0,0,0,0,0,9.599999999999966,Low,High,70536.6,0
L,300.6,310.1,1541,42.0,23,0,0,0,0,0,0,9.5,Low,Medium,64722.0,0
L,300.6,310.3,1414,50.6,25,0,0,0,0,0,0,9.699999999999989,Low,Medium,71548.40000000001,0
L,300.5,310.2,1764,25.9,27,0,0,0,0,0,0,9.699999999999989,Low,Low,45687.6,0
L,300.5,310.3,1336,57.1,29,0,0,0,0,0,0,9.800000000000011,Low,High,76285.6,0
L,300.5,310.3,1435,43.3,31,0,0,0,0,0,0,9.800000000000011,Low,Medium,62135.49999999999,0
M,300.4,310.3,1537,35.0,33,0,0,0,0,0,0,9.900000000000034,Low,Medium,53795.0,0
L,300.3,310.2,1369,48.8,36,0,0,0,0,0,0,9.899999999999977,Low,Medium,66807.2,0
M,300.2,310.1,1619,31.3,38,0,0,0,0,0,0,9.900000000000034,Low,Medium,50674.700000000004,0
L,300.2,310.1,1440,51.1,41,0,0,0,0,0,0,9.900000000000034,Low,Medium,73584.0,0
L,300.2,310.1,1649,30.5,43,0,0,0,0,0,0,9.900000000000034,Low,Medium,50294.5,0
M,300.2,310.1,1550,38.7,45,0,0,0,0,0,0,9.900000000000034,Low,Medium,59985.00000000001,0
L,300.3,310.2,1471,45.2,48,0,0,0,0,0,0,9.899999999999977,Low,Medium,66489.2,0
L,300.3,310.3,1483,51.6,50,0,0,0,0,0,0,10.0,Low,Medium,76522.8,0
L,300.3,310.4,1336,54.4,52,0,0,0,0,0,0,10.099999999999966,Low,High,72678.4,0
L,300.5,310.5,1515,36.6,54,0,0,0,0,0,0,10.0,Low,Medium,55449.0,0
L,300.5,310.5,1373,47.4,56,0,0,0,0,0,0,10.0,Low,Medium,65080.2,0
H,300.6,310.5,1454,51.2,58,0,0,0,0,0,0,9.899999999999977,Low,Medium,74444.8,0
L,300.5,310.5,1646,34.5,63,0,0,0,0,0,0,10.0,Low,Medium,56787.0,0
M,300.5,310.4,1548,37.3,65,0,0,0,0,0,0,9.899999999999977,Low,Medium,57740.399999999994,0
M,300.6,310.5,1462,41.3,68,0,0,0,0,0,0,9.899999999999977,Low,Medium,60380.6,0
L,300.5,310.4,1702,33.1,71,0,0,0,0,0,0,9.899999999999977,Low,Medium,56336.200000000004,0
L,300.5,310.5,1409,60.9,73,0,0,0,0,0,0,10.0,Low,High,85808.09999999999,0
M,300.6,310.6,1427,52.8,75,0,0,0,0,0,0,10.0,Low,High,75345.59999999999,0
L,300.6,310.7,1438,48.5,78,1,0,0,0,0,0,10.099999999999966,Low,Medium,69743.0,0
L,300.7,310.7,1450,43.4,80,0,0,0,0,0,0,10.0,Low,Medium,62930.0,0
L,300.7,310.7,1541,41.3,82,0,0,0,0,0,0,10.0,Low,Medium,63643.299999999996,0
M,300.7,310.6,1484,38.0,84,0,0,0,0,0,0,9.900000000000034,Low,Medium,56392.0,0
M,300.8,310.8,1415,44.5,87,0,0,0,0,0,0,10.0,Medium,Medium,62967.5,0
L,300.7,310.8,1496,46.4,90,0,0,0,0,0,0,10.100000000000023,Medium,Medium,69414.4,0
M,300.7,310.8,1465,45.2,92,0,0,0,0,0,0,10.100000000000023,Medium,Medium,66218.0,0
L,300.7,310.8,2113,18.5,95,0,0,0,0,0,0,10.100000000000023,Medium,Low,39090.5,0
M,300.7,310.8,1506,44.0,97,0,0,0,0,0,0,10.100000000000023,Medium,Medium,66264.0,0
L,300.7,310.8,1689,28.9,100,0,0,0,0,0,0,10.100000000000023,Medium,Medium,48812.1,0
L,300.7,310.9,1650,29.4,102,0,0,0,0,0,0,10.199999999999989,Medium,Medium,48510.0,0
L,300.7,310.8,1563,33.8,104,0,0,0,0,0,0,10.100000000000023,Medium,Medium,52829.399999999994,0
M,300.7,310.9,1486,38.9,106,0,0,0,0,0,0,10.199999999999989,Medium,Medium,57805.4,0
L,300.8,310.9,1732,25.7,109,0,0,0,0,0,0,10.099999999999966,Medium,Low,44512.4,0
L,300.7,310.8,1653,31.6,111,0,0,0,0,0,0,10.100000000000023,Medium,Medium,52234.8,0
L,300.7,310.9,1535,37.1,113,0,0,0,0,0,0,10.199999999999989,Medium,Medium,56948.5,0
L,300.7,310.9,1637,37.2,115,0,0,0,0,0,0,10.199999999999989,Medium,Medium,60896.4,0
L,300.6,310.8,1533,38.5,117,0,0,0,0,0,0,10.199999999999989,Medium,Medium,59020.5,0
L,300.6,310.8,1378,51.2,119,0,0,0,0,0,0,10.199999999999989,Medium,Medium,70553.6,0
L,300.5,310.7,1606,33.5,121,0,0,0,0,0,0,10.199999999999989,Medium,Medium,53801.0,0
L,300.3,310.7,1539,32.3,123,0,0,0,0,0,0,10.399999999999977,Medium,Medium,49709.7,0
L,300.5,310.8,1728,26.3,125,0,0,0,0,0,0,10.300000000000011,Medium,Low,45446.4,0
H,300.4,310.7,1656,36.3,127,0,0,0,0,0,0,10.300000000000011,Medium,Medium,60112.799999999996,0
H,300.5,310.8,1631,30.5,132,0,0,0,0,0,0,10.300000000000011,Medium,Medium,49745.5,0
H,300.5,310.9,1447,46.5,137,0,0,0,0,0,0,10.399999999999977,Medium,Medium,67285.5,0
L,300.4,310.8,1396,49.3,142,0,0,0,0,0,0,10.400000000000034,Medium,Medium,68822.8,0
L,300.4,310.8,1390,52.5,144,0,0,0,0,0,0,10.400000000000034,Medium,High,72975.0,0
L,300.4,310.8,1348,56.0,146,0,0,0,0,0,0,10.400000000000034,Medium,High,75488.0,0
M,300.4,310.8,1491,35.9,148,0,0,0,0,0,0,10.400000000000034,Medium,Medium,53526.9,0
L,300.4,310.8,1520,37.6,151,0,0,0,0,0,0,10.400000000000034,Medium,Medium,57152.0,0
L,300.5,310.8,1509,33.0,153,0,0,0,0,0,0,10.300000000000011,Medium,Medium,49797.0,0
L,300.5,310.8,1445,46.6,155,0,0,0,0,0,0,10.300000000000011,Medium,Medium,67337.0,0
L,300.5,310.8,1354,51.8,157,0,0,0,0,0,0,10.300000000000011,Medium,Medium,70137.2,0
L,300.5,310.7,1488,39.4,159,0,0,0,0,0,0,10.199999999999989,Medium,Medium,58627.2,0
H,300.5,310.7,1654,28.6,161,0,0,0,0,0,0,10.199999999999989,Medium,Medium,47304.4,0
H,300.5,310.6,1378,51.5,166,0,0,0,0,0,0,10.100000000000023,Medium,Medium,70967.0,0
L,300.6,310.7,1750,30.6,171,0,0,0,0,0,0,10.099999999999966,High,Medium,53550.0,0
L,300.5,310.6,1448,46.3,173,0,0,0,0,0,0,10.100000000000023,High,Medium,67042.4,0
H,300.6,310.7,1501,45.3,175,0,0,0,0,0,0,10.099999999999966,High,Medium,67995.3,0
M,300.6,310.7,1654,32.0,180,0,0,0,0,0,0,10.099999999999966,High,Medium,52928.0,0
M,300.7,310.7,1347,46.5,183,0,0,0,0,0,0,10.0,High,Medium,62635.5,0
L,300.7,310.8,1486,37.1,186,0,0,0,0,0,0,10.100000000000023,High,Medium,55130.6,0
H,300.8,310.8,1466,45.2,188,0,0,0,0,0,0,10.0,High,Medium,66263.2,0
H,300.7,310.8,1346,52.0,193,0,0,0,0,0,0,10.100000000000023,High,Medium,69992.0,0
L,300.7,310.7,1314,42.4,198,0,0,0,0,0,0,10.0,High,Medium,55713.6,0
L,300.6,310.7,1440,52.5,200,0,0,0,0,0,0,10.099999999999966,High,High,75600.0,1
L,300.7,310.8,1608,39.5,202,0,0,0,0,0,0,10.100000000000023,High,Medium,63516.0,1
H,300.7,310.8,1296,58.2,204,0,0,0,0,0,0,10.100000000000023,High,High,75427.2,1
L,300.7,310.7,1507,46.1,209,0,0,0,0,0,0,10.0,High,Medium,69472.7,1
M,300.7,310.7,1343,51.6,211,0,0,0,0,0,0,10.0,High,Medium,69298.8,1
L,300.7,310.7,1416,40.4,214,0,0,0,0,0,0,10.0,High,Medium,57206.4,1
L,300.7,310.6,1288,47.2,216,0,0,0,0,0,0,9.900000000000034,High,Medium,60793.600000000006,1
M,300.7,310.6,1407,42.4,218,0,0,0,0,0,0,9.900000000000034,High,Medium,59656.799999999996,1
L,300.6,310.4,1608,39.2,221,0,0,0,0,0,0,9.799999999999955,High,Medium,63033.600000000006,1
L,300.6,310.3,1920,22.3,223,0,0,0,0,0,0,9.699999999999989,High,Low,42816.0,1
M,300.5,310.2,1386,48.2,225,0,0,0,0,0,0,9.699999999999989,High,Medium,66805.2,1
M,300.5,310.2,1571,34.6,228,0,0,0,0,0,0,9.699999999999989,High,Medium,54356.600000000006,1
M,300.4,310.2,1613,36.9,231,0,0,0,0,0,0,9.800000000000011,High,Medium,59519.7,1
M,300.4,310.2,1671,30.5,234,1,1,0,0,0,0,9.800000000000011,High,Medium,50965.5,1
H,300.4,310.2,1431,43.2,0,0,0,0,0,0,0,9.800000000000011,Low,Medium,61819.200000000004,0
M,300.4,310.2,1380,47.3,5,0,0,0,0,0,0,9.800000000000011,Low,Medium,65273.99999999999,0
L,300.5,310.3,1683,31.5,8,0,0,0,0,0,0,9.800000000000011,Low,Medium,53014.5,0
L,300.4,310.2,1529,36.2,10,0,0,0,0,0,0,9.800000000000011,Low,Medium,55349.8,0
L,300.5,310.4,1761,26.5,12,0,0,0,0,0,0,9.899999999999977,Low,Low,46666.5,0
L,300.6,310.5,1570,38.3,14,0,0,0,0,0,0,9.899999999999977,Low,Medium,60130.99999999999,0
M,300.6,310.5,2156,18.0,16,0,0,0,0,0,0,9.899999999999977,Low,Low,38808.0,0
M,300.7,310.6,1349,54.5,19,0,0,0,0,0,0,9.900000000000034,Low,High,73520.5,0
L,300.7,310.7,1431,39.3,22,0,0,0,0,0,0,10.0,Low,Medium,56238.299999999996,0
L,300.6,310.6,1931,22.0,24,0,0,0,0,0,0,10.0,Low,Low,42482.0,0
H,300.7,310.7,1428,43.4,26,0,0,0,0,0,0,10.0,Low,Medium,61975.2,0
L,300.8,310.8,1564,36.2,31,0,0,0,0,0,0,10.0,Low,Medium,56616.8,0
H,300.8,310.9,1425,44.0,33,0,0,0,0,0,0,10.099999999999966,Low,Medium,62700.0,0
L,300.7,310.8,1597,30.5,38,0,0,0,0,0,0,10.100000000000023,Low,Medium,48708.5,0
H,300.8,310.8,1618,32.8,40,0,0,0,0,0,0,10.0,Low,Medium,53070.399999999994,0
M,300.8,310.8,1520,38.0,45,0,0,0,0,0,0,10.0,Low,Medium,57760.0,0
L,300.7,310.7,1425,45.3,48,0,0,0,0,0,0,10.0,Low,Medium,64552.49999999999,0
L,300.8,310.9,1398,38.2,50,0,0,0,0,0,0,10.099999999999966,Low,Medium,53403.600000000006,0
M,300.8,310.9,1557,31.6,52,0,0,0,0,0,0,10.099999999999966,Low,Medium,49201.200000000004,0
L,300.7,310.8,1519,43.9,55,0,0,0,0,0,0,10.100000000000023,Low,Medium,66684.09999999999,0
L,300.7,310.8,1619,34.9,57,0,0,0,0,0,0,10.100000000000023,Low,Medium,56503.1,0
L,300.7,310.8,1814,21.4,59,0,0,0,0,0,0,10.100000000000023,Low,Low,38819.6,0
L,300.7,310.9,1521,39.4,61,0,0,0,0,0,0,10.199999999999989,Low,Medium,59927.4,0
M,300.7,310.9,1369,51.2,63,0,0,0,0,0,0,10.199999999999989,Low,Medium,70092.8,0
L,300.7,310.9,1356,65.3,66,1,0,0,1,0,0,10.199999999999989,Low,High,88546.8,0
L,300.7,311.0,1336,53.3,68,0,0,0,0,0,0,10.300000000000011,Low,High,71208.8,0
L,300.7,311.0,1403,48.3,70,0,0,0,0,0,0,10.300000000000011,Low,Medium,67764.9,0
M,300.7,311.0,1413,44.3,72,0,0,0,0,0,0,10.300000000000011,Low,Medium,62595.899999999994,0
L,300.6,310.9,1472,47.6,75,0,0,0,0,0,0,10.299999999999955,Low,Medium,70067.2,0
M,300.7,310.8,1452,47.9,77,0,0,0,0,0,0,10.100000000000023,Low,Medium,69550.8,0
L,300.6,310.7,1397,53.7,80,0,0,0,0,0,0,10.099999999999966,Low,High,75018.90000000001,0
L,300.6,310.7,1455,40.6,82,0,0,0,0,0,0,10.099999999999966,Low,Medium,59073.0,0
L,300.7,310.8,1754,27.7,84,0,0,0,0,0,0,10.100000000000023,Low,Low,48585.799999999996,0
L,300.6,310.9,1471,37.9,86,0,0,0,0,0,0,10.299999999999955,Medium,Medium,55750.9,0
M,300.6,310.8,1389,48.1,88,0,0,0,0,0,0,10.199999999999989,Medium,Medium,66810.90000000001,0
M,300.6,310.9,1702,30.3,91,0,0,0,0,0,0,10.299999999999955,Medium,Medium,51570.6,0
M,300.6,311.0,1401,54.6,94,0,0,0,0,0,0,10.399999999999977,Medium,High,76494.6,0
L,300.7,311.1,1426,46.2,97,0,0,0,0,0,0,10.400000000000034,Medium,Medium,65881.2,0
L,300.7,311.0,1496,38.3,99,0,0,0,0,0,0,10.300000000000011,Medium,Medium,57296.799999999996,0
L,300.6,310.9,1433,42.6,101,0,0,0,0,0,0,10.299999999999955,Medium,Medium,61045.8,0
M,300.7,311.1,1438,46.6,103,0,0,0,0,0,0,10.400000000000034,Medium,Medium,67010.8,0
M,300.7,311.0,1418,49.3,106,0,0,0,0,0,0,10.300000000000011,Medium,Medium,69907.4,0
M,300.8,311.0,1580,36.6,109,0,0,0,0,0,0,10.199999999999989,Medium,Medium,57828.0,0
M,300.7,310.9,1468,41.8,112,0,0,0,0,0,0,10.199999999999989,Medium,Medium,61362.399999999994,0
M,300.8,310.9,1522,41.7,115,0,0,0,0,0,0,10.099999999999966,Medium,Medium,63467.4,0
L,300.8,310.9,1311,55.8,118,0,0,0,0,0,0,10.099999999999966,Medium,High,73153.8,0
L,300.9,311.0,1316,56.5,120,0,0,0,0,0,0,10.100000000000023,Medium,High,74354.0,0
H,300.9,311.0,1853,23.6,122,0,0,0,0,0,0,10.100000000000023,Medium,Low,43730.8,0
M,300.9,311.0,1556,38.8,127,0,0,0,0,0,0,10.100000000000023,Medium,Medium,60372.799999999996,0
M,300.9,311.0,1567,34.3,130,0,0,0,0,0,0,10.100000000000023,Medium,Medium,53748.1,0
M,300.9,311.1,1546,37.7,133,0,0,0,0,0,0,10.200000000000045,Medium,Medium,58284.200000000004,0
L,300.9,311.0,1382,51.2,136,0,0,0,0,0,0,10.100000000000023,Medium,Medium,70758.40000000001,0
L,300.9,311.0,2003,20.2,138,0,0,0,0,0,0,10.100000000000023,Medium,Low,40460.6,0
L,300.8,310.9,1748,29.9,140,0,0,0,0,0,0,10.099999999999966,Medium,Medium,52265.2,0
H,300.7,310.8,1518,40.1,142,0,0,0,0,0,0,10.100000000000023,Medium,Medium,60871.8,0
L,300.7,310.8,1475,42.0,147,0,0,0,0,0,0,10.100000000000023,Medium,Medium,61950.0,0
L,300.8,310.8,1634,29.2,149,0,0,0,0,0,0,10.0,Medium,Medium,47712.799999999996,0
L,300.8,310.8,1689,32.9,151,0,0,0,0,0,0,10.0,Medium,Medium,55568.1,0
M,300.9,310.9,1636,35.3,153,0,0,0,0,0,0,10.0,Medium,Medium,57750.799999999996,0
L,300.9,311.0,2235,15.8,156,0,0,0,0,0,0,10.100000000000023,Medium,Low,35313.0,0
L,301.0,311.1,1615,35.6,158,0,0,0,0,0,0,10.100000000000023,Medium,Medium,57494.0,0
H,301.1,311.1,1618,29.5,160,0,0,0,0,0,0,10.0,Medium,Medium,47731.0,0
M,301.1,311.2,1407,53.0,165,0,0,0,0,0,0,10.099999999999966,Medium,High,74571.0,0
L,301.1,311.1,1450,43.3,168,0,0,0,0,0,0,10.0,Medium,Medium,62784.99999999999,0
L,301.1,311.1,1889,23.8,170,0,0,0,0,0,0,10.0,High,Low,44958.200000000004,0
L,301.0,310.9,1568,38.2,172,0,0,0,0,0,0,9.899999999999977,High,Medium,59897.600000000006,0
L,301.0,311.0,1804,25.8,174,0,0,0,0,0,0,10.0,High,Low,46543.200000000004,0
L,301.0,311.0,1582,37.5,176,0,0,0,0,0,0,10.0,High,Medium,59325.0,0
M,301.0,310.9,2047,17.9,178,0,0,0,0,0,0,9.899999999999977,High,Low,36641.299999999996,0
L,300.9,310.9,1601,34.0,181,0,0,0,0,0,0,10.0,High,Medium,54434.0,0
L,300.9,310.9,1615,32.0,183,0,0,0,0,0,0,10.0,High,Medium,51680.0,0
M,300.9,310.8,1452,43.6,185,0,0,0,0,0,0,9.900000000000034,High,Medium,63307.200000000004,0
M,300.9,310.8,1695,30.2,188,0,0,0,0,0,0,9.900000000000034,High,Medium,51189.0,0
M,300.9,310.8,1790,26.2,191,0,0,0,0,0,0,9.900000000000034,High,Low,46898.0,0
M,301.0,310.8,1533,39.3,194,0,0,0,0,0,0,9.800000000000011,High,Medium,60246.899999999994,0
L,301.0,310.9,1813,28.5,197,0,0,0,0,0,0,9.899999999999977,High,Medium,51670.5,0
L,301.0,310.9,1492,36.7,199,0,0,0,0,0,0,9.899999999999977,High,Medium,54756.4,0
L,300.9,310.7,1479,43.3,201,0,0,0,0,0,0,9.800000000000011,High,Medium,64040.7,1
L,300.8,310.7,1339,59.1,203,1,0,0,0,1,0,9.899999999999977,High,High,79134.90000000001,1
M,300.8,310.7,1371,44.7,205,0,0,0,0,0,0,9.899999999999977,High,Medium,61283.700000000004,1
L,300.9,310.7,1468,36.2,208,0,0,0,0,0,0,9.800000000000011,High,Medium,53141.600000000006,1
L,300.9,310.7,1517,41.7,210,0,0,0,0,0,0,9.800000000000011,High,Medium,63258.9,1
L,300.9,310.7,1352,46.4,212,0,0,0,0,0,0,9.800000000000011,High,Medium,62732.799999999996,1
L,300.9,310.7,1389,50.0,214,0,0,0,0,0,0,9.800000000000011,High,Medium,69450.0,1
M,300.8,310.6,1505,36.2,0,0,0,0,0,0,0,9.800000000000011,Low,Medium,54481.00000000001,0
L,300.9,310.6,1538,36.7,3,0,0,0,0,0,0,9.700000000000045,Low,Medium,56444.600000000006,0
L,300.9,310.8,1482,37.0,5,0,0,0,0,0,0,9.900000000000034,Low,Medium,54834.0,0
M,300.9,310.8,1599,33.0,7,0,0,0,0,0,0,9.900000000000034,Low,Medium,52767.0,0
L,300.9,310.8,1476,39.0,10,0,0,0,0,0,0,9.900000000000034,Low,Medium,57564.0,0
L,300.9,310.7,1509,37.5,12,0,0,0,0,0,0,9.800000000000011,Low,Medium,56587.5,0
L,300.9,310.8,1708,29.1,14,0,0,0,0,0,0,9.900000000000034,Low,Medium,49702.8,0
L,300.9,310.7,1412,57.5,16,0,0,0,0,0,1,9.800000000000011,Low,High,81190.0,0
L,300.9,310.7,1658,28.5,18,0,0,0,0,0,0,9.800000000000011,Low,Medium,47253.0,0
L,301.0,310.8,1375,57.2,20,0,0,0,0,0,0,9.800000000000011,Low,High,78650.0,0
M,300.9,310.8,1402,48.1,22,0,0,0,0,0,0,9.900000000000034,Low,Medium,67436.2,0
M,300.9,310.7,1452,47.3,25,0,0,0,0,0,0,9.800000000000011,Low,Medium,68679.59999999999,0
M,300.8,310.7,1483,40.8,28,0,0,0,0,0,0,9.899999999999977,Low,Medium,60506.399999999994,0
H,300.9,310.8,1477,38.4,31,0,0,0,0,0,0,9.900000000000034,Low,Medium,56716.799999999996,0
M,300.8,310.7,1924,22.4,36,0,0,0,0,0,0,9.899999999999977,Low,Low,43097.6,0
H,300.9,310.7,1609,28.7,39,0,0,0,0,0,0,9.800000000000011,Low,Medium,46178.299999999996,0
M,300.8,310.7,1886,21.1,44,0,0,0,0,0,0,9.899999999999977,Low,Low,39794.600000000006,0
L,300.7,310.6,1616,29.6,47,0,0,0,0,0,0,9.900000000000034,Low,Medium,47833.600000000006,0
L,300.7,310.7,1442,43.2,49,0,0,0,0,0,0,10.0,Low,Medium,62294.4,0
L,300.8,310.8,1407,45.1,51,0,0,0,0,0,0,10.0,Low,Medium,63455.700000000004,0
M,300.8,310.8,1461,41.3,53,0,0,0,0,0,0,10.0,Low,Medium,60339.299999999996,0
M,300.8,310.9,1522,46.2,56,0,0,0,0,0,0,10.099999999999966,Low,Medium,70316.40000000001,0
L,300.9,311.0,1432,48.1,59,0,0,0,0,0,0,10.100000000000023,Low,Medium,68879.2,0
L,300.9,311.0,1438,49.0,61,0,0,0,0,0,0,10.100000000000023,Low,Medium,70462.0,0
M,300.8,310.9,1678,28.1,63,0,0,0,0,0,0,10.099999999999966,Low,Medium,47151.8,0
M,300.8,310.9,1514,38.7,66,0,0,0,0,0,0,10.099999999999966,Low,Medium,58591.8,0
L,300.7,310.8,1534,41.3,69,0,0,0,0,0,0,10.100000000000023,Low,Medium,63354.2,0
M,300.7,310.8,1486,41.2,71,0,0,0,0,0,0,10.100000000000023,Low,Medium,61223.200000000004,0
L,300.7,310.8,1925,22.0,74,0,0,0,0,0,0,10.100000000000023,Low,Low,42350.0,0
M,300.7,310.8,1724,30.0,76,0,0,0,0,0,0,10.100000000000023,Low,Medium,51720.0,0
M,300.8,310.8,1549,35.5,79,0,0,0,0,0,0,10.0,Low,Medium,54989.5,0
L,300.8,310.9,1457,47.7,82,0,0,0,0,0,0,10.099999999999966,Low,Medium,69498.90000000001,0
L,300.8,310.9,1453,43.9,84,0,0,0,0,0,0,10.099999999999966,Low,Medium,63786.7,0
L,300.8,311.0,1578,44.4,86,0,0,0,0,0,0,10.199999999999989,Medium,Medium,70063.2,0
M,300.9,311.1,1325,61.4,88,0,0,0,0,0,0,10.200000000000045,Medium,High,81355.0,0
L,300.9,311.1,1471,39.3,91,0,0,0,0,0,0,10.200000000000045,Medium,Medium,57810.299999999996,0
M,300.9,311.2,1472,40.0,93,0,0,0,0,0,0,10.300000000000011,Medium,Medium,58880.0,0
L,300.9,311.1,1457,37.4,96,0,0,0,0,0,0,10.200000000000045,Medium,Medium,54491.799999999996,0
L,301.0,311.0,1402,55.3,98,0,0,0,0,0,0,10.0,Medium,High,77530.59999999999,0
L,300.9,310.9,1477,41.5,100,0,0,0,0,0,0,10.0,Medium,Medium,61295.5,0
M,300.9,310.9,1727,30.1,102,0,0,0,0,0,0,10.0,Medium,Medium,51982.700000000004,0
L,300.9,310.9,1995,20.2,105,0,0,0,0,0,0,10.0,Medium,Low,40299.0,0
L,300.9,310.9,1370,52.5,107,0,0,0,0,0,0,10.0,Medium,High,71925.0,0
L,300.9,310.9,1228,66.4,109,0,0,0,0,0,0,10.0,Medium,High,81539.20000000001,0
L,300.9,311.0,1499,38.0,111,0,0,0,0,0,0,10.100000000000023,Medium,Medium,56962.0,0
M,301.0,311.0,1508,46.9,113,0,0,0,0,0,0,10.0,Medium,Medium,70725.2,0
L,301.0,310.9,1473,44.2,116,0,0,0,0,0,0,9.899999999999977,Medium,Medium,65106.600000000006,0
H,301.0,311.0,1640,37.6,118,0,0,0,0,0,0,10.0,Medium,Medium,61664.0,0
L,301.1,311.1,1429,42.5,123,0,0,0,0,0,0,10.0,Medium,Medium,60732.5,0
L,301.1,311.1,1470,40.9,125,0,0,0,0,0,0,10.0,Medium,Medium,60123.0,0
L,301.0,311.0,1581,37.0,127,0,0,0,0,0,0,10.0,Medium,Medium,58497.0,0
L,301.0,310.9,1740,28.9,129,0,0,0,0,0,0,9.899999999999977,Medium,Medium,50286.0,0
H,300.9,310.8,1390,40.6,131,0,0,0,0,0,0,9.900000000000034,Medium,Medium,56434.0,0
M,300.9,310.8,1988,19.7,136,0,0,0,0,0,0,9.900000000000034,Medium,Low,39163.6,0
M,300.8,310.7,1452,43.0,139,0,0,0,0,0,0,9.899999999999977,Medium,Medium,62436.0,0
L,300.8,310.7,1586,33.4,142,0,0,0,0,0,0,9.899999999999977,Medium,Medium,52972.399999999994,0
L,300.8,310.7,1589,34.3,144,0,0,0,0,0,0,9.899999999999977,Medium,Medium,54502.7,0
L,300.8,310.8,1486,45.7,146,0,0,0,0,0,0,10.0,Medium,Medium,67910.2,0
L,300.9,310.9,1755,27.9,148,0,0,0,0,0,0,10.0,Medium,Low,48964.5,0
M,301.0,310.9,1575,34.6,150,0,0,0,0,0,0,9.899999999999977,Medium,Medium,54495.0,0
M,301.1,311.1,1615,37.7,153,0,0,0,0,0,0,10.0,Medium,Medium,60885.50000000001,0
M,301.1,311.1,1436,41.8,156,0,0,0,0,0,0,10.0,Medium,Medium,60024.799999999996,0
M,301.1,311.1,1470,40.6,159,0,0,0,0,0,0,10.0,Medium,Medium,59682.0,0
M,301.1,311.1,2089,19.8,162,0,0,0,0,0,0,10.0,Medium,Low,41362.200000000004,0
L,301.1,311.2,1564,37.0,165,0,0,0,0,0,0,10.099999999999966,Medium,Medium,57868.0,0
M,301.0,311.1,1420,47.4,167,0,0,0,0,0,0,10.100000000000023,Medium,Medium,67308.0,0
L,301.1,311.1,1711,29.1,170,0,0,0,0,0,0,10.0,High,Medium,49790.100000000006,0
L,301.1,311.2,1555,35.3,172,0,0,0,0,0,0,10.099999999999966,High,Medium,54891.49999999999,0
M,301.1,311.1,1592,35.7,174,0,0,0,0,0,0,10.0,High,Medium,56834.4,0
L,301.0,311.1,1236,64.4,177,1,0,0,0,1,0,10.100000000000023,High,High,79598.40000000001,0
M,301.0,310.9,1765,24.2,179,0,0,0,0,0,0,9.899999999999977,High,Low,42713.0,0
L,301.0,311.0,1634,31.2,182,0,0,0,0,0,0,10.0,High,Medium,50980.799999999996,0
L,301.1,311.1,1508,41.5,184,0,0,0,0,0,0,10.0,High,Medium,62582.0,0
L,301.1,311.2,1774,29.6,186,0,0,0,0,0,0,10.099999999999966,High,Medium,52510.4,0
L,301.1,311.0,1677,29.1,188,0,0,0,0,0,0,9.899999999999977,High,Medium,48800.700000000004,0
L,301.0,311.0,1399,58.0,190,1,0,0,0,1,0,10.0,High,High,81142.0,0
L,301.0,310.9,1570,34.0,192,0,0,0,0,0,0,9.899999999999977,High,Medium,53380.0,0
L,301.0,310.9,1479,44.3,194,0,0,0,0,0,0,9.899999999999977,High,Medium,65519.7,0
L,301.0,310.8,1558,34.9,196,0,0,0,0,0,0,9.800000000000011,High,Medium,54374.2,0
L,300.8,310.7,1358,48.1,198,0,0,0,0,0,0,9.899999999999977,High,Medium,65319.8,0
H,300.9,310.7,1656,30.7,200,0,0,0,0,0,0,9.800000000000011,High,Medium,50839.2,1
L,300.9,310.7,1523,35.8,205,0,0,0,0,0,0,9.800000000000011,High,Medium,54523.399999999994,1
H,300.9,310.7,1403,40.6,207,0,0,0,0,0,0,9.800000000000011,High,Medium,56961.8,1
M,300.9,310.7,1362,51.6,212,0,0,0,0,0,0,9.800000000000011,High,Medium,70279.2,1
M,300.7,310.6,1778,27.1,215,0,0,0,0,0,0,9.900000000000034,High,Low,48183.8,1
L,300.7,310.5,1448,38.2,218,0,0,0,0,0,0,9.800000000000011,High,Medium,55313.600000000006,1
H,300.8,310.5,1559,40.1,220,0,0,0,0,0,0,9.699999999999989,High,Medium,62515.9,1
L,300.8,310.6,1416,42.2,225,0,0,0,0,0,0,9.800000000000011,High,Medium,59755.200000000004,1
L,300.8,310.6,1577,37.9,227,1,1,0,0,0,0,9.800000000000011,High,Medium,59768.299999999996,1
L,300.8,310.7,1633,27.8,0,0,0,0,0,0,0,9.899999999999977,Low,Low,45397.4,0
L,300.9,310.7,1573,31.2,2,0,0,0,0,0,0,9.800000000000011,Low,Medium,49077.6,0
L,300.9,310.8,1517,44.3,4,0,0,0,0,0,0,9.900000000000034,Low,Medium,67203.09999999999,0
L,301.0,310.9,1515,37.3,6,0,0,0,0,0,0,9.899999999999977,Low,Medium,56509.49999999999,0
L,301.0,310.8,1527,45.3,8,0,0,0,0,0,0,9.800000000000011,Low,Medium,69173.09999999999,0
L,301.1,310.9,1282,67.9,10,1,0,0,1,0,0,9.799999999999955,Low,High,87047.8,0
M,301.1,310.9,1396,45.1,12,0,0,0,0,0,0,9.799999999999955,Low,Medium,62959.6,0
L,301.0,310.9,1492,44.6,15,0,0,0,0,0,0,9.899999999999977,Low,Medium,66543.2,0
L,301.0,310.8,1975,19.7,17,0,0,0,0,0,0,9.800000000000011,Low,Low,38907.5,0
L,301.0,310.8,1475,35.3,19,0,0,0,0,0,0,9.800000000000011,Low,Medium,52067.49999999999,0
H,301.0,310.9,1495,37.3,21,0,0,0,0,0,0,9.899999999999977,Low,Medium,55763.49999999999,0
L,301.0,311.0,1553,35.8,26,0,0,0,0,0,0,10.0,Low,Medium,55597.399999999994,0
L,301.1,311.0,1918,21.7,28,0,0,0,0,0,0,9.899999999999977,Low,Low,41620.6,0
M,301.1,311.0,1413,46.6,30,0,0,0,0,0,0,9.899999999999977,Low,Medium,65845.8,0
L,301.0,311.0,1437,56.0,33,0,0,0,0,0,0,10.0,Low,High,80472.0,0
L,301.0,310.9,1450,45.9,35,0,0,0,0,0,0,9.899999999999977,Low,Medium,66555.0,0
M,301.0,310.9,1910,21.9,37,0,0,0,0,0,0,9.899999999999977,Low,Low,41829.0,0
L,300.9,310.9,1749,26.4,40,0,0,0,0,0,0,10.0,Low,Low,46173.6,0
H,301.0,310.9,1916,22.0,42,0,0,0,0,0,0,9.899999999999977,Low,Low,42152.0,0
L,301.0,310.9,1428,45.3,47,0,0,0,0,0,0,9.899999999999977,Low,Medium,64688.399999999994,0
L,301.0,310.9,1578,38.4,49,0,0,0,0,0,0,9.899999999999977,Low,Medium,60595.2,0
L,300.9,310.8,1571,39.9,51,0,0,0,0,0,0,9.900000000000034,Low,Medium,62682.899999999994,0
L,300.9,310.8,1729,30.2,53,0,0,0,0,0,0,9.900000000000034,Low,Medium,52215.799999999996,0
L,300.9,310.8,1701,30.4,55,0,0,0,0,0,0,9.900000000000034,Low,Medium,51710.399999999994,0
L,300.9,310.8,1493,45.8,57,0,0,0,0,0,0,9.900000000000034,Low,Medium,68379.4,0
M,301.0,310.9,1554,32.7,59,0,0,0,0,0,0,9.899999999999977,Low,Medium,50815.8,0
L,300.9,310.9,1497,43.2,62,0,0,0,0,0,0,10.0,Low,Medium,64670.4,0
L,301.0,310.9,1679,29.8,64,0,0,0,0,0,0,9.899999999999977,Low,Medium,50034.200000000004,0
M,301.0,310.9,1510,44.5,66,0,0,0,0,0,0,9.899999999999977,Low,Medium,67195.0,0
L,301.0,310.9,1296,54.9,69,0,0,0,0,0,0,9.899999999999977,Low,High,71150.4,0
L,301.0,310.9,1404,41.8,71,0,0,0,0,0,0,9.899999999999977,Low,Medium,58687.2,0
M,300.9,310.8,1519,34.9,73,0,0,0,0,0,0,9.900000000000034,Low,Medium,53013.1,0
M,300.9,310.7,1696,27.3,76,0,0,0,0,0,0,9.800000000000011,Low,Low,46300.8,0
M,300.8,310.6,1669,28.4,79,0,0,0,0,0,0,9.800000000000011,Low,Medium,47399.6,0
L,300.7,310.6,1447,40.7,82,0,0,0,0,0,0,9.900000000000034,Low,Medium,58892.9,0
M,300.7,310.6,1418,46.3,84,0,0,0,0,0,0,9.900000000000034,Low,Medium,65653.4,0
L,300.7,310.6,1407,40.5,87,0,0,0,0,0,0,9.900000000000034,Medium,Medium,56983.5,0
L,300.8,310.5,1434,44.5,89,0,0,0,0,0,0,9.699999999999989,Medium,Medium,63813.0,0
L,300.8,310.6,1360,48.8,91,0,0,0,0,0,0,9.800000000000011,Medium,Medium,66368.0,0
L,300.8,310.6,1402,53.7,93,0,0,0,0,0,0,9.800000000000011,Medium,High,75287.40000000001,0
L,300.9,310.6,1552,34.9,95,0,0,0,0,0,0,9.700000000000045,Medium,Medium,54164.799999999996,0
L,300.9,310.7,1392,44.2,97,0,0,0,0,0,0,9.800000000000011,Medium,Medium,61526.4,0
L,301.1,310.8,1521,41.0,99,0,0,0,0,0,0,9.699999999999989,Medium,Medium,62361.0,0
L,301.1,310.8,1724,27.5,101,0,0,0,0,0,0,9.699999999999989,Medium,Low,47410.0,0
M,301.0,310.7,1455,46.1,103,0,0,0,0,0,0,9.699999999999989,Medium,Medium,67075.5,0
H,301.0,310.6,1366,50.6,106,0,0,0,0,0,0,9.600000000000023,Medium,Medium,69119.6,0
H,301.1,310.6,1407,43.9,111,0,0,0,0,0,0,9.5,Medium,Medium,61767.299999999996,0
L,301.1,310.8,1470,49.3,116,0,0,0,0,0,0,9.699999999999989,Medium,Medium,72471.0,0
M,301.2,310.9,1359,50.8,118,0,0,0,0,0,0,9.699999999999989,Medium,Medium,69037.2,0
H,301.1,310.8,1792,25.8,121,0,0,0,0,0,0,9.699999999999989,Medium,Low,46233.6,0
M,301.1,310.9,1552,37.9,126,0,0,0,0,0,0,9.799999999999955,Medium,Medium,58820.799999999996,0
L,301.2,311.0,1612,32.9,129,0,0,0,0,0,0,9.800000000000011,Medium,Medium,53034.799999999996,0
M,301.2,311.0,1424,41.4,131,0,0,0,0,0,0,9.800000000000011,Medium,Medium,58953.6,0
H,301.3,311.0,1341,59.3,134,0,0,0,0,0,0,9.699999999999989,Medium,High,79521.3,0
L,301.2,310.8,1479,38.2,139,0,0,0,0,0,0,9.600000000000023,Medium,Medium,56497.8,0
L,301.2,310.9,1413,50.1,141,0,0,0,0,0,0,9.699999999999989,Medium,Medium,70791.3,0
L,301.3,310.9,2165,17.4,143,0,0,0,0,0,0,9.599999999999966,Medium,Low,37671.0,0
M,301.3,311.0,1641,33.0,145,0,0,0,0,0,0,9.699999999999989,Medium,Medium,54153.0,0
M,301.3,311.0,1495,40.8,148,0,0,0,0,0,0,9.699999999999989,Medium,Medium,60995.99999999999,0
L,301.3,311.0,1576,30.4,151,0,0,0,0,0,0,9.699999999999989,Medium,Medium,47910.399999999994,0
L,301.2,310.9,1467,37.1,153,0,0,0,0,0,0,9.699999999999989,Medium,Medium,54425.700000000004,0
L,301.2,310.8,1479,41.2,155,0,0,0,0,0,0,9.600000000000023,Medium,Medium,60934.8,0
L,301.3,310.9,1596,33.9,157,0,0,0,0,0,0,9.599999999999966,Medium,Medium,54104.399999999994,0
M,301.3,310.9,1512,36.9,159,0,0,0,0,0,0,9.599999999999966,Medium,Medium,55792.799999999996,0
L,301.4,310.9,1414,38.8,162,0,0,0,0,0,0,9.5,Medium,Medium,54863.2,0
L,301.3,310.8,1390,57.4,164,0,0,0,0,0,0,9.5,Medium,High,79786.0,0
L,301.2,310.7,1644,31.6,166,0,0,0,0,0,0,9.5,Medium,Medium,51950.4,0
M,301.2,310.7,1394,42.8,168,0,0,0,0,0,0,9.5,Medium,Medium,59663.2,0
L,301.1,310.5,1324,52.4,171,0,0,0,0,0,0,9.399999999999977,High,High,69377.59999999999,0
L,301.0,310.4,1476,43.6,173,0,0,0,0,0,0,9.399999999999977,High,Medium,64353.6,0
L,301.0,310.4,2204,16.6,175,0,0,0,0,0,0,9.399999999999977,High,Low,36586.4,0
M,301.0,310.4,1665,30.9,177,0,0,0,0,0,0,9.399999999999977,High,Medium,51448.5,0
L,300.9,310.4,1445,41.7,180,0,0,0,0,0,0,9.5,High,Medium,60256.50000000001,0
H,300.8,310.3,1457,46.8,182,0,0,0,0,0,0,9.5,High,Medium,68187.59999999999,0
L,300.8,310.2,1492,46.3,187,0,0,0,0,0,0,9.399999999999977,High,Medium,69079.59999999999,0
L,300.8,310.1,1405,61.2,189,1,0,0,1,1,0,9.300000000000011,High,High,85986.0,0
L,300.7,310.1,1542,35.5,191,0,0,0,0,0,0,9.400000000000034,High,Medium,54741.0,0
L,300.8,310.2,1520,37.7,193,0,0,0,0,0,0,9.399999999999977,High,Medium,57304.00000000001,0
M,300.8,310.2,1598,36.5,195,0,0,0,0,0,0,9.399999999999977,High,Medium,58327.0,0
L,300.8,310.3,1538,36.1,198,0,0,0,0,0,0,9.5,High,Medium,55521.8,0
L,300.9,310.4,1615,30.9,200,0,0,0,0,0,0,9.5,High,Medium,49903.5,1
L,301.0,310.5,1408,47.0,202,0,0,0,0,0,0,9.5,High,Medium,66176.0,1
L,301.0,310.5,1379,57.3,204,1,0,0,0,1,0,9.5,High,High,79016.7,1
L,301.0,310.6,1493,37.8,206,1,1,0,0,0,0,9.600000000000023,High,Medium,56435.399999999994,1
L,301.1,310.7,1376,49.1,0,0,0,0,0,0,0,9.599999999999966,Low,Medium,67561.6,0
M,301.1,310.7,1583,40.7,2,0,0,0,0,0,0,9.599999999999966,Low,Medium,64428.100000000006,0
M,301.2,310.8,1396,47.4,5,0,0,0,0,0,0,9.600000000000023,Low,Medium,66170.4,0
L,301.1,310.7,1436,45.3,8,0,0,0,0,0,0,9.599999999999966,Low,Medium,65050.799999999996,0
L,301.1,310.6,1417,47.6,10,0,0,0,0,0,0,9.5,Low,Medium,67449.2,0
L,301.0,310.6,1641,33.4,12,0,0,0,0,0,0,9.600000000000023,Low,Medium,54809.399999999994,0
M,301.0,310.6,1698,27.3,14,0,0,0,0,0,0,9.600000000000023,Low,Low,46355.4,0
L,300.9,310.4,1541,39.1,17,0,0,0,0,0,0,9.5,Low,Medium,60253.100000000006,0
L,300.8,310.3,1383,46.6,19,0,0,0,0,0,0,9.5,Low,Medium,64447.8,0
L,300.8,310.4,1368,46.8,21,0,0,0,0,0,0,9.599999999999966,Low,Medium,64022.399999999994,0
L,300.8,310.4,1570,35.2,23,0,0,0,0,0,0,9.599999999999966,Low,Medium,55264.00000000001,0
L,300.9,310.5,1616,33.5,25,0,0,0,0,0,0,9.600000000000023,Low,Medium,54136.0,0
M,300.9,310.5,1444,43.2,27,0,0,0,0,0,0,9.600000000000023,Low,Medium,62380.8,0
L,300.9,310.4,2021,18.8,30,0,0,0,0,0,0,9.5,Low,Low,37994.8,0
M,300.9,310.5,1702,29.3,32,0,0,0,0,0,0,9.600000000000023,Low,Medium,49868.6,0
M,301.1,310.6,1429,52.7,35,0,0,0,0,0,0,9.5,Low,High,75308.3,0
L,301.2,310.8,1711,28.9,38,0,0,0,0,0,0,9.600000000000023,Low,Medium,49447.899999999994,0
M,301.2,310.7,1543,32.9,40,0,0,0,0,0,0,9.5,Low,Medium,50764.7,0
L,301.3,310.8,1628,32.2,43,0,0,0,0,0,0,9.5,Low,Medium,52421.600000000006,0
L,301.2,310.8,1233,64.6,45,0,0,0,0,0,0,9.600000000000023,Low,High,79651.79999999999,0
L,301.2,310.8,1461,40.6,47,0,0,0,0,0,0,9.600000000000023,Low,Medium,59316.6,0
L,301.2,310.7,1568,38.3,49,0,0,0,0,0,0,9.5,Low,Medium,60054.399999999994,0
L,301.3,310.8,1432,54.4,51,0,0,0,0,0,0,9.5,Low,High,77900.8,0
M,301.2,310.7,1527,41.1,53,0,0,0,0,0,0,9.5,Low,Medium,62759.700000000004,0
M,301.3,310.8,1455,41.2,56,0,0,0,0,0,0,9.5,Low,Medium,59946.00000000001,0
M,301.3,310.8,1418,45.4,59,0,0,0,0,0,0,9.5,Low,Medium,64377.2,0
L,301.3,310.8,1719,29.5,62,0,0,0,0,0,0,9.5,Low,Medium,50710.5,0
M,301.2,310.8,1734,31.3,64,0,0,0,0,0,0,9.600000000000023,Low,Medium,54274.200000000004,0
M,301.2,310.7,1426,46.1,67,0,0,0,0,0,0,9.5,Low,Medium,65738.6,0
L,301.1,310.6,1611,35.2,70,0,0,0,0,0,0,9.5,Low,Medium,56707.200000000004,0
M,301.1,310.6,1479,41.1,72,0,0,0,0,0,0,9.5,Low,Medium,60786.9,0
L,301.0,310.5,1317,50.9,75,0,0,0,0,0,0,9.5,Low,Medium,67035.3,0
L,301.0,310.5,1248,61.4,77,0,0,0,0,0,0,9.5,Low,High,76627.2,0
L,301.0,310.5,1932,21.7,79,0,0,0,0,0,0,9.5,Low,Low,41924.4,0
M,301.1,310.5,1547,35.8,81,0,0,0,0,0,0,9.399999999999977,Low,Medium,55382.6,0
L,301.0,310.4,1614,31.6,84,0,0,0,0,0,0,9.399999999999977,Low,Medium,51002.4,0
H,301.0,310.4,1512,44.9,86,0,0,0,0,0,0,9.399999999999977,Medium,Medium,67888.8,0
L,301.1,310.5,1529,38.7,91,0,0,0,0,0,0,9.399999999999977,Medium,Medium,59172.3,0
H,301.1,310.6,1782,24.9,93,0,0,0,0,0,0,9.5,Medium,Low,44371.799999999996,0
L,301.0,310.5,1429,39.4,98,0,0,0,0,0,0,9.5,Medium,Medium,56302.6,0
M,301.1,310.5,1309,60.7,100,0,0,0,0,0,0,9.399999999999977,Medium,High,79456.3,0
L,301.1,310.5,1428,44.1,103,0,0,0,0,0,0,9.399999999999977,Medium,Medium,62974.8,0
L,301.2,310.6,1385,49.2,105,0,0,0,0,0,0,9.400000000000034,Medium,Medium,68142.0,0
L,301.2,310.7,1517,39.4,107,0,0,0,0,0,0,9.5,Medium,Medium,59769.799999999996,0
M,301.2,310.6,1576,39.6,109,0,0,0,0,0,0,9.400000000000034,Medium,Medium,62409.600000000006,0
L,301.2,310.6,1437,51.2,112,0,0,0,0,0,0,9.400000000000034,Medium,Medium,73574.40000000001,0
H,301.2,310.6,1457,50.5,114,0,0,0,0,0,0,9.400000000000034,Medium,Medium,73578.5,0
L,301.1,310.5,1532,37.5,119,0,0,0,0,0,0,9.399999999999977,Medium,Medium,57450.0,0
M,301.1,310.5,1603,32.6,121,0,0,0,0,0,0,9.399999999999977,Medium,Medium,52257.8,0
L,301.0,310.4,1563,34.4,124,0,0,0,0,0,0,9.399999999999977,Medium,Medium,53767.2,0
L,301.0,310.3,1617,34.5,126,0,0,0,0,0,0,9.300000000000011,Medium,Medium,55786.5,0
M,300.8,310.1,1686,26.9,128,0,0,0,0,0,0,9.300000000000011,Medium,Low,45353.399999999994,0
L,300.9,310.2,1382,50.4,131,0,0,0,0,0,0,9.300000000000011,Medium,Medium,69652.8,0
L,300.9,310.1,2090,17.8,133,0,0,0,0,0,0,9.200000000000045,Medium,Low,37202.0,0
L,300.9,310.3,1446,44.5,135,0,0,0,0,0,0,9.400000000000034,Medium,Medium,64347.0,0
M,300.9,310.2,1533,38.1,137,0,0,0,0,0,0,9.300000000000011,Medium,Medium,58407.3,0
L,300.9,310.3,1440,47.6,140,0,0,0,0,0,0,9.400000000000034,Medium,Medium,68544.0,0
M,301.0,310.4,1793,25.0,142,0,0,0,0,0,0,9.399999999999977,Medium,Low,44825.0,0
M,301.0,310.4,1517,46.1,145,0,0,0,0,0,0,9.399999999999977,Medium,Medium,69933.7,0
L,300.9,310.4,1544,36.0,148,0,0,0,0,0,0,9.5,Medium,Medium,55584.0,0
L,300.9,310.3,1321,48.8,150,0,0,0,0,0,0,9.400000000000034,Medium,Medium,64464.799999999996,0
M,300.9,310.3,1416,50.9,152,0,0,0,0,0,0,9.400000000000034,Medium,Medium,72074.4,0
L,300.8,310.2,1514,40.0,155,0,0,0,0,0,0,9.399999999999977,Medium,Medium,60560.0,0
M,300.8,310.2,1304,52.5,157,0,0,0,0,0,0,9.399999999999977,Medium,High,68460.0,0
L,300.7,310.2,1286,64.9,160,0,0,0,0,0,0,9.5,Medium,High,83461.40000000001,0
M,300.7,310.1,1483,40.2,162,0,0,0,0,0,0,9.400000000000034,Medium,Medium,59616.600000000006,0
L,300.7,310.1,1351,46.9,165,0,0,0,0,0,0,9.400000000000034,Medium,Medium,63361.9,0
M,300.7,310.1,1367,52.6,167,0,0,0,0,0,0,9.400000000000034,Medium,High,71904.2,0
L,300.7,310.1,1721,32.3,170,0,0,0,0,0,0,9.400000000000034,High,Medium,55588.299999999996,0
L,300.6,310.0,1455,40.4,172,0,0,0,0,0,0,9.399999999999977,High,Medium,58782.0,0
L,300.6,310.0,1425,49.5,174,0,0,0,0,0,0,9.399999999999977,High,Medium,70537.5,0
L,300.7,310.0,1672,29.7,176,0,0,0,0,0,0,9.300000000000011,High,Medium,49658.4,0
M,300.7,310.0,1641,34.6,178,0,0,0,0,0,0,9.300000000000011,High,Medium,56778.600000000006,0
M,300.5,310.0,1580,37.0,181,0,0,0,0,0,0,9.5,High,Medium,58460.0,0
H,300.5,310.0,1495,47.4,184,0,0,0,0,0,0,9.5,High,Medium,70863.0,0
M,300.5,309.9,1994,19.8,189,0,0,0,0,0,0,9.399999999999977,High,Low,39481.200000000004,0
M,300.4,309.9,1415,31.8,192,0,0,0,0,0,0,9.5,High,Medium,44997.0,0
M,300.4,309.8,1725,30.4,195,0,0,0,0,0,0,9.400000000000034,High,Medium,52440.0,0
M,300.4,309.8,1430,43.4,198,0,0,0,0,0,0,9.400000000000034,High,Medium,62062.0,0
L,300.4,309.8,1395,48.1,201,0,0,0,0,0,0,9.400000000000034,High,Medium,67099.5,1
M,300.4,309.8,1435,43.6,203,0,0,0,0,0,0,9.400000000000034,High,Medium,62566.0,1
L,300.4,309.9,1681,28.6,206,0,0,0,0,0,0,9.5,High,Medium,48076.600000000006,1
L,300.5,310.0,1451,48.6,208,0,0,0,0,0,0,9.5,High,Medium,70518.6,1
H,300.5,309.9,1397,45.9,210,1,1,0,0,0,0,9.399999999999977,High,Medium,64122.299999999996,1
M,300.4,309.8,1421,47.2,0,0,0,0,0,0,0,9.400000000000034,Low,Medium,67071.2,0
M,300.3,309.8,1444,42.0,3,0,0,0,0,0,0,9.5,Low,Medium,60648.0,0
L,300.2,309.8,1827,23.0,6,0,0,0,0,0,0,9.600000000000023,Low,Low,42021.0,0
H,300.2,309.8,1374,47.7,8,0,0,0,0,0,0,9.600000000000023,Low,Medium,65539.8,0
L,300.2,309.8,1650,29.6,13,0,0,0,0,0,0,9.600000000000023,Low,Medium,48840.0,0
L,300.2,309.7,1275,60.7,15,0,0,0,0,0,0,9.5,Low,High,77392.5,0
L,300.2,309.7,1421,44.6,17,0,0,0,0,0,0,9.5,Low,Medium,63376.6,0
L,300.2,309.8,1557,33.8,19,0,0,0,0,0,0,9.600000000000023,Low,Medium,52626.6,0
L,300.1,309.8,1506,35.2,21,0,0,0,0,0,0,9.699999999999989,Low,Medium,53011.200000000004,0
L,300.1,309.7,1362,49.1,23,0,0,0,0,0,0,9.599999999999966,Low,Medium,66874.2,0
L,300.0,309.7,1542,47.1,25,0,0,0,0,0,0,9.699999999999989,Low,Medium,72628.2,0
L,300.0,309.6,1496,38.8,27,0,0,0,0,0,0,9.600000000000023,Low,Medium,58044.799999999996,0
M,300.0,309.6,1491,42.0,29,0,0,0,0,0,0,9.600000000000023,Low,Medium,62622.0,0
L,300.1,309.6,1565,34.8,32,0,0,0,0,0,0,9.5,Low,Medium,54461.99999999999,0
L,300.1,309.7,1481,37.9,34,0,0,0,0,0,0,9.599999999999966,Low,Medium,56129.9,0
M,300.1,309.7,1420,48.4,36,0,0,0,0,0,0,9.599999999999966,Low,Medium,68728.0,0
L,300.2,309.8,1398,54.8,39,0,0,0,0,0,0,9.600000000000023,Low,High,76610.4,0
M,300.2,309.8,1466,45.7,41,0,0,0,0,0,0,9.600000000000023,Low,Medium,66996.2,0
L,300.1,309.8,1430,56.7,44,0,0,0,0,0,0,9.699999999999989,Low,High,81081.0,0
L,300.1,309.7,1441,40.1,46,0,0,0,0,0,0,9.599999999999966,Low,Medium,57784.1,0
M,300.1,309.7,1348,57.3,48,0,0,0,0,0,0,9.599999999999966,Low,High,77240.4,0
L,300.0,309.6,1738,28.7,51,0,0,0,0,0,0,9.600000000000023,Low,Medium,49880.6,0
M,300.0,309.6,1618,36.2,53,0,0,0,0,0,0,9.600000000000023,Low,Medium,58571.600000000006,0
M,299.9,309.6,1489,41.7,56,0,0,0,0,0,0,9.700000000000045,Low,Medium,62091.3,0
M,299.9,309.5,1412,57.9,59,0,0,0,0,0,0,9.600000000000023,Low,High,81754.8,0
M,299.9,309.5,2065,18.1,62,0,0,0,0,0,0,9.600000000000023,Low,Low,37376.5,0
L,300.0,309.6,1571,33.1,65,0,0,0,0,0,0,9.600000000000023,Low,Medium,52000.100000000006,0
M,300.0,309.6,1423,48.7,67,0,0,0,0,0,0,9.600000000000023,Low,Medium,69300.1,0
H,300.0,309.5,1781,24.9,70,0,0,0,0,0,0,9.5,Low,Low,44346.899999999994,0
L,300.1,309.6,1321,46.9,75,0,0,0,0,0,0,9.5,Low,Medium,61954.9,0
L,300.1,309.6,1546,36.7,77,0,0,0,0,0,0,9.5,Low,Medium,56738.200000000004,0
M,300.0,309.5,1879,22.4,79,0,0,0,0,0,0,9.5,Low,Low,42089.6,0
H,300.0,309.5,1735,28.9,82,0,0,0,0,0,0,9.5,Low,Medium,50141.5,0
L,300.0,309.5,1506,38.8,87,0,0,0,0,0,0,9.5,Medium,Medium,58432.799999999996,0
H,300.0,309.6,1629,32.3,89,0,0,0,0,0,0,9.600000000000023,Medium,Medium,52616.7,0
L,300.0,309.6,1694,28.7,94,0,0,0,0,0,0,9.600000000000023,Medium,Medium,48617.799999999996,0
L,300.1,309.6,1541,37.0,96,0,0,0,0,0,0,9.5,Medium,Medium,57017.0,0
L,300.0,309.6,1514,44.6,98,0,0,0,0,0,0,9.600000000000023,Medium,Medium,67524.40000000001,0
L,300.1,309.7,1485,45.9,100,0,0,0,0,0,0,9.599999999999966,Medium,Medium,68161.5,0
L,300.2,309.8,1430,55.0,102,0,0,0,0,0,0,9.600000000000023,Medium,High,78650.0,0
L,300.2,309.7,1771,27.1,104,0,0,0,0,0,0,9.5,Medium,Low,47994.100000000006,0
L,300.2,309.8,1481,41.9,106,0,0,0,0,0,0,9.600000000000023,Medium,Medium,62053.9,0
H,300.2,309.7,1483,43.8,108,0,0,0,0,0,0,9.5,Medium,Medium,64955.399999999994,0
H,300.1,309.6,1463,45.1,113,0,0,0,0,0,0,9.5,Medium,Medium,65981.3,0
L,300.1,309.7,1410,48.3,118,0,0,0,0,0,0,9.599999999999966,Medium,Medium,68103.0,0
L,300.2,309.7,1656,34.3,120,0,0,0,0,0,0,9.5,Medium,Medium,56800.799999999996,0
M,300.2,309.8,1487,39.2,122,0,0,0,0,0,0,9.600000000000023,Medium,Medium,58290.4,0
H,300.3,309.9,1509,46.6,125,0,0,0,0,0,0,9.599999999999966,Medium,Medium,70319.40000000001,0
H,300.3,309.9,1677,30.1,130,0,0,0,0,0,0,9.599999999999966,Medium,Medium,50477.700000000004,0
L,300.3,309.8,1450,55.0,135,0,0,0,0,0,0,9.5,Medium,High,79750.0,0
M,300.2,309.7,1413,43.0,137,0,0,0,0,0,0,9.5,Medium,Medium,60759.0,0
L,300.1,309.7,1680,33.8,140,0,0,0,0,0,0,9.599999999999966,Medium,Medium,56783.99999999999,0
L,300.2,309.7,1678,30.5,142,0,0,0,0,0,0,9.5,Medium,Medium,51179.0,0
M,300.2,309.7,1408,44.0,144,0,0,0,0,0,0,9.5,Medium,Medium,61952.0,0
M,300.1,309.6,1376,52.1,147,0,0,0,0,0,0,9.5,Medium,Medium,71689.6,0
L,300.0,309.6,1526,46.4,150,0,0,0,0,0,0,9.600000000000023,Medium,Medium,70806.4,0
M,300.0,309.6,1587,32.6,152,0,0,0,0,0,0,9.600000000000023,Medium,Medium,51736.200000000004,0
L,300.1,309.7,1351,58.2,155,0,0,0,0,0,0,9.599999999999966,Medium,High,78628.2,0
M,300.1,309.6,1501,38.0,157,0,0,0,0,0,0,9.5,Medium,Medium,57038.0,0
L,300.1,309.7,1601,35.8,160,0,0,0,0,0,0,9.599999999999966,Medium,Medium,57315.799999999996,0
M,300.0,309.6,1573,39.7,162,0,0,0,0,0,0,9.600000000000023,Medium,Medium,62448.100000000006,0
M,300.1,309.6,1584,36.7,165,0,0,0,0,0,0,9.5,Medium,Medium,58132.8,0
L,300.1,309.6,1649,33.6,168,0,0,0,0,0,0,9.5,Medium,Medium,55406.4,0
M,300.2,309.7,1183,61.4,170,0,0,0,0,0,0,9.5,High,High,72636.2,0
L,300.1,309.7,2151,17.5,173,0,0,0,0,0,0,9.599999999999966,High,Low,37642.5,0
L,300.2,309.8,1526,45.6,175,0,0,0,0,0,0,9.600000000000023,High,Medium,69585.6,0
M,300.3,309.9,1611,29.0,177,0,0,0,0,0,0,9.599999999999966,High,Medium,46719.0,0
L,300.3,309.9,1601,31.7,180,0,0,0,0,0,0,9.599999999999966,High,Medium,50751.7,0
L,300.3,310.0,1560,40.8,182,0,0,0,0,0,0,9.699999999999989,High,Medium,63647.99999999999,0
L,300.4,310.1,1544,41.9,184,0,0,0,0,0,0,9.700000000000045,High,Medium,64693.6,0
M,300.4,310.0,1560,42.3,186,0,0,0,0,0,0,9.600000000000023,High,Medium,65988.0,0
L,300.4,310.0,1423,44.2,189,0,0,0,0,0,0,9.600000000000023,High,Medium,62896.600000000006,0
L,300.4,310.1,1614,33.5,191,0,0,0,0,0,0,9.700000000000045,High,Medium,54069.0,0
M,300.4,310.1,1457,35.1,193,0,0,0,0,0,0,9.700000000000045,High,Medium,51140.700000000004,0
L,300.4,310.1,1503,42.2,196,0,0,0,0,0,0,9.700000000000045,High,Medium,63426.600000000006,0
H,300.4,310.1,1484,38.0,198,0,0,0,0,0,0,9.700000000000045,High,Medium,56392.0,0
L,300.3,309.9,1540,39.9,203,0,0,0,0,0,0,9.599999999999966,High,Medium,61446.0,1
H,300.3,309.9,1405,52.1,205,0,0,0,0,0,0,9.599999999999966,High,Medium,73200.5,1
H,300.3,309.9,1394,46.7,210,1,1,0,0,0,0,9.599999999999966,High,Medium,65099.8,1
L,300.3,309.9,1518,36.4,0,0,0,0,0,0,0,9.599999999999966,Low,Medium,55255.2,0
L,300.3,309.9,1527,41.4,2,0,0,0,0,0,0,9.599999999999966,Low,Medium,63217.799999999996,0
L,300.3,309.9,1377,55.3,4,0,0,0,0,0,0,9.599999999999966,Low,High,76148.09999999999,0
M,300.3,310.0,1537,37.5,6,0,0,0,0,0,0,9.699999999999989,Low,Medium,57637.5,0
M,300.3,310.0,1409,43.2,9,0,0,0,0,0,0,9.699999999999989,Low,Medium,60868.8,0
L,300.3,309.9,1393,56.1,12,0,0,0,0,0,0,9.599999999999966,Low,High,78147.3,0
L,300.2,309.7,1448,36.8,14,0,0,0,0,0,0,9.5,Low,Medium,53286.399999999994,0
L,300.2,309.8,1418,49.3,16,0,0,0,0,0,0,9.600000000000023,Low,Medium,69907.4,0
M,300.2,309.8,1743,24.1,18,0,0,0,0,0,0,9.600000000000023,Low,Low,42006.3,0
M,300.2,309.8,1394,47.4,21,0,0,0,0,0,0,9.600000000000023,Low,Medium,66075.59999999999,0
L,300.3,309.8,1523,39.2,24,0,0,0,0,0,0,9.5,Low,Medium,59701.600000000006,0
L,300.2,309.8,1353,59.4,26,0,0,0,0,0,0,9.600000000000023,Low,High,80368.2,0
M,300.3,309.9,1447,46.5,28,0,0,0,0,0,0,9.599999999999966,Low,Medium,67285.5,0
L,300.3,309.9,1570,34.0,31,0,0,0,0,0,0,9.599999999999966,Low,Medium,53380.0,0
M,300.3,309.9,1494,38.5,33,0,0,0,0,0,0,9.599999999999966,Low,Medium,57519.0,0
L,300.3,309.9,1621,34.1,36,0,0,0,0,0,0,9.599999999999966,Low,Medium,55276.100000000006,0
L,300.4,310.0,1769,26.1,38,0,0,0,0,0,0,9.600000000000023,Low,Low,46170.9,0
L,300.4,310.0,1282,66.1,40,0,0,0,0,0,0,9.600000000000023,Low,High,84740.2,0
L,300.4,310.0,1581,30.3,42,0,0,0,0,0,0,9.600000000000023,Low,Medium,47904.3,0
L,300.6,310.1,1656,32.7,44,0,0,0,0,0,0,9.5,Low,Medium,54151.200000000004,0
L,300.6,310.2,1648,31.7,46,0,0,0,0,0,0,9.599999999999966,Low,Medium,52241.6,0
L,300.7,310.2,1639,31.4,48,0,0,0,0,0,0,9.5,Low,Medium,51464.6,0
L,300.7,310.2,1348,54.8,50,0,0,0,0,0,0,9.5,Low,High,73870.4,0
L,300.8,310.3,1537,33.3,52,0,0,0,0,0,0,9.5,Low,Medium,51182.1,0
M,300.8,310.3,1270,61.0,54,0,0,0,0,0,0,9.5,Low,High,77470.0,0
L,300.7,310.3,1662,34.4,57,0,0,0,0,0,0,9.600000000000023,Low,Medium,57172.799999999996,0
M,300.7,310.3,1471,40.2,59,0,0,0,0,0,0,9.600000000000023,Low,Medium,59134.200000000004,0
L,300.6,310.1,1337,45.8,62,0,0,0,0,0,0,9.5,Low,Medium,61234.6,0
H,300.7,310.2,1877,24.8,64,0,0,0,0,0,0,9.5,Low,Low,46549.6,0
L,300.6,310.2,1519,44.6,69,0,0,0,0,0,0,9.599999999999966,Low,Medium,67747.40000000001,0
L,300.6,310.2,1378,47.3,71,0,0,0,0,0,0,9.599999999999966,Low,Medium,65179.399999999994,0
L,300.7,310.2,1696,27.5,73,0,0,0,0,0,0,9.5,Low,Low,46640.0,0
L,300.7,310.1,1376,50.8,75,0,0,0,0,0,0,9.400000000000034,Low,Medium,69900.8,0
L,300.7,310.2,1807,24.2,77,0,0,0,0,0,0,9.5,Low,Low,43729.4,0
L,300.7,310.1,1598,32.8,79,0,0,0,0,0,0,9.400000000000034,Low,Medium,52414.399999999994,0
L,300.7,310.1,1565,40.2,81,0,0,0,0,0,0,9.400000000000034,Low,Medium,62913.00000000001,0
L,300.7,310.2,1387,50.6,83,0,0,0,0,0,0,9.5,Low,Medium,70182.2,0
L,300.7,310.0,1395,48.0,85,0,0,0,0,0,0,9.300000000000011,Medium,Medium,66960.0,0
M,300.6,310.0,1302,62.9,87,0,0,0,0,0,0,9.399999999999977,Medium,High,81895.8,0
M,300.6,310.0,1397,55.2,90,0,0,0,0,0,0,9.399999999999977,Medium,High,77114.40000000001,0
L,300.6,310.0,1313,52.9,93,0,0,0,0,0,0,9.399999999999977,Medium,High,69457.7,0
L,300.6,310.0,1505,35.9,95,0,0,0,0,0,0,9.399999999999977,Medium,Medium,54029.5,0
H,300.6,310.0,1483,44.0,97,0,0,0,0,0,0,9.399999999999977,Medium,Medium,65252.0,0
H,300.5,310.0,1358,60.4,102,0,0,0,0,0,0,9.5,Medium,High,82023.2,0
M,300.5,309.9,1735,27.0,107,0,0,0,0,0,0,9.399999999999977,Medium,Low,46845.0,0
M,300.5,309.8,1416,48.5,110,0,0,0,0,0,0,9.300000000000011,Medium,Medium,68676.0,0
L,300.4,309.7,1740,31.1,113,0,0,0,0,0,0,9.300000000000011,Medium,Medium,54114.0,0
L,300.4,309.7,1692,27.4,115,0,0,0,0,0,0,9.300000000000011,Medium,Low,46360.799999999996,0
L,300.5,309.8,1507,42.5,117,0,0,0,0,0,0,9.300000000000011,Medium,Medium,64047.5,0
M,300.4,309.6,1521,35.0,119,0,0,0,0,0,0,9.200000000000045,Medium,Medium,53235.0,0
L,300.4,309.6,1379,54.5,122,0,0,0,0,0,0,9.200000000000045,Medium,High,75155.5,0
L,300.4,309.6,1523,38.5,124,0,0,0,0,0,0,9.200000000000045,Medium,Medium,58635.5,0
H,300.4,309.6,1571,33.6,126,0,0,0,0,0,0,9.200000000000045,Medium,Medium,52785.600000000006,0
H,300.4,309.5,1547,50.7,131,0,0,0,0,0,0,9.100000000000023,Medium,Medium,78432.90000000001,0
M,300.5,309.7,1347,54.3,136,0,0,0,0,0,0,9.199999999999989,Medium,High,73142.09999999999,0
L,300.5,309.7,1560,30.2,139,0,0,0,0,0,0,9.199999999999989,Medium,Medium,47112.0,0
L,300.5,309.7,1384,48.6,141,0,0,0,0,0,0,9.199999999999989,Medium,Medium,67262.40000000001,0
L,300.5,309.7,1841,24.6,143,0,0,0,0,0,0,9.199999999999989,Medium,Low,45288.600000000006,0
L,300.5,309.8,1663,29.1,145,1,0,0,0,0,0,9.300000000000011,Medium,Medium,48393.3,0
L,300.6,309.8,1418,42.7,147,0,0,0,0,0,0,9.199999999999989,Medium,Medium,60548.600000000006,0
L,300.7,309.9,1775,26.6,149,0,0,0,0,0,0,9.199999999999989,Medium,Low,47215.0,0
L,300.7,309.8,1406,48.4,151,0,0,0,0,0,0,9.100000000000023,Medium,Medium,68050.4,0
L,300.6,309.9,1480,43.7,153,0,0,0,0,0,0,9.299999999999955,Medium,Medium,64676.00000000001,0
L,300.7,309.9,1412,45.3,155,0,0,0,0,0,0,9.199999999999989,Medium,Medium,63963.6,0
H,300.6,309.8,1913,22.5,157,0,0,0,0,0,0,9.199999999999989,Medium,Low,43042.5,0
L,300.6,309.8,1629,37.6,162,0,0,0,0,0,0,9.199999999999989,Medium,Medium,61250.4,0
L,300.5,309.8,1939,21.4,164,0,0,0,0,0,0,9.300000000000011,Medium,Low,41494.6,0
H,300.6,309.8,1541,36.2,166,0,0,0,0,0,0,9.199999999999989,Medium,Medium,55784.200000000004,0
L,300.7,309.8,1330,54.4,171,0,0,0,0,0,0,9.100000000000023,High,High,72352.0,0
M,300.7,309.8,1490,38.8,173,0,0,0,0,0,0,9.100000000000023,High,Medium,57811.99999999999,0
L,300.7,309.9,1383,44.5,176,0,0,0,0,0,0,9.199999999999989,High,Medium,61543.5,0
L,300.8,310.0,1468,52.7,178,0,0,0,0,0,0,9.199999999999989,High,High,77363.6,0
M,300.8,309.9,1444,46.0,180,0,0,0,0,0,0,9.099999999999966,High,Medium,66424.0,0
L,300.7,309.8,1363,53.1,183,0,0,0,0,0,0,9.100000000000023,High,High,72375.3,0
L,300.6,309.7,1617,33.2,185,0,0,0,0,0,0,9.099999999999966,High,Medium,53684.4,0
M,300.6,309.8,1694,31.1,187,0,0,0,0,0,0,9.199999999999989,High,Medium,52683.4,0
L,300.7,309.9,1815,27.0,190,0,0,0,0,0,0,9.199999999999989,High,Low,49005.0,0
L,300.8,309.9,1312,65.3,192,1,0,0,0,1,0,9.099999999999966,High,High,85673.59999999999,0
H,300.8,309.9,2041,19.2,194,0,0,0,0,0,0,9.099999999999966,High,Low,39187.2,0
L,300.9,310.0,1671,26.8,199,0,0,0,0,0,0,9.100000000000023,High,Low,44782.8,0
M,300.9,310.0,1416,46.6,201,0,0,0,0,0,0,9.100000000000023,High,Medium,65985.6,1
M,300.9,310.0,1600,36.0,204,0,0,0,0,0,0,9.100000000000023,High,Medium,57600.0,1
L,300.9,310.0,2595,13.7,207,0,0,0,0,0,0,9.100000000000023,High,Low,35551.5,1
M,300.9,309.9,1465,42.9,209,0,0,0,0,0,0,9.0,High,Medium,62848.5,1
M,301.0,310.1,1681,27.4,212,0,0,0,0,0,0,9.100000000000023,High,Low,46059.399999999994,1
L,301.1,310.1,1457,39.6,215,0,0,0,0,0,0,9.0,High,Medium,57697.200000000004,1
H,301.0,310.1,1454,44.1,217,0,0,0,0,0,0,9.100000000000023,High,Medium,64121.4,1
L,301.0,310.1,1558,32.6,0,0,0,0,0,0,0,9.100000000000023,Low,Medium,50790.8,0
H,301.0,310.1,1756,30.7,2,0,0,0,0,0,0,9.100000000000023,Low,Medium,53909.2,0
L,301.1,310.1,1564,36.8,7,0,0,0,0,0,0,9.0,Low,Medium,57555.2,0
L,301.1,310.2,1455,55.3,9,0,0,0,0,0,0,9.099999999999966,Low,High,80461.5,0
M,301.2,310.1,2280,15.7,11,0,0,0,0,0,0,8.900000000000034,Low,Low,35796.0,0
M,301.1,310.0,1433,48.1,14,0,0,0,0,0,0,8.899999999999977,Low,Medium,68927.3,0
L,301.1,310.0,1513,38.0,17,0,0,0,0,0,0,8.899999999999977,Low,Medium,57494.0,0
L,301.0,309.9,1507,41.8,19,0,0,0,0,0,0,8.899999999999977,Low,Medium,62992.6,0
L,301.0,310.0,1480,43.5,21,0,0,0,0,0,0,9.0,Low,Medium,64380.0,0
H,301.1,310.0,1470,40.1,23,0,0,0,0,0,0,8.899999999999977,Low,Medium,58947.0,0
L,301.1,310.1,1540,36.6,28,0,0,0,0,0,0,9.0,Low,Medium,56364.0,0
H,301.0,310.0,1212,67.9,30,0,0,0,0,0,0,9.0,Low,High,82294.8,0
L,301.1,310.1,1417,46.9,35,0,0,0,0,0,0,9.0,Low,Medium,66457.3,0
M,301.2,310.1,1666,34.9,37,0,0,0,0,0,0,8.900000000000034,Low,Medium,58143.399999999994,0
L,301.1,310.1,1666,27.2,40,0,0,0,0,0,0,9.0,Low,Low,45315.2,0
L,301.1,310.1,1489,45.8,42,0,0,0,0,0,0,9.0,Low,Medium,68196.2,0
M,301.1,310.2,1850,27.7,44,0,0,0,0,0,0,9.099999999999966,Low,Low,51245.0,0
L,301.1,310.4,1874,24.8,47,0,0,0,0,0,0,9.299999999999955,Low,Low,46475.200000000004,0
L,301.1,310.4,1312,73.6,49,1,0,0,1,0,0,9.299999999999955,Low,High,96563.2,0
L,301.2,310.4,1515,38.4,51,0,0,0,0,0,0,9.199999999999989,Low,Medium,58176.0,0
L,301.2,310.4,1516,44.4,53,0,0,0,0,0,0,9.199999999999989,Low,Medium,67310.4,0
L,301.2,310.5,1546,40.0,55,0,0,0,0,0,0,9.300000000000011,Low,Medium,61840.0,0
L,301.3,310.6,1481,40.9,57,0,0,0,0,0,0,9.300000000000011,Low,Medium,60572.9,0
H,301.3,310.6,1605,32.5,59,0,0,0,0,0,0,9.300000000000011,Low,Medium,52162.5,0
H,301.2,310.7,1656,26.2,64,0,0,0,0,0,0,9.5,Low,Low,43387.2,0
H,301.2,310.6,1352,52.0,69,0,0,0,0,0,0,9.400000000000034,Low,Medium,70304.0,0
L,301.3,310.7,1504,47.2,74,0,0,0,0,0,0,9.399999999999977,Low,Medium,70988.8,0
L,301.3,310.6,1436,44.2,76,0,0,0,0,0,0,9.300000000000011,Low,Medium,63471.200000000004,0
H,301.2,310.5,1505,43.6,78,0,0,0,0,0,0,9.300000000000011,Low,Medium,65618.0,0
L,301.3,310.5,1406,47.1,83,0,0,0,0,0,0,9.199999999999989,Low,Medium,66222.6,0
M,301.3,310.5,1481,39.7,85,0,0,0,0,0,0,9.199999999999989,Medium,Medium,58795.700000000004,0
L,301.4,310.7,1487,44.6,88,0,0,0,0,0,0,9.300000000000011,Medium,Medium,66320.2,0
L,301.4,310.7,1436,54.1,90,0,0,0,0,0,0,9.300000000000011,Medium,High,77687.6,0
M,301.4,310.7,1368,63.7,92,1,0,0,1,0,0,9.300000000000011,Medium,High,87141.6,0
L,301.4,310.7,1509,38.3,95,0,0,0,0,0,0,9.300000000000011,Medium,Medium,57794.7,0
L,301.4,310.8,1543,36.9,97,0,0,0,0,0,0,9.400000000000034,Medium,Medium,56936.7,0
L,301.4,310.8,1698,29.6,99,0,0,0,0,0,0,9.400000000000034,Medium,Medium,50260.8,0
M,301.4,310.7,1470,46.5,101,0,0,0,0,0,0,9.300000000000011,Medium,Medium,68355.0,0
M,301.4,310.8,1738,30.3,104,0,0,0,0,0,0,9.400000000000034,Medium,Medium,52661.4,0
M,301.4,310.8,1530,39.9,107,0,0,0,0,0,0,9.400000000000034,Medium,Medium,61047.0,0
L,301.4,310.8,1740,29.2,110,0,0,0,0,0,0,9.400000000000034,Medium,Medium,50808.0,0
L,301.4,310.8,1770,24.1,112,0,0,0,0,0,0,9.400000000000034,Medium,Low,42657.0,0
H,301.3,310.6,1527,44.0,114,0,0,0,0,0,0,9.300000000000011,Medium,Medium,67188.0,0
L,301.3,310.7,1516,46.0,119,0,0,0,0,0,0,9.399999999999977,Medium,Medium,69736.0,0
L,301.4,310.7,1616,36.5,121,0,0,0,0,0,0,9.300000000000011,Medium,Medium,58984.0,0
L,301.4,310.7,1786,26.1,123,0,0,0,0,0,0,9.300000000000011,Medium,Low,46614.600000000006,0
L,301.4,310.8,1389,52.7,125,0,0,0,0,0,0,9.400000000000034,Medium,High,73200.3,0
M,301.4,310.7,1639,29.8,127,0,0,0,0,0,0,9.300000000000011,Medium,Medium,48842.200000000004,0
H,301.5,310.7,1394,46.7,130,0,0,0,0,0,0,9.199999999999989,Medium,Medium,65099.8,0
L,301.5,310.7,1686,27.9,135,0,0,0,0,0,0,9.199999999999989,Medium,Low,47039.399999999994,0
M,301.5,310.6,1638,31.9,137,0,0,0,0,0,0,9.100000000000023,Medium,Medium,52252.2,0
M,301.5,310.6,1447,41.9,140,0,0,0,0,0,0,9.100000000000023,Medium,Medium,60629.299999999996,0
H,301.5,310.6,1512,39.0,143,0,0,0,0,0,0,9.100000000000023,Medium,Medium,58968.0,0
L,301.6,310.8,1961,21.8,148,0,0,0,0,0,0,9.199999999999989,Medium,Low,42749.8,0
L,301.5,310.7,1596,35.4,150,0,0,0,0,0,0,9.199999999999989,Medium,Medium,56498.399999999994,0
M,301.5,310.7,1871,21.3,152,0,0,0,0,0,0,9.199999999999989,Medium,Low,39852.3,0
L,301.5,310.7,1942,20.5,155,0,0,0,0,0,0,9.199999999999989,Medium,Low,39811.0,0
L,301.4,310.6,1557,38.2,157,0,0,0,0,0,0,9.200000000000045,Medium,Medium,59477.4,0
L,301.4,310.6,1550,36.8,159,0,0,0,0,0,0,9.200000000000045,Medium,Medium,57039.99999999999,0
L,301.3,310.6,1966,22.6,161,0,0,0,0,0,0,9.300000000000011,Medium,Low,44431.600000000006,0
M,301.3,310.6,1499,36.1,163,0,0,0,0,0,0,9.300000000000011,Medium,Medium,54113.9,0
L,301.3,310.6,1521,36.3,166,0,0,0,0,0,0,9.300000000000011,Medium,Medium,55212.299999999996,0
M,301.4,310.7,1375,42.0,168,0,0,0,0,0,0,9.300000000000011,Medium,Medium,57750.0,0
L,301.4,310.6,1634,31.1,171,0,0,0,0,0,0,9.200000000000045,High,Medium,50817.4,0
M,301.3,310.6,1378,49.4,173,0,0,0,0,0,0,9.300000000000011,High,Medium,68073.2,0
L,301.4,310.7,1428,53.7,176,0,0,0,0,0,0,9.300000000000011,High,High,76683.6,0
M,301.4,310.6,1855,25.3,178,0,0,0,0,0,0,9.200000000000045,High,Low,46931.5,0
L,301.4,310.6,1578,33.0,181,0,0,0,0,0,0,9.200000000000045,High,Medium,52074.0,0
M,301.4,310.5,1451,45.3,183,0,0,0,0,0,0,9.100000000000023,High,Medium,65730.3,0
L,301.5,310.5,1644,34.9,186,0,0,0,0,0,0,9.0,High,Medium,57375.6,0
L,301.4,310.4,1388,45.3,188,0,0,0,0,0,0,9.0,High,Medium,62876.399999999994,0
L,301.4,310.4,1543,40.9,190,0,0,0,0,0,0,9.0,High,Medium,63108.7,0
L,301.3,310.4,1501,41.6,192,0,0,0,0,0,0,9.099999999999966,High,Medium,62441.6,0
L,301.3,310.4,1507,39.1,194,0,0,0,0,0,0,9.099999999999966,High,Medium,58923.700000000004,0
L,301.4,310.4,1559,36.0,196,0,0,0,0,0,0,9.0,High,Medium,56124.0,0
L,301.5,310.5,1528,35.7,198,0,0,0,0,0,0,9.0,High,Medium,54549.600000000006,0
M,301.5,310.5,1503,38.2,200,0,0,0,0,0,0,9.0,High,Medium,57414.600000000006,1
L,301.5,310.5,1372,44.0,203,0,0,0,0,0,0,9.0,High,Medium,60368.0,1
M,301.5,310.5,1600,32.8,205,0,0,0,0,0,0,9.0,High,Medium,52479.99999999999,1
L,301.5,310.6,1453,44.0,208,0,0,0,0,0,0,9.100000000000023,High,Medium,63932.0,1
M,301.6,310.7,1813,24.6,210,0,0,0,0,0,0,9.099999999999966,High,Low,44599.8,1
L,301.6,310.7,1457,40.4,213,0,0,0,0,0,0,9.099999999999966,High,Medium,58862.799999999996,1
M,301.6,310.6,1553,38.9,0,0,0,0,0,0,0,9.0,Low,Medium,60411.7,0
L,301.7,310.7,1763,25.9,3,0,0,0,0,0,0,9.0,Low,Low,45661.7,0
L,301.7,310.7,2023,20.9,5,0,0,0,0,0,0,9.0,Low,Low,42280.7,0
M,301.6,310.7,1457,47.8,7,0,0,0,0,0,0,9.099999999999966,Low,Medium,69644.59999999999,0
L,301.6,310.7,1679,29.5,10,0,0,0,0,0,0,9.099999999999966,Low,Medium,49530.5,0
L,301.6,310.6,2103,19.7,12,0,0,0,0,0,0,9.0,Low,Low,41429.1,0
M,301.5,310.7,1460,38.6,14,0,0,0,0,0,0,9.199999999999989,Low,Medium,56356.0,0
M,301.5,310.7,1454,39.4,17,0,0,0,0,0,0,9.199999999999989,Low,Medium,57287.6,0
L,301.5,310.6,1481,46.8,20,0,0,0,0,0,0,9.100000000000023,Low,Medium,69310.8,0
L,301.5,310.7,1424,51.1,22,0,0,0,0,0,0,9.199999999999989,Low,Medium,72766.40000000001,0
L,301.6,310.7,1494,39.5,24,0,0,0,0,0,0,9.099999999999966,Low,Medium,59013.0,0
M,301.5,310.6,1424,47.0,26,0,0,0,0,0,0,9.100000000000023,Low,Medium,66928.0,0
M,301.5,310.7,1347,47.9,29,0,0,0,0,0,0,9.199999999999989,Low,Medium,64521.299999999996,0
L,301.5,310.6,1374,46.7,32,0,0,0,0,0,0,9.100000000000023,Low,Medium,64165.8,0
M,301.5,310.6,1403,47.4,34,0,0,0,0,0,0,9.100000000000023,Low,Medium,66502.2,0
M,301.5,310.6,1573,37.4,37,0,0,0,0,0,0,9.100000000000023,Low,Medium,58830.2,0
M,301.6,310.6,1691,30.1,40,0,0,0,0,0,0,9.0,Low,Medium,50899.100000000006,0
H,301.5,310.5,1538,44.3,43,0,0,0,0,0,0,9.0,Low,Medium,68133.4,0
L,301.5,310.5,1556,39.1,48,0,0,0,0,0,0,9.0,Low,Medium,60839.600000000006,0
M,301.5,310.4,1593,36.8,50,0,0,0,0,0,0,8.899999999999977,Low,Medium,58622.399999999994,0
L,301.5,310.4,1474,39.9,53,0,0,0,0,0,0,8.899999999999977,Low,Medium,58812.6,0
L,301.5,310.4,1543,34.0,55,0,0,0,0,0,0,8.899999999999977,Low,Medium,52462.0,0
H,301.5,310.5,1587,33.8,57,0,0,0,0,0,0,9.0,Low,Medium,53640.6,0
L,301.6,310.6,1222,70.0,62,0,0,0,0,0,0,9.0,Low,High,85540.0,0
L,301.7,310.6,1513,41.1,64,0,0,0,0,0,0,8.900000000000034,Low,Medium,62184.3,0
L,301.7,310.6,1660,28.7,66,0,0,0,0,0,0,8.900000000000034,Low,Medium,47642.0,0
L,301.7,310.6,1545,42.1,68,0,0,0,0,0,0,8.900000000000034,Low,Medium,65044.5,0
M,301.7,310.6,1380,45.8,70,0,0,0,0,0,0,8.900000000000034,Low,Medium,63203.99999999999,0
L,301.6,310.6,1321,60.8,73,0,0,0,0,0,0,9.0,Low,High,80316.8,0
M,301.6,310.6,1309,65.8,75,1,0,0,1,0,0,9.0,Low,High,86132.2,0
M,301.7,310.7,1627,31.3,78,0,0,0,0,0,0,9.0,Low,Medium,50925.1,0
M,301.6,310.7,1791,23.8,81,0,0,0,0,0,0,9.099999999999966,Low,Low,42625.8,0
M,301.7,310.7,1861,21.8,84,0,0,0,0,0,0,9.0,Low,Low,40569.8,0
L,301.7,310.7,1493,51.1,87,0,0,0,0,0,0,9.0,Medium,Medium,76292.3,0
M,301.7,310.7,1442,41.1,89,0,0,0,0,0,0,9.0,Medium,Medium,59266.200000000004,0
L,301.7,310.7,1532,39.8,92,0,0,0,0,0,0,9.0,Medium,Medium,60973.6,0
M,301.6,310.7,1421,44.4,94,0,0,0,0,0,0,9.099999999999966,Medium,Medium,63092.4,0
L,301.6,310.6,1613,42.5,97,0,0,0,0,0,0,9.0,Medium,Medium,68552.5,0
M,301.7,310.6,1876,22.1,99,0,0,0,0,0,0,8.900000000000034,Medium,Low,41459.600000000006,0
L,301.6,310.5,1593,34.5,102,0,0,0,0,0,0,8.899999999999977,Medium,Medium,54958.5,0
L,301.6,310.5,1397,49.4,104,0,0,0,0,0,0,8.899999999999977,Medium,Medium,69011.8,0
M,301.6,310.5,1414,49.3,106,0,0,0,0,0,0,8.899999999999977,Medium,Medium,69710.2,0
M,301.5,310.4,1378,55.3,109,0,0,0,0,0,0,8.899999999999977,Medium,High,76203.4,0
L,301.4,310.4,1301,51.2,112,0,0,0,0,0,0,9.0,Medium,Medium,66611.2,0
M,301.5,310.5,1737,29.3,114,0,0,0,0,0,0,9.0,Medium,Medium,50894.1,0
L,301.5,310.5,1396,44.5,117,0,0,0,0,0,0,9.0,Medium,Medium,62122.0,0
L,301.5,310.5,1534,39.3,119,0,0,0,0,0,0,9.0,Medium,Medium,60286.2,0
M,301.5,310.5,1774,25.5,121,0,0,0,0,0,0,9.0,Medium,Low,45237.0,0
H,301.5,310.5,1453,48.0,124,0,0,0,0,0,0,9.0,Medium,Medium,69744.0,0
L,301.5,310.5,1453,44.2,129,0,0,0,0,0,0,9.0,Medium,Medium,64222.600000000006,0
L,301.4,310.5,1380,48.4,131,0,0,0,0,0,0,9.100000000000023,Medium,Medium,66792.0,0
L,301.4,310.4,1334,43.2,133,0,0,0,0,0,0,9.0,Medium,Medium,57628.8,0
L,301.5,310.5,1702,28.7,135,0,0,0,0,0,0,9.0,Medium,Medium,48847.4,0
L,301.6,310.6,1431,37.5,137,0,0,0,0,0,0,9.0,Medium,Medium,53662.5,0
M,301.5,310.5,1308,60.5,139,0,0,0,0,0,0,9.0,Medium,High,79134.0,0
L,301.5,310.6,1565,43.9,142,0,0,0,0,0,0,9.100000000000023,Medium,Medium,68703.5,0
M,301.5,310.4,1486,39.6,144,0,0,0,0,0,0,8.899999999999977,Medium,Medium,58845.6,0
L,301.5,310.5,1479,34.2,147,0,0,0,0,0,0,9.0,Medium,Medium,50581.8,0
L,301.5,310.5,1927,22.4,149,0,0,0,0,0,0,9.0,Medium,Low,43164.799999999996,0
L,301.5,310.4,1488,41.1,151,0,0,0,0,0,0,8.899999999999977,Medium,Medium,61156.8,0
M,301.5,310.4,1350,54.9,153,0,0,0,0,0,0,8.899999999999977,Medium,High,74115.0,0
L,301.6,310.4,1561,35.3,156,0,0,0,0,0,0,8.799999999999955,Medium,Medium,55103.299999999996,0
M,301.5,310.4,1276,55.6,158,0,0,0,0,0,0,8.899999999999977,Medium,High,70945.6,0
H,301.5,310.4,1580,35.7,161,0,0,0,0,0,0,8.899999999999977,Medium,Medium,56406.00000000001,0
M,301.4,310.3,1610,29.1,166,0,0,0,0,0,0,8.900000000000034,Medium,Medium,46851.0,0
L,301.4,310.3,2203,16.6,169,0,0,0,0,0,0,8.900000000000034,High,Low,36569.8,0
L,301.4,310.3,1639,32.7,171,0,0,0,0,0,0,8.900000000000034,High,Medium,53595.3,0
M,301.4,310.4,1553,44.7,173,0,0,0,0,0,0,9.0,High,Medium,69419.1,0
L,301.4,310.3,1374,47.6,176,0,0,0,0,0,0,8.900000000000034,High,Medium,65402.4,0
L,301.4,310.4,1430,50.9,178,0,0,0,0,0,0,9.0,High,Medium,72787.0,0
L,301.3,310.3,1626,31.3,180,0,0,0,0,0,0,9.0,High,Medium,50893.8,0
H,301.4,310.5,1421,43.8,182,0,0,0,0,0,0,9.100000000000023,High,Medium,62239.799999999996,0
M,301.3,310.4,1501,39.8,187,0,0,0,0,0,0,9.099999999999966,High,Medium,59739.799999999996,0
M,301.3,310.4,2093,18.7,190,0,0,0,0,0,0,9.099999999999966,High,Low,39139.1,0
L,301.3,310.4,1504,47.2,193,0,0,0,0,0,0,9.099999999999966,High,Medium,70988.8,0
L,301.3,310.4,1538,38.4,195,0,0,0,0,0,0,9.099999999999966,High,Medium,59059.2,0
L,301.3,310.4,1440,41.5,197,0,0,0,0,0,0,9.099999999999966,High,Medium,59760.0,0
L,301.3,310.4,1414,51.4,199,0,0,0,0,0,0,9.099999999999966,High,Medium,72679.59999999999,0
H,301.4,310.5,1536,39.9,201,0,0,0,0,0,0,9.100000000000023,High,Medium,61286.399999999994,1
L,301.4,310.5,1476,39.2,206,0,0,0,0,0,0,9.100000000000023,High,Medium,57859.200000000004,1
L,301.4,310.5,1571,33.9,208,0,0,0,0,0,0,9.100000000000023,High,Medium,53256.899999999994,1
L,301.5,310.6,1998,20.2,210,0,0,0,0,0,0,9.100000000000023,High,Low,40359.6,1
L,301.5,310.6,1357,42.1,212,0,0,0,0,0,0,9.100000000000023,High,Medium,57129.700000000004,1
L,301.6,310.7,1424,50.5,214,0,0,0,0,0,0,9.099999999999966,High,Medium,71912.0,1
L,301.6,310.7,1380,51.8,216,1,0,0,0,1,0,9.099999999999966,High,Medium,71484.0,1
L,301.5,310.7,1618,35.5,218,0,0,0,0,0,0,9.199999999999989,High,Medium,57439.0,1
L,301.5,310.6,1579,28.0,220,0,0,0,0,0,0,9.100000000000023,High,Low,44212.0,1
L,301.5,310.7,1423,44.0,222,0,0,0,0,0,0,9.199999999999989,High,Medium,62612.0,1
L,301.5,310.7,1435,38.5,224,0,0,0,0,0,0,9.199999999999989,High,Medium,55247.5,1
M,301.5,310.7,1336,65.6,0,1,0,0,1,0,0,9.199999999999989,Low,High,87641.59999999999,0
L,301.6,310.8,1392,42.4,3,0,0,0,0,0,0,9.199999999999989,Low,Medium,59020.799999999996,0
L,301.5,310.8,1417,49.7,5,0,0,0,0,0,0,9.300000000000011,Low,Medium,70424.90000000001,0
L,301.4,310.7,1425,45.1,7,0,0,0,0,0,0,9.300000000000011,Low,Medium,64267.5,0
L,301.5,310.8,1512,38.9,9,0,0,0,0,0,0,9.300000000000011,Low,Medium,58816.799999999996,0
L,301.5,310.9,1318,50.6,11,0,0,0,0,0,0,9.399999999999977,Low,Medium,66690.8,0
L,301.6,310.9,1538,40.4,13,0,0,0,0,0,0,9.299999999999955,Low,Medium,62135.2,0
L,301.6,310.9,1532,43.6,15,0,0,0,0,0,0,9.299999999999955,Low,Medium,66795.2,0
L,301.7,311.0,1715,24.8,17,0,0,0,0,0,0,9.300000000000011,Low,Low,42532.0,0
L,301.7,311.0,1700,28.7,19,0,0,0,0,0,0,9.300000000000011,Low,Medium,48790.0,0
L,301.7,311.0,1548,40.3,21,0,0,0,0,0,0,9.300000000000011,Low,Medium,62384.399999999994,0
L,301.7,311.0,1546,43.0,23,0,0,0,0,0,0,9.300000000000011,Low,Medium,66478.0,0
L,301.7,311.0,1343,49.2,25,0,0,0,0,0,0,9.300000000000011,Low,Medium,66075.6,0
M,301.7,311.0,1510,47.8,27,0,0,0,0,0,0,9.300000000000011,Low,Medium,72178.0,0
M,301.8,311.0,1839,23.6,30,0,0,0,0,0,0,9.199999999999989,Low,Low,43400.4,0
M,301.8,311.0,1756,26.7,33,0,0,0,0,0,0,9.199999999999989,Low,Low,46885.2,0
M,301.7,310.9,1300,62.7,36,0,0,0,0,0,0,9.199999999999989,Low,High,81510.0,0
M,301.7,311.0,1311,55.8,39,0,0,0,0,0,0,9.300000000000011,Low,High,73153.8,0
L,301.7,310.9,1636,31.3,42,0,0,0,0,0,0,9.199999999999989,Low,Medium,51206.8,0
L,301.6,310.9,1643,34.1,44,0,0,0,0,0,0,9.299999999999955,Low,Medium,56026.3,0
L,301.6,310.8,1418,44.7,46,0,0,0,0,0,0,9.199999999999989,Low,Medium,63384.600000000006,0
M,301.7,310.8,1516,40.4,48,0,0,0,0,0,0,9.100000000000023,Low,Medium,61246.4,0
H,301.6,310.9,1419,50.2,51,0,0,0,0,0,0,9.299999999999955,Low,Medium,71233.8,0
L,301.6,310.9,1623,34.1,56,0,0,0,0,0,0,9.299999999999955,Low,Medium,55344.3,0
M,301.6,310.8,1664,32.0,58,0,0,0,0,0,0,9.199999999999989,Low,Medium,53248.0,0
M,301.5,310.7,1744,28.2,61,0,0,0,0,0,0,9.199999999999989,Low,Medium,49180.799999999996,0
M,301.5,310.7,1510,36.0,64,0,0,0,0,0,0,9.199999999999989,Low,Medium,54360.0,0
M,301.5,310.6,1382,58.1,67,0,0,0,0,0,0,9.100000000000023,Low,High,80294.2,0
L,301.4,310.6,1381,46.1,70,0,0,0,0,0,0,9.200000000000045,Low,Medium,63664.1,0
L,301.3,310.6,1556,39.0,72,0,0,0,0,0,0,9.300000000000011,Low,Medium,60684.0,0
M,301.4,310.6,1464,37.4,74,0,0,0,0,0,0,9.200000000000045,Low,Medium,54753.6,0
L,301.4,310.6,1481,37.6,77,0,0,0,0,0,0,9.200000000000045,Low,Medium,55685.6,0
L,301.5,310.7,1323,49.7,79,0,0,0,0,0,0,9.199999999999989,Low,Medium,65753.1,0
L,301.5,310.7,1426,46.1,81,0,0,0,0,0,0,9.199999999999989,Low,Medium,65738.6,0
H,301.4,310.7,1516,36.4,83,0,0,0,0,0,0,9.300000000000011,Low,Medium,55182.4,0
L,301.3,310.6,1416,45.2,88,0,0,0,0,0,0,9.300000000000011,Medium,Medium,64003.200000000004,0
L,301.3,310.6,1440,53.8,90,0,0,0,0,0,0,9.300000000000011,Medium,High,77472.0,0
L,301.3,310.6,1576,30.4,92,0,0,0,0,0,0,9.300000000000011,Medium,Medium,47910.399999999994,0
L,301.3,310.6,1387,53.6,94,0,0,0,0,0,0,9.300000000000011,Medium,High,74343.2,0
M,301.4,310.6,1464,48.6,96,0,0,0,0,0,0,9.200000000000045,Medium,Medium,71150.40000000001,0
L,301.4,310.6,2137,18.0,99,0,0,0,0,0,0,9.200000000000045,Medium,Low,38466.0,0
M,301.4,310.6,1431,40.6,101,0,0,0,0,0,0,9.200000000000045,Medium,Medium,58098.6,0
L,301.3,310.6,1458,48.0,104,0,0,0,0,0,0,9.300000000000011,Medium,Medium,69984.0,0
L,301.4,310.7,1280,61.0,106,0,0,0,0,0,0,9.300000000000011,Medium,High,78080.0,0
L,301.4,310.7,1657,28.7,108,0,0,0,0,0,0,9.300000000000011,Medium,Medium,47555.9,0
M,301.4,310.6,1565,36.1,110,0,0,0,0,0,0,9.200000000000045,Medium,Medium,56496.5,0
L,301.3,310.6,1560,36.8,113,0,0,0,0,0,0,9.300000000000011,Medium,Medium,57407.99999999999,0
M,301.5,310.7,1359,47.1,115,0,0,0,0,0,0,9.199999999999989,Medium,Medium,64008.9,0
L,301.5,310.8,1500,41.0,118,0,0,0,0,0,0,9.300000000000011,Medium,Medium,61500.0,0
L,301.5,310.8,1785,25.5,120,0,0,0,0,0,0,9.300000000000011,Medium,Low,45517.5,0
L,301.5,310.9,1891,23.2,122,0,0,0,0,0,0,9.399999999999977,Medium,Low,43871.2,0
H,301.5,310.9,1524,40.4,124,0,0,0,0,0,0,9.399999999999977,Medium,Medium,61569.6,0
M,301.6,311.0,1431,42.3,129,0,0,0,0,0,0,9.399999999999977,Medium,Medium,60531.299999999996,0
L,301.6,310.9,1385,51.2,132,0,0,0,0,0,0,9.299999999999955,Medium,Medium,70912.0,0
L,301.7,311.0,1503,44.8,134,0,0,0,0,0,0,9.300000000000011,Medium,Medium,67334.4,0
M,301.7,311.0,1311,46.8,136,0,0,0,0,0,0,9.300000000000011,Medium,Medium,61354.799999999996,0
M,301.6,310.9,1575,40.1,139,0,0,0,0,0,0,9.299999999999955,Medium,Medium,63157.5,0
L,301.6,311.0,1485,40.1,142,0,0,0,0,0,0,9.399999999999977,Medium,Medium,59548.5,0
L,301.7,311.0,1527,42.2,144,0,0,0,0,0,0,9.300000000000011,Medium,Medium,64439.4,0
M,301.7,311.0,1537,33.5,146,0,0,0,0,0,0,9.300000000000011,Medium,Medium,51489.5,0
H,301.8,311.1,1463,50.1,149,0,0,0,0,0,0,9.300000000000011,Medium,Medium,73296.3,0
L,301.7,311.2,1482,43.6,154,0,0,0,0,0,0,9.5,Medium,Medium,64615.200000000004,0
L,301.8,311.2,1417,55.9,156,0,0,0,0,0,0,9.399999999999977,Medium,High,79210.3,0
M,301.7,311.1,1506,39.5,158,0,0,0,0,0,0,9.400000000000034,Medium,Medium,59487.0,0
H,301.7,311.2,1639,30.0,161,0,0,0,0,0,0,9.5,Medium,Medium,49170.0,0
L,301.7,311.2,1418,38.0,166,0,0,0,0,0,0,9.5,Medium,Medium,53884.0,0
M,301.7,311.0,1298,58.1,168,0,0,0,0,0,0,9.300000000000011,Medium,High,75413.8,0
M,301.8,311.1,1395,44.6,171,0,0,0,0,0,0,9.300000000000011,High,Medium,62217.0,0
M,301.7,311.1,1578,40.5,174,0,0,0,0,0,0,9.400000000000034,High,Medium,63909.0,0
M,301.8,311.1,1597,29.8,177,0,0,0,0,0,0,9.300000000000011,High,Medium,47590.6,0
H,301.7,311.0,2016,19.3,180,0,0,0,0,0,0,9.300000000000011,High,Low,38908.8,0
L,301.7,311.0,1585,35.9,185,0,0,0,0,0,0,9.300000000000011,High,Medium,56901.5,0
M,301.7,311.0,1505,44.0,187,0,0,0,0,0,0,9.300000000000011,High,Medium,66220.0,0
M,301.7,311.0,1505,37.1,190,0,0,0,0,0,0,9.300000000000011,High,Medium,55835.5,0
L,301.6,310.9,1706,29.5,193,0,0,0,0,0,0,9.299999999999955,High,Medium,50327.0,0
L,301.6,310.9,1385,50.7,195,0,0,0,0,0,0,9.299999999999955,High,Medium,70219.5,0
L,301.8,311.1,1495,36.9,197,0,0,0,0,0,0,9.300000000000011,High,Medium,55165.5,0
M,301.8,311.1,1663,31.6,199,0,0,0,0,0,0,9.300000000000011,High,Medium,52550.8,0
L,301.8,311.2,1840,26.6,202,0,0,0,0,0,0,9.399999999999977,High,Low,48944.0,1
L,301.8,311.2,1822,26.2,204,0,0,0,0,0,0,9.399999999999977,High,Low,47736.4,1
L,301.7,311.1,1644,32.8,206,0,0,0,0,0,0,9.400000000000034,High,Medium,53923.2,1
L,301.7,311.0,1441,44.3,208,1,1,0,0,0,0,9.300000000000011,High,Medium,63836.299999999996,1
L,301.5,310.9,1451,40.6,0,0,0,0,0,0,0,9.399999999999977,Low,Medium,58910.6,0
L,301.5,310.9,1400,50.8,2,0,0,0,0,0,0,9.399999999999977,Low,Medium,71120.0,0
L,301.4,310.8,1362,53.2,4,0,0,0,0,0,0,9.400000000000034,Low,High,72458.40000000001,0
M,301.4,310.8,1782,26.5,6,0,0,0,0,0,0,9.400000000000034,Low,Low,47223.0,0
L,301.4,310.9,1536,38.3,9,0,0,0,0,0,0,9.5,Low,Medium,58828.799999999996,0
L,301.5,310.9,1580,32.3,11,0,0,0,0,0,0,9.399999999999977,Low,Medium,51033.99999999999,0
M,301.4,311.0,1427,43.2,13,0,0,0,0,0,0,9.600000000000023,Low,Medium,61646.4,0
L,301.3,310.9,1509,41.7,16,0,0,0,0,0,0,9.599999999999966,Low,Medium,62925.3,0
H,301.3,310.8,1434,39.5,18,0,0,0,0,0,0,9.5,Low,Medium,56643.0,0
L,301.2,310.8,1392,52.6,23,0,0,0,0,0,0,9.600000000000023,Low,High,73219.2,0
M,301.3,310.8,1509,40.1,25,0,0,0,0,0,0,9.5,Low,Medium,60510.9,0
M,301.2,310.7,1962,22.5,28,0,0,0,0,0,0,9.5,Low,Low,44145.0,0
L,301.3,310.7,1536,39.3,31,0,0,0,0,0,0,9.399999999999977,Low,Medium,60364.799999999996,0
L,301.3,310.8,1381,47.9,33,0,0,0,0,0,0,9.5,Low,Medium,66149.9,0
H,301.2,310.7,1747,27.3,35,0,0,0,0,0,0,9.5,Low,Low,47693.1,0
L,301.2,310.6,1670,30.0,40,0,0,0,0,0,0,9.400000000000034,Low,Medium,50100.0,0
L,301.3,310.6,1451,47.5,42,0,0,0,0,0,0,9.300000000000011,Low,Medium,68922.5,0
L,301.2,310.7,1951,21.3,44,0,0,0,0,0,0,9.5,Low,Low,41556.3,0
M,301.3,310.7,1819,25.5,46,0,0,0,0,0,0,9.399999999999977,Low,Low,46384.5,0
M,301.3,310.8,1372,54.2,49,0,0,0,0,0,0,9.5,Low,High,74362.40000000001,0
L,301.3,310.8,1560,38.5,52,0,0,0,0,0,0,9.5,Low,Medium,60060.0,0
M,301.3,310.8,1494,35.3,54,0,0,0,0,0,0,9.5,Low,Medium,52738.2,0
L,301.3,310.8,1531,53.4,57,0,0,0,0,0,0,9.5,Low,High,81755.4,0
L,301.3,310.8,1450,46.9,59,0,0,0,0,0,0,9.5,Low,Medium,68005.0,0
M,301.3,310.7,1391,52.5,61,0,0,0,0,0,0,9.399999999999977,Low,High,73027.5,0
L,301.2,310.6,1389,45.3,64,0,0,0,0,0,0,9.400000000000034,Low,Medium,62921.7,0
L,301.2,310.6,1409,50.9,66,0,0,0,0,0,0,9.400000000000034,Low,Medium,71718.09999999999,0
H,301.1,310.6,1388,58.5,68,0,0,0,0,0,0,9.5,Low,High,81198.0,0
M,301.1,310.6,1410,43.9,73,0,0,0,0,0,0,9.5,Low,Medium,61899.0,0
M,301.1,310.5,1646,30.7,76,0,0,0,0,0,0,9.399999999999977,Low,Medium,50532.2,0
M,301.1,310.7,2219,16.7,79,0,0,0,0,0,0,9.599999999999966,Low,Low,37057.299999999996,0
L,301.2,310.7,1551,41.2,82,0,0,0,0,0,0,9.5,Low,Medium,63901.200000000004,0
L,301.2,310.6,1811,24.0,84,0,0,0,0,0,0,9.400000000000034,Low,Low,43464.0,0
L,301.3,310.7,1608,31.4,86,0,0,0,0,0,0,9.399999999999977,Medium,Medium,50491.2,0
L,301.3,310.8,1428,55.2,88,0,0,0,0,0,0,9.5,Medium,High,78825.6,0
L,301.4,310.8,1477,50.4,90,0,0,0,0,0,0,9.400000000000034,Medium,Medium,74440.8,0
M,301.3,310.7,1300,58.3,92,0,0,0,0,0,0,9.399999999999977,Medium,High,75790.0,0
M,301.2,310.7,1615,34.9,95,0,0,0,0,0,0,9.5,Medium,Medium,56363.5,0
L,301.2,310.7,1676,32.4,98,0,0,0,0,0,0,9.5,Medium,Medium,54302.399999999994,0
M,301.1,310.7,2636,12.2,100,1,0,0,1,0,0,9.599999999999966,Medium,Low,32159.199999999997,0
M,301.1,310.6,1310,48.8,103,0,0,0,0,0,0,9.5,Medium,Medium,63927.99999999999,0
L,301.1,310.7,1334,48.2,106,0,0,0,0,0,0,9.599999999999966,Medium,Medium,64298.8,0
M,301.1,310.7,1621,31.0,108,0,0,0,0,0,0,9.599999999999966,Medium,Medium,50251.0,0
M,301.1,310.7,1367,43.4,111,0,0,0,0,0,0,9.599999999999966,Medium,Medium,59327.799999999996,0
L,301.0,310.6,1588,33.7,114,0,0,0,0,0,0,9.600000000000023,Medium,Medium,53515.600000000006,0
M,301.0,310.7,1497,37.6,116,0,0,0,0,0,0,9.699999999999989,Medium,Medium,56287.200000000004,0
L,301.1,310.8,1608,32.9,119,0,0,0,0,0,0,9.699999999999989,Medium,Medium,52903.2,0
L,301.0,310.8,1549,41.4,121,0,0,0,0,0,0,9.800000000000011,Medium,Medium,64128.6,0
L,301.0,310.7,1391,45.0,123,0,0,0,0,0,0,9.699999999999989,Medium,Medium,62595.0,0
L,300.9,310.8,1490,38.1,125,0,0,0,0,0,0,9.900000000000034,Medium,Medium,56769.0,0
L,301.0,310.7,1727,34.5,127,0,0,0,0,0,0,9.699999999999989,Medium,Medium,59581.5,0
L,300.9,310.6,1504,46.4,129,0,0,0,0,0,0,9.700000000000045,Medium,Medium,69785.59999999999,0
L,300.9,310.6,1350,53.8,131,0,0,0,0,0,0,9.700000000000045,Medium,High,72630.0,0
M,300.9,310.7,1420,43.0,133,0,0,0,0,0,0,9.800000000000011,Medium,Medium,61060.0,0
H,300.8,310.6,1465,44.1,136,0,0,0,0,0,0,9.800000000000011,Medium,Medium,64606.5,0
L,300.9,310.7,1427,44.1,141,0,0,0,0,0,0,9.800000000000011,Medium,Medium,62930.700000000004,0
L,300.9,310.7,1477,43.2,143,0,0,0,0,0,0,9.800000000000011,Medium,Medium,63806.4,0
M,301.0,310.7,1493,48.1,145,0,0,0,0,0,0,9.699999999999989,Medium,Medium,71813.3,0
M,301.0,310.7,1657,29.9,148,0,0,0,0,0,0,9.699999999999989,Medium,Medium,49544.299999999996,0
L,300.9,310.7,1359,46.0,151,0,0,0,0,0,0,9.800000000000011,Medium,Medium,62514.0,0
L,300.8,310.6,1551,34.5,153,0,0,0,0,0,0,9.800000000000011,Medium,Medium,53509.5,0
M,300.8,310.6,1545,37.5,155,0,0,0,0,0,0,9.800000000000011,Medium,Medium,57937.5,0
M,300.9,310.6,1709,29.2,158,0,0,0,0,0,0,9.700000000000045,Medium,Medium,49902.799999999996,0
M,300.9,310.7,1268,56.3,161,0,0,0,0,0,0,9.800000000000011,Medium,High,71388.4,0
L,300.9,310.7,1740,25.3,164,0,0,0,0,0,0,9.800000000000011,Medium,Low,44022.0,0
L,301.0,310.9,1828,25.1,166,0,0,0,0,0,0,9.899999999999977,Medium,Low,45882.8,0
L,301.0,310.9,1822,21.6,168,0,0,0,0,0,0,9.899999999999977,Medium,Low,39355.200000000004,0
M,301.0,310.9,1515,41.8,170,0,0,0,0,0,0,9.899999999999977,High,Medium,63326.99999999999,0
L,301.0,310.9,1392,52.9,173,0,0,0,0,0,0,9.899999999999977,High,High,73636.8,0
H,300.9,310.9,1474,35.7,175,0,0,0,0,0,0,10.0,High,Medium,52621.8,0
M,301.0,310.9,1359,53.4,180,0,0,0,0,0,0,9.899999999999977,High,High,72570.59999999999,0
L,301.1,311.0,1565,52.3,183,0,0,0,0,0,0,9.899999999999977,High,Medium,81849.5,0
M,301.1,311.1,1384,42.5,185,0,0,0,0,0,0,10.0,High,Medium,58820.0,0
L,301.1,311.1,1387,53.1,188,0,0,0,0,0,0,10.0,High,High,73649.7,0
L,301.1,311.0,1378,51.1,190,0,0,0,0,0,0,9.899999999999977,High,Medium,70415.8,0
L,301.0,310.9,1809,25.7,192,0,0,0,0,0,0,9.899999999999977,High,Low,46491.299999999996,0
H,301.1,311.0,1339,52.8,194,0,0,0,0,0,0,9.899999999999977,High,High,70699.2,0
M,301.0,311.0,1423,38.6,199,0,0,0,0,0,0,10.0,High,Medium,54927.8,0
L,301.1,311.1,1570,41.6,202,0,0,0,0,0,0,10.0,High,Medium,65312.0,1
L,301.2,311.2,1558,34.1,204,0,0,0,0,0,0,10.0,High,Medium,53127.8,1
L,301.1,311.1,1799,21.7,206,0,0,0,0,0,0,10.0,High,Low,39038.299999999996,1
M,301.1,311.2,1591,35.0,208,0,0,0,0,0,0,10.099999999999966,High,Medium,55685.0,1
L,301.2,311.2,1635,29.6,211,0,0,0,0,0,0,10.0,High,Medium,48396.0,1
L,301.3,311.3,1509,42.5,213,0,0,0,0,0,0,10.0,High,Medium,64132.5,1
M,301.3,311.4,1838,23.2,215,0,0,0,0,0,0,10.099999999999966,High,Low,42641.6,1
M,301.3,311.5,1648,32.4,0,0,0,0,0,0,0,10.199999999999989,Low,Medium,53395.2,0
M,301.2,311.5,1498,49.5,3,0,0,0,0,0,0,10.300000000000011,Low,Medium,74151.0,0
L,301.2,311.4,1757,28.0,6,0,0,0,0,0,0,10.199999999999989,Low,Low,49196.0,0
M,301.1,311.3,1389,53.3,8,0,0,0,0,0,0,10.199999999999989,Low,High,74033.7,0
L,301.1,311.3,1498,37.6,11,0,0,0,0,0,0,10.199999999999989,Low,Medium,56324.8,0
M,301.0,311.2,1521,35.8,13,0,0,0,0,0,0,10.199999999999989,Low,Medium,54451.799999999996,0
M,301.0,311.2,1394,41.3,16,0,0,0,0,0,0,10.199999999999989,Low,Medium,57572.2,0
H,301.0,311.2,1602,32.7,19,0,0,0,0,0,0,10.199999999999989,Low,Medium,52385.4,0
L,300.9,311.1,1417,40.7,24,0,0,0,0,0,0,10.200000000000045,Low,Medium,57671.9,0
L,301.0,311.2,1511,42.9,26,0,0,0,0,0,0,10.199999999999989,Low,Medium,64821.9,0
M,301.1,311.3,1654,30.7,28,0,0,0,0,0,0,10.199999999999989,Low,Medium,50777.799999999996,0
M,301.1,311.3,1836,22.8,31,0,0,0,0,0,0,10.199999999999989,Low,Low,41860.8,0
L,301.1,311.3,1622,35.6,34,0,0,0,0,0,0,10.199999999999989,Low,Medium,57743.200000000004,0
L,301.0,311.2,1467,45.4,36,0,0,0,0,0,0,10.199999999999989,Low,Medium,66601.8,0
M,301.1,311.3,1909,22.7,38,0,0,0,0,0,0,10.199999999999989,Low,Low,43334.299999999996,0
L,301.1,311.2,1910,20.2,41,0,0,0,0,0,0,10.099999999999966,Low,Low,38582.0,0
H,301.1,311.3,2207,16.6,43,0,0,0,0,0,0,10.199999999999989,Low,Low,36636.200000000004,0
M,301.1,311.2,1384,49.4,48,0,0,0,0,0,0,10.099999999999966,Low,Medium,68369.59999999999,0
L,301.1,311.3,1630,29.5,51,0,0,0,0,0,0,10.199999999999989,Low,Medium,48085.0,0
L,301.1,311.3,1268,60.0,53,0,0,0,0,0,0,10.199999999999989,Low,High,76080.0,0
L,301.1,311.4,1531,38.7,55,0,0,0,0,0,0,10.299999999999955,Low,Medium,59249.700000000004,0
M,301.0,311.3,1454,41.5,57,0,0,0,0,0,0,10.300000000000011,Low,Medium,60341.0,0
L,301.0,311.3,1342,50.9,60,0,0,0,0,0,0,10.300000000000011,Low,Medium,68307.8,0
L,301.0,311.2,1363,46.3,62,0,0,0,0,0,0,10.199999999999989,Low,Medium,63106.899999999994,0
L,301.0,311.2,1412,42.1,64,0,0,0,0,0,0,10.199999999999989,Low,Medium,59445.200000000004,0
H,301.0,311.3,1597,39.2,66,0,0,0,0,0,0,10.300000000000011,Low,Medium,62602.4,0
L,301.0,311.3,1349,47.0,71,0,0,0,0,0,0,10.300000000000011,Low,Medium,63403.0,0
L,301.0,311.3,1472,35.3,73,0,0,0,0,0,0,10.300000000000011,Low,Medium,51961.6,0
L,301.0,311.4,1478,39.5,75,0,0,0,0,0,0,10.399999999999977,Low,Medium,58381.0,0
H,300.9,311.3,1295,58.9,77,0,0,0,0,0,0,10.400000000000034,Low,High,76275.5,0
M,300.8,311.2,1592,32.9,82,0,0,0,0,0,0,10.399999999999977,Low,Medium,52376.799999999996,0
L,300.8,311.2,1430,54.4,85,0,0,0,0,0,0,10.399999999999977,Medium,High,77792.0,0
M,300.8,311.2,1488,40.1,87,0,0,0,0,0,0,10.399999999999977,Medium,Medium,59668.8,0
H,300.9,311.2,1518,35.0,90,0,0,0,0,0,0,10.300000000000011,Medium,Medium,53130.0,0
H,300.8,311.2,2237,17.0,95,0,0,0,0,0,0,10.399999999999977,Medium,Low,38029.0,0
M,300.9,311.3,1801,24.6,100,0,0,0,0,0,0,10.400000000000034,Medium,Low,44304.600000000006,0
L,301.0,311.4,1573,37.6,103,0,0,0,0,0,0,10.399999999999977,Medium,Medium,59144.8,0
L,300.9,311.4,2073,21.4,105,0,0,0,0,0,0,10.5,Medium,Low,44362.2,0
L,300.9,311.3,1953,19.4,107,0,0,0,0,0,0,10.400000000000034,Medium,Low,37888.2,0
L,300.8,311.2,1492,39.0,109,0,0,0,0,0,0,10.399999999999977,Medium,Medium,58188.0,0
L,300.8,311.2,1397,48.7,111,0,0,0,0,0,0,10.399999999999977,Medium,Medium,68033.90000000001,0
M,300.8,311.3,1465,43.2,113,0,0,0,0,0,0,10.5,Medium,Medium,63288.00000000001,0
L,300.8,311.3,1782,26.9,116,0,0,0,0,0,0,10.5,Medium,Low,47935.799999999996,0
M,300.9,311.4,1434,45.4,118,0,0,0,0,0,0,10.5,Medium,Medium,65103.6,0
H,300.9,311.4,1387,42.7,121,0,0,0,0,0,0,10.5,Medium,Medium,59224.9,0
M,300.9,311.4,1532,41.5,126,0,0,0,0,0,0,10.5,Medium,Medium,63578.0,0
L,300.9,311.5,1505,41.1,129,0,0,0,0,0,0,10.600000000000023,Medium,Medium,61855.5,0
L,301.0,311.6,1440,43.3,131,0,0,0,0,0,0,10.600000000000023,Medium,Medium,62351.99999999999,0
L,301.0,311.6,1470,43.4,133,0,0,0,0,0,0,10.600000000000023,Medium,Medium,63798.0,0
L,301.1,311.7,1408,46.3,135,0,0,0,0,0,0,10.599999999999966,Medium,Medium,65190.399999999994,0
M,301.0,311.6,1357,45.6,137,0,0,0,0,0,0,10.600000000000023,Medium,Medium,61879.200000000004,0
M,301.0,311.6,1454,40.0,140,0,0,0,0,0,0,10.600000000000023,Medium,Medium,58160.0,0
L,301.0,311.6,1352,63.5,143,0,0,0,0,0,0,10.600000000000023,Medium,High,85852.0,0
M,301.0,311.6,1448,43.9,145,0,0,0,0,0,0,10.600000000000023,Medium,Medium,63567.2,0
L,300.9,311.6,1671,33.5,148,0,0,0,0,0,0,10.700000000000045,Medium,Medium,55978.5,0
L,301.0,311.7,1670,31.3,150,0,0,0,0,0,0,10.699999999999989,Medium,Medium,52271.0,0
L,301.0,311.7,1547,34.5,152,0,0,0,0,0,0,10.699999999999989,Medium,Medium,53371.5,0
L,301.0,311.6,1461,40.6,154,0,0,0,0,0,0,10.600000000000023,Medium,Medium,59316.6,0
M,301.0,311.6,1609,35.8,156,0,0,0,0,0,0,10.600000000000023,Medium,Medium,57602.2,0
M,300.9,311.5,1704,31.3,159,0,0,0,0,0,0,10.600000000000023,Medium,Medium,53335.200000000004,0
M,301.0,311.5,1550,34.9,162,0,0,0,0,0,0,10.5,Medium,Medium,54095.0,0
M,301.0,311.5,1530,43.9,165,0,0,0,0,0,0,10.5,Medium,Medium,67167.0,0
L,300.9,311.3,1449,40.2,168,0,0,0,0,0,0,10.400000000000034,Medium,Medium,58249.8,0
L,300.9,311.3,1613,32.7,170,0,0,0,0,0,0,10.400000000000034,High,Medium,52745.100000000006,0
L,300.8,311.2,1376,48.1,172,0,0,0,0,0,0,10.399999999999977,High,Medium,66185.6,0
L,300.8,311.2,1434,45.6,174,0,0,0,0,0,0,10.399999999999977,High,Medium,65390.4,0
L,300.8,311.1,1480,41.1,176,0,0,0,0,0,0,10.300000000000011,High,Medium,60828.0,0
M,300.8,311.2,1634,31.9,178,0,0,0,0,0,0,10.399999999999977,High,Medium,52124.6,0
L,300.8,311.2,1481,38.5,181,0,0,0,0,0,1,10.399999999999977,High,Medium,57018.5,0
H,300.9,311.3,1668,28.9,183,0,0,0,0,0,0,10.400000000000034,High,Medium,48205.2,0
L,301.0,311.4,1484,36.2,188,0,0,0,0,0,0,10.399999999999977,High,Medium,53720.8,0
M,300.9,311.3,1603,31.8,190,0,0,0,0,0,0,10.400000000000034,High,Medium,50975.4,0
L,301.0,311.4,1481,37.5,193,0,0,0,0,0,0,10.399999999999977,High,Medium,55537.5,0
L,301.0,311.5,1559,31.8,195,0,0,0,0,0,0,10.5,High,Medium,49576.200000000004,0
L,301.0,311.5,1444,39.8,197,0,0,0,0,0,0,10.5,High,Medium,57471.2,0
M,301.2,311.6,1423,48.0,199,0,0,0,0,0,0,10.400000000000034,High,Medium,68304.0,0
L,301.1,311.6,1432,48.1,202,0,0,0,0,0,0,10.5,High,Medium,68879.2,1
L,301.2,311.7,1463,48.3,204,0,0,0,0,0,0,10.5,High,Medium,70662.9,1
L,301.2,311.7,1433,49.3,206,0,0,0,0,0,0,10.5,High,Medium,70646.9,1
L,301.2,311.6,1461,52.9,208,1,0,0,0,1,0,10.400000000000034,High,High,77286.9,1
M,301.1,311.6,1266,55.5,210,0,0,0,0,0,0,10.5,High,High,70263.0,1
H,301.1,311.6,1417,53.4,0,0,0,0,0,0,0,10.5,Low,High,75667.8,0
L,301.1,311.6,1488,43.4,5,0,0,0,0,0,0,10.5,Low,Medium,64579.2,0
L,301.1,311.7,1816,24.5,7,0,0,0,0,0,0,10.599999999999966,Low,Low,44492.0,0
M,301.0,311.6,1301,55.0,9,0,0,0,0,0,0,10.600000000000023,Low,High,71555.0,0
M,300.9,311.5,1836,21.8,12,0,0,0,0,0,0,10.600000000000023,Low,Low,40024.8,0
M,300.8,311.4,1521,39.9,15,0,0,0,0,0,0,10.599999999999966,Low,Medium,60687.9,0
L,300.8,311.4,1322,67.2,18,1,0,0,1,0,0,10.599999999999966,Low,High,88838.40000000001,0
L,300.8,311.4,1492,40.6,20,0,0,0,0,0,0,10.599999999999966,Low,Medium,60575.200000000004,0
L,300.8,311.4,1536,40.9,22,0,0,0,0,0,0,10.599999999999966,Low,Medium,62822.399999999994,0
L,300.7,311.2,1878,24.3,24,0,0,0,0,0,0,10.5,Low,Low,45635.4,0
L,300.6,311.1,1471,40.7,26,0,0,0,0,0,0,10.5,Low,Medium,59869.700000000004,0
H,300.6,311.1,1452,40.2,28,0,0,0,0,0,0,10.5,Low,Medium,58370.4,0
L,300.7,311.2,1452,44.4,33,0,0,0,0,0,0,10.5,Low,Medium,64468.799999999996,0
M,300.7,311.3,1348,53.0,35,0,0,0,0,0,0,10.600000000000023,Low,High,71444.0,0
H,300.8,311.4,1453,44.6,38,0,0,0,0,0,0,10.599999999999966,Low,Medium,64803.8,0
L,300.8,311.4,1316,57.6,43,0,0,0,0,0,0,10.599999999999966,Low,High,75801.6,0
M,300.8,311.4,1732,26.9,45,0,0,0,0,0,0,10.599999999999966,Low,Low,46590.799999999996,0
L,300.7,311.3,1522,35.2,48,0,0,0,0,0,0,10.600000000000023,Low,Medium,53574.4,0
M,300.7,311.3,1487,39.8,50,0,0,0,0,0,0,10.600000000000023,Low,Medium,59182.6,0
M,300.8,311.4,1852,22.2,53,0,0,0,0,0,0,10.599999999999966,Low,Low,41114.4,0
L,300.7,311.2,1486,46.8,56,0,0,0,0,0,0,10.5,Low,Medium,69544.8,0
M,300.7,311.3,1562,37.1,58,0,0,0,0,0,0,10.600000000000023,Low,Medium,57950.200000000004,0
L,300.7,311.2,1457,51.4,61,0,0,0,0,0,0,10.5,Low,Medium,74889.8,0
M,300.7,311.2,1769,26.5,63,0,0,0,0,0,0,10.5,Low,Low,46878.5,0
H,300.7,311.3,1374,53.1,66,0,0,0,0,0,0,10.600000000000023,Low,High,72959.40000000001,0
L,300.8,311.3,1524,43.5,71,0,0,0,0,0,0,10.5,Low,Medium,66294.0,0
L,300.8,311.3,1498,40.2,73,0,0,0,0,0,0,10.5,Low,Medium,60219.600000000006,0
L,300.8,311.3,1462,41.4,75,0,0,0,0,0,0,10.5,Low,Medium,60526.799999999996,0
M,300.8,311.2,1429,52.3,77,0,0,0,0,0,0,10.399999999999977,Low,Medium,74736.7,0
L,300.7,311.2,1399,47.9,80,0,0,0,0,0,0,10.5,Low,Medium,67012.09999999999,0
M,300.8,311.2,1434,39.1,82,0,0,0,0,0,0,10.399999999999977,Low,Medium,56069.4,0
L,300.7,311.1,1324,52.2,85,0,0,0,0,0,0,10.400000000000034,Medium,Medium,69112.8,0
L,300.6,311.0,1563,40.7,87,0,0,0,0,0,0,10.399999999999977,Medium,Medium,63614.100000000006,0
L,300.6,311.0,1543,34.7,89,0,0,0,0,0,0,10.399999999999977,Medium,Medium,53542.100000000006,0
L,300.7,311.0,1413,52.0,91,0,0,0,0,0,1,10.300000000000011,Medium,Medium,73476.0,0
M,300.7,311.0,1378,41.2,93,0,0,0,0,0,0,10.300000000000011,Medium,Medium,56773.600000000006,0
M,300.7,311.1,1373,49.9,96,0,0,0,0,0,0,10.400000000000034,Medium,Medium,68512.7,0
H,300.7,311.0,1981,19.9,99,0,0,0,0,0,0,10.300000000000011,Medium,Low,39421.899999999994,0
M,300.7,311.0,1263,52.3,104,0,0,0,0,0,0,10.300000000000011,Medium,Medium,66054.9,0
L,300.7,311.0,1312,52.1,107,0,0,0,0,0,0,10.300000000000011,Medium,Medium,68355.2,0
L,300.7,311.0,1969,20.7,109,0,0,0,0,0,0,10.300000000000011,Medium,Low,40758.299999999996,0
M,300.8,311.2,1365,51.7,111,0,0,0,0,0,0,10.399999999999977,Medium,Medium,70570.5,0
L,300.9,311.2,1789,25.5,114,0,0,0,0,0,0,10.300000000000011,Medium,Low,45619.5,0
M,300.8,311.1,1583,32.1,116,0,0,0,0,0,0,10.300000000000011,Medium,Medium,50814.3,0
L,300.7,311.0,1436,44.9,119,0,0,0,0,0,0,10.300000000000011,Medium,Medium,64476.4,0
M,300.7,311.0,1559,42.8,121,0,0,0,0,0,0,10.300000000000011,Medium,Medium,66725.2,0
L,300.7,311.0,1377,49.9,124,0,0,0,0,0,0,10.300000000000011,Medium,Medium,68712.3,0
L,300.7,311.0,1462,41.9,126,0,0,0,0,0,0,10.300000000000011,Medium,Medium,61257.799999999996,0
L,300.7,311.0,1318,48.2,128,0,0,0,0,0,0,10.300000000000011,Medium,Medium,63527.600000000006,0
M,300.7,311.0,1378,51.6,130,0,0,0,0,0,0,10.300000000000011,Medium,Medium,71104.8,0
L,300.6,310.9,1344,46.7,133,0,0,0,0,0,0,10.299999999999955,Medium,Medium,62764.8,0
L,300.7,311.1,2377,14.3,135,0,0,0,0,0,0,10.400000000000034,Medium,Low,33991.1,0
L,300.7,311.1,1427,50.3,137,0,0,0,0,0,0,10.400000000000034,Medium,Medium,71778.09999999999,0
L,300.9,311.2,1353,60.4,139,0,0,0,0,0,0,10.300000000000011,Medium,High,81721.2,0
L,300.8,311.3,1505,45.5,141,0,0,0,0,0,0,10.5,Medium,Medium,68477.5,0
H,300.8,311.2,1612,32.5,143,0,0,0,0,0,0,10.399999999999977,Medium,Medium,52390.0,0
L,300.7,311.1,1440,43.0,148,0,0,0,0,0,0,10.400000000000034,Medium,Medium,61920.0,0
M,300.7,311.0,1334,53.9,150,0,0,0,0,0,0,10.300000000000011,Medium,High,71902.59999999999,0
M,300.7,311.0,1706,25.0,153,0,0,0,0,0,0,10.300000000000011,Medium,Low,42650.0,0
H,300.8,311.1,1698,24.8,156,0,0,0,0,0,0,10.300000000000011,Medium,Low,42110.4,0
L,300.7,311.1,1688,30.7,161,0,0,0,0,0,0,10.400000000000034,Medium,Medium,51821.6,0
L,300.7,311.1,2437,13.8,163,0,0,0,0,0,0,10.400000000000034,Medium,Low,33630.6,0
L,300.7,311.1,1478,46.8,165,0,0,0,0,0,0,10.400000000000034,Medium,Medium,69170.4,0
M,300.7,311.1,1608,35.3,167,0,0,0,0,0,0,10.400000000000034,Medium,Medium,56762.399999999994,0
L,300.7,311.1,2478,13.4,170,1,0,0,1,0,0,10.400000000000034,High,Low,33205.200000000004,0
L,300.8,311.1,1509,33.4,172,0,0,0,0,0,0,10.300000000000011,High,Medium,50400.6,0
L,300.7,311.0,1596,36.9,174,0,0,0,0,0,0,10.300000000000011,High,Medium,58892.399999999994,0
M,300.7,311.0,1740,25.6,176,0,0,0,0,0,0,10.300000000000011,High,Low,44544.0,0
L,300.6,310.8,1375,53.2,179,0,0,0,0,0,0,10.199999999999989,High,High,73150.0,0
M,300.6,310.7,1705,31.2,181,0,0,0,0,0,0,10.099999999999966,High,Medium,53196.0,0
M,300.5,310.6,1621,32.0,184,0,0,0,0,0,0,10.100000000000023,High,Medium,51872.0,0
M,300.6,310.7,1566,38.2,187,0,0,0,0,0,0,10.099999999999966,High,Medium,59821.200000000004,0
M,300.6,310.7,1388,42.9,190,0,0,0,0,0,0,10.099999999999966,High,Medium,59545.2,0
M,300.6,310.7,1457,36.7,193,0,0,0,0,0,0,10.099999999999966,High,Medium,53471.9,0
M,300.6,310.6,1463,45.5,196,0,0,0,0,0,0,10.0,High,Medium,66566.5,0
L,300.5,310.5,1564,38.2,199,0,0,0,0,0,0,10.0,High,Medium,59744.8,0
H,300.5,310.6,1411,47.2,201,0,0,0,0,0,0,10.100000000000023,High,Medium,66599.2,1
L,300.5,310.6,1540,46.7,206,0,0,0,0,0,0,10.100000000000023,High,Medium,71918.0,1
L,300.5,310.6,1950,20.3,208,0,0,0,0,0,0,10.100000000000023,High,Low,39585.0,1
M,300.6,310.7,1339,52.9,0,0,0,0,0,0,0,10.099999999999966,Low,High,70833.09999999999,0
H,300.6,310.6,1419,39.6,3,0,0,0,0,0,0,10.0,Low,Medium,56192.4,0
L,300.5,310.6,1499,45.2,8,0,0,0,0,0,0,10.100000000000023,Low,Medium,67754.8,0
L,300.5,310.6,1368,49.6,10,0,0,0,0,0,0,10.100000000000023,Low,Medium,67852.8,0
L,300.5,310.5,1536,36.2,12,0,0,0,0,0,0,10.0,Low,Medium,55603.200000000004,0
M,300.5,310.5,1469,42.9,14,0,0,0,0,0,0,10.0,Low,Medium,63020.1,0
L,300.5,310.5,2633,12.2,17,1,0,0,1,0,0,10.0,Low,Low,32122.6,0
L,300.4,310.4,1298,61.4,19,0,0,0,0,0,0,10.0,Low,High,79697.2,0
M,300.4,310.4,1544,36.3,21,0,0,0,0,0,0,10.0,Low,Medium,56047.2,0
H,300.5,310.5,1403,47.7,24,0,0,0,0,0,0,10.0,Low,Medium,66923.1,0
L,300.5,310.5,1452,42.9,29,0,0,0,0,0,0,10.0,Low,Medium,62290.799999999996,0
L,300.6,310.5,1509,43.1,31,0,0,0,0,0,0,9.899999999999977,Low,Medium,65037.9,0
M,300.7,310.6,1474,37.0,33,0,0,0,0,0,0,9.900000000000034,Low,Medium,54538.0,0
M,300.7,310.7,1377,46.7,36,0,0,0,0,0,0,10.0,Low,Medium,64305.9,0
L,300.8,310.8,1741,27.1,39,0,0,0,0,0,0,10.0,Low,Low,47181.100000000006,0
L,300.8,310.8,1460,53.8,41,0,0,0,0,0,0,10.0,Low,High,78548.0,0
H,300.7,310.6,1631,32.6,43,0,0,0,0,0,0,9.900000000000034,Low,Medium,53170.600000000006,0
L,300.7,310.5,1561,33.2,48,0,0,0,0,0,0,9.800000000000011,Low,Medium,51825.200000000004,0
M,300.7,310.6,1572,38.5,50,0,0,0,0,0,0,9.900000000000034,Low,Medium,60522.0,0
L,300.6,310.6,2127,18.7,53,0,0,0,0,0,0,10.0,Low,Low,39774.9,0
H,300.6,310.6,1448,44.7,55,0,0,0,0,0,0,10.0,Low,Medium,64725.600000000006,0
L,300.6,310.7,1543,39.6,60,0,0,0,0,0,0,10.099999999999966,Low,Medium,61102.8,0
L,300.6,310.6,1508,34.8,62,0,0,0,0,0,0,10.0,Low,Medium,52478.399999999994,0
M,300.6,310.6,1403,50.4,64,0,0,0,0,0,0,10.0,Low,Medium,70711.2,0
L,300.6,310.6,1454,39.7,67,0,0,0,0,0,0,10.0,Low,Medium,57723.8,0
L,300.7,310.8,1772,27.3,69,0,0,0,0,0,0,10.100000000000023,Low,Low,48375.6,0
L,300.7,310.8,1479,49.1,71,0,0,0,0,0,0,10.100000000000023,Low,Medium,72618.90000000001,0
L,300.7,310.9,1723,31.0,73,0,0,0,0,0,0,10.199999999999989,Low,Medium,53413.0,0
M,300.7,310.8,1469,46.4,75,0,0,0,0,0,0,10.100000000000023,Low,Medium,68161.59999999999,0
H,300.6,310.6,1830,26.2,78,0,0,0,0,0,0,10.0,Low,Low,47946.0,0
L,300.6,310.6,1497,38.2,83,0,0,0,0,0,0,10.0,Low,Medium,57185.4,0
L,300.7,310.6,1540,52.7,85,0,0,0,0,0,0,9.900000000000034,Medium,High,81158.0,0
L,300.6,310.6,1514,39.5,87,0,0,0,0,0,0,10.0,Medium,Medium,59803.0,0
L,300.7,310.6,1654,34.2,89,0,0,0,0,0,0,9.900000000000034,Medium,Medium,56566.8,0
H,300.6,310.5,1519,37.0,91,0,0,0,0,0,0,9.899999999999977,Medium,Medium,56203.0,0
L,300.7,310.6,1720,30.3,96,0,0,0,0,0,0,9.900000000000034,Medium,Medium,52116.0,0
L,300.6,310.5,1470,37.7,98,0,0,0,0,0,0,9.899999999999977,Medium,Medium,55419.00000000001,0
L,300.6,310.5,1642,29.9,100,0,0,0,0,0,0,9.899999999999977,Medium,Medium,49095.799999999996,0
M,300.7,310.6,2006,19.1,102,0,0,0,0,0,0,9.900000000000034,Medium,Low,38314.600000000006,0
M,300.7,310.6,1505,35.6,105,0,0,0,0,0,0,9.900000000000034,Medium,Medium,53578.0,0
M,300.7,310.6,1609,27.6,108,0,0,0,0,0,0,9.900000000000034,Medium,Low,44408.4,0
M,300.7,310.5,1863,22.2,111,0,0,0,0,0,0,9.800000000000011,Medium,Low,41358.6,0
L,300.6,310.4,1401,42.6,114,0,0,0,0,0,0,9.799999999999955,Medium,Medium,59682.6,0
L,300.6,310.4,2007,19.8,116,0,0,0,0,0,0,9.799999999999955,Medium,Low,39738.6,0
L,300.6,310.4,1494,47.3,118,0,0,0,0,0,0,9.799999999999955,Medium,Medium,70666.2,0
L,300.6,310.4,1457,47.7,120,0,0,0,0,0,0,9.799999999999955,Medium,Medium,69498.90000000001,0
L,300.6,310.4,1556,37.7,122,0,0,0,0,0,0,9.799999999999955,Medium,Medium,58661.200000000004,0
H,300.6,310.4,1510,42.8,124,0,0,0,0,0,0,9.799999999999955,Medium,Medium,64627.99999999999,0
H,300.7,310.5,1567,38.7,129,0,0,0,0,0,0,9.800000000000011,Medium,Medium,60642.9,0
H,300.7,310.5,1476,43.1,134,0,0,0,0,0,0,9.800000000000011,Medium,Medium,63615.6,0
L,300.8,310.6,1663,30.6,139,0,0,0,0,0,0,9.800000000000011,Medium,Medium,50887.8,0
M,300.8,310.5,1409,50.6,141,0,0,0,0,0,0,9.699999999999989,Medium,Medium,71295.40000000001,0
L,300.8,310.6,1666,36.2,144,0,0,0,0,0,0,9.800000000000011,Medium,Medium,60309.200000000004,0
L,300.7,310.6,1520,45.9,146,0,0,0,0,0,0,9.900000000000034,Medium,Medium,69768.0,0
L,300.6,310.5,1644,33.8,148,0,0,0,0,0,0,9.899999999999977,Medium,Medium,55567.2,0
H,300.6,310.4,1479,35.6,150,0,0,0,0,0,0,9.799999999999955,Medium,Medium,52652.4,0
L,300.6,310.4,1446,49.7,155,0,0,0,0,0,0,9.799999999999955,Medium,Medium,71866.2,0
M,300.6,310.4,1407,51.1,157,0,0,0,0,0,0,9.799999999999955,Medium,Medium,71897.7,0
L,300.7,310.4,1234,51.7,160,0,0,0,0,0,0,9.699999999999989,Medium,Medium,63797.8,0
M,300.8,310.5,1696,29.7,162,0,0,0,0,0,0,9.699999999999989,Medium,Medium,50371.2,0
L,300.8,310.6,1384,52.9,165,0,0,0,0,0,0,9.800000000000011,Medium,High,73213.59999999999,0
M,300.8,310.7,1572,36.2,167,0,0,0,0,0,0,9.899999999999977,Medium,Medium,56906.4,0
M,300.8,310.7,1386,42.1,170,0,0,0,0,0,0,9.899999999999977,High,Medium,58350.6,0
L,300.8,310.7,1461,42.8,173,0,0,0,0,0,0,9.899999999999977,High,Medium,62530.799999999996,0
L,300.8,310.7,1525,39.4,175,0,0,0,0,0,0,9.899999999999977,High,Medium,60085.0,0
L,300.7,310.7,1333,61.0,177,0,0,0,0,0,0,10.0,High,High,81313.0,0
H,300.7,310.6,1505,40.6,179,0,0,0,0,0,0,9.900000000000034,High,Medium,61103.0,0
M,300.7,310.6,1439,41.7,184,0,0,0,0,0,0,9.900000000000034,High,Medium,60006.3,0
L,300.7,310.6,1491,43.2,187,0,0,0,0,0,0,9.900000000000034,High,Medium,64411.200000000004,0
M,300.7,310.6,1488,39.2,189,0,0,0,0,0,0,9.900000000000034,High,Medium,58329.600000000006,0
L,300.7,310.5,1536,47.4,192,0,0,0,0,0,0,9.800000000000011,High,Medium,72806.4,0
L,300.7,310.5,1960,21.0,194,0,0,0,0,0,0,9.800000000000011,High,Low,41160.0,0
M,300.7,310.5,1594,31.0,196,0,0,0,0,0,0,9.800000000000011,High,Medium,49414.0,0
L,300.7,310.5,1357,52.6,199,0,0,0,0,0,0,9.800000000000011,High,High,71378.2,0
L,300.7,310.5,1445,41.1,201,0,0,0,0,0,0,9.800000000000011,High,Medium,59389.5,1
L,300.7,310.4,1543,47.3,203,0,0,0,0,0,0,9.699999999999989,High,Medium,72983.9,1
L,300.7,310.4,1366,52.6,205,0,0,0,0,0,0,9.699999999999989,High,High,71851.6,1
L,300.7,310.3,1458,40.0,207,0,0,0,0,0,0,9.600000000000023,High,Medium,58320.0,1
L,300.7,310.4,1416,61.8,209,1,0,0,1,1,0,9.699999999999989,High,High,87508.8,1
L,300.6,310.3,1794,24.4,211,0,0,0,0,0,0,9.699999999999989,High,Low,43773.6,1
L,300.6,310.3,1484,41.0,213,0,0,0,0,0,0,9.699999999999989,High,Medium,60844.0,1
L,300.6,310.4,2514,13.4,215,0,0,0,0,0,0,9.799999999999955,High,Low,33687.6,1
L,300.6,310.3,1648,30.5,217,1,1,0,0,0,0,9.699999999999989,High,Medium,50264.0,1
M,300.6,310.3,1614,32.7,0,0,0,0,0,0,0,9.699999999999989,Low,Medium,52777.8,0
L,300.6,310.2,1622,34.1,3,0,0,0,0,0,0,9.599999999999966,Low,Medium,55310.200000000004,0
M,300.6,310.2,1478,40.1,5,0,0,0,0,0,0,9.599999999999966,Low,Medium,59267.8,0
L,300.6,310.2,1318,51.0,8,0,0,0,0,0,0,9.599999999999966,Low,Medium,67218.0,0
L,300.7,310.2,1493,35.9,10,0,0,0,0,0,0,9.5,Low,Medium,53598.7,0
H,300.7,310.3,1369,50.7,12,0,0,0,0,0,0,9.600000000000023,Low,Medium,69408.3,0
L,300.6,310.2,1447,45.9,17,0,0,0,0,0,0,9.599999999999966,Low,Medium,66417.3,0
L,300.6,310.1,1485,49.9,19,0,0,0,0,0,0,9.5,Low,Medium,74101.5,0
L,300.6,310.2,1489,47.8,21,0,0,0,0,0,0,9.599999999999966,Low,Medium,71174.2,0
M,300.6,310.2,1233,52.3,23,0,0,0,0,0,0,9.599999999999966,Low,Medium,64485.899999999994,0
L,300.7,310.2,1642,32.6,26,0,0,0,0,0,0,9.5,Low,Medium,53529.200000000004,0
M,300.7,310.2,1373,44.1,28,0,0,0,0,0,0,9.5,Low,Medium,60549.3,0
L,300.7,310.2,1569,32.8,31,0,0,0,0,0,0,9.5,Low,Medium,51463.2,0
L,300.8,310.2,1850,22.8,33,0,0,0,0,0,0,9.399999999999977,Low,Low,42180.0,0
M,300.8,310.3,1494,42.2,35,0,0,0,0,0,0,9.5,Low,Medium,63046.8,0
H,300.8,310.3,1777,30.1,38,0,0,0,0,0,0,9.5,Low,Medium,53487.700000000004,0
L,300.9,310.4,1454,43.1,43,0,0,0,0,0,0,9.5,Low,Medium,62667.4,0
L,300.9,310.4,1536,34.2,45,0,0,0,0,0,0,9.5,Low,Medium,52531.200000000004,0
L,300.8,310.5,1482,39.0,47,0,0,0,0,0,0,9.699999999999989,Low,Medium,57798.0,0
H,300.9,310.5,1512,41.2,49,0,0,0,0,0,0,9.600000000000023,Low,Medium,62294.4,0
M,300.8,310.5,1511,35.8,54,0,0,0,0,0,0,9.699999999999989,Low,Medium,54093.799999999996,0
L,300.9,310.5,1599,40.5,57,0,0,0,0,0,0,9.600000000000023,Low,Medium,64759.5,0
M,300.8,310.4,1518,36.0,59,0,0,0,0,0,0,9.599999999999966,Low,Medium,54648.0,0
M,300.8,310.4,1450,39.4,62,0,0,0,0,0,0,9.599999999999966,Low,Medium,57130.0,0
L,300.9,310.4,1427,47.0,65,0,0,0,0,0,0,9.5,Low,Medium,67069.0,0
L,300.9,310.4,1561,32.7,67,0,0,0,0,0,0,9.5,Low,Medium,51044.700000000004,0
H,300.9,310.4,1457,43.8,69,0,0,0,0,0,0,9.5,Low,Medium,63816.6,0
M,301.0,310.6,1460,53.6,74,0,0,0,0,0,0,9.600000000000023,Low,High,78256.0,0
L,301.0,310.5,1601,33.2,77,0,0,0,0,0,0,9.5,Low,Medium,53153.200000000004,0
L,300.9,310.5,1570,40.1,79,0,0,0,0,0,0,9.600000000000023,Low,Medium,62957.0,0
L,300.9,310.5,1565,35.9,81,0,0,0,0,0,0,9.600000000000023,Low,Medium,56183.5,0
L,301.0,310.5,1378,44.4,83,0,0,0,0,0,0,9.5,Low,Medium,61183.2,0
L,300.9,310.5,2288,16.1,85,0,0,0,0,0,0,9.600000000000023,Medium,Low,36836.8,0
M,300.9,310.4,1375,44.7,87,0,0,0,0,0,0,9.5,Medium,Medium,61462.50000000001,0
L,300.9,310.4,1788,27.8,90,0,0,0,0,0,0,9.5,Medium,Low,49706.4,0
M,300.9,310.4,1576,40.4,92,0,0,0,0,0,0,9.5,Medium,Medium,63670.399999999994,0
M,300.8,310.3,1868,24.5,95,0,0,0,0,0,0,9.5,Medium,Low,45766.0,0
L,300.7,310.1,1261,56.6,98,0,0,0,0,0,0,9.400000000000034,Medium,High,71372.6,0
M,300.6,310.0,1542,33.9,100,0,0,0,0,0,0,9.399999999999977,Medium,Medium,52273.799999999996,0
L,300.6,310.0,1438,53.8,103,0,0,0,0,0,0,9.399999999999977,Medium,High,77364.4,0
L,300.6,310.0,1511,36.9,105,0,0,0,0,0,0,9.399999999999977,Medium,Medium,55755.9,0
L,300.6,310.0,1635,31.0,107,0,0,0,0,0,0,9.399999999999977,Medium,Medium,50685.0,0
L,300.6,309.9,1428,48.8,109,0,0,0,0,0,0,9.299999999999955,Medium,Medium,69686.4,0
M,300.5,309.8,1410,44.4,111,0,0,0,0,0,0,9.300000000000011,Medium,Medium,62604.0,0
L,300.5,309.9,1423,47.9,114,0,0,0,0,0,0,9.399999999999977,Medium,Medium,68161.7,0
M,300.5,309.9,1552,41.3,116,0,0,0,0,0,0,9.399999999999977,Medium,Medium,64097.6,0
M,300.5,310.0,1406,50.2,119,0,0,0,0,0,0,9.5,Medium,Medium,70581.2,0
L,300.5,309.9,1443,48.3,122,0,0,0,0,0,0,9.399999999999977,Medium,Medium,69696.9,0
M,300.5,309.9,1343,63.7,124,0,0,0,0,0,0,9.399999999999977,Medium,High,85549.1,0
M,300.6,310.0,1486,41.2,127,0,0,0,0,0,0,9.399999999999977,Medium,Medium,61223.200000000004,0
L,300.6,310.1,1297,50.0,130,0,0,0,0,0,0,9.5,Medium,Medium,64850.0,0
L,300.6,310.1,1495,42.3,132,0,0,0,0,0,0,9.5,Medium,Medium,63238.49999999999,0
L,300.5,309.9,1382,46.5,134,0,0,0,0,0,0,9.399999999999977,Medium,Medium,64263.0,0
M,300.4,309.8,1356,44.4,136,0,0,0,0,0,0,9.400000000000034,Medium,Medium,60206.4,0
H,300.3,309.7,1452,41.5,139,0,0,0,0,0,0,9.399999999999977,Medium,Medium,60258.0,0
H,300.3,309.7,1582,30.8,144,0,0,0,0,0,0,9.399999999999977,Medium,Medium,48725.6,0
M,300.4,309.8,1517,40.3,149,0,0,0,0,0,0,9.400000000000034,Medium,Medium,61135.1,0
L,300.5,310.0,1413,44.5,152,0,0,0,0,0,0,9.5,Medium,Medium,62878.5,0
L,300.4,309.9,1496,31.8,154,0,0,0,0,0,0,9.5,Medium,Medium,47572.8,0
L,300.3,309.8,1466,41.2,156,0,0,0,0,0,0,9.5,Medium,Medium,60399.200000000004,0
M,300.3,309.8,1617,40.8,158,0,0,0,0,0,0,9.5,Medium,Medium,65973.59999999999,0
L,300.2,309.8,1506,41.8,161,0,0,0,0,0,0,9.600000000000023,Medium,Medium,62950.799999999996,0
L,300.2,309.8,1401,49.3,163,0,0,0,0,0,0,9.600000000000023,Medium,Medium,69069.3,0
H,300.2,309.9,1906,22.9,165,0,0,0,0,0,0,9.699999999999989,Medium,Low,43647.399999999994,0
L,300.2,309.9,1566,36.4,170,0,0,0,0,0,0,9.699999999999989,High,Medium,57002.399999999994,0
L,300.2,310.0,1493,47.3,172,0,0,0,0,0,0,9.800000000000011,High,Medium,70618.9,0
L,300.3,310.1,1483,39.9,174,0,0,0,0,0,0,9.800000000000011,High,Medium,59171.7,0
M,300.2,309.9,1569,31.2,176,0,0,0,0,0,0,9.699999999999989,High,Medium,48952.799999999996,0
M,300.2,310.0,1664,30.7,179,0,0,0,0,0,0,9.800000000000011,High,Medium,51084.799999999996,0
L,300.2,310.0,1486,40.1,182,0,0,0,0,0,0,9.800000000000011,High,Medium,59588.6,0
L,300.2,310.0,1389,53.6,184,0,0,0,0,0,0,9.800000000000011,High,High,74450.40000000001,0
L,300.1,310.0,1511,41.7,186,0,0,0,0,0,0,9.899999999999977,High,Medium,63008.700000000004,0
M,300.2,310.1,1485,40.5,188,0,0,0,0,0,0,9.900000000000034,High,Medium,60142.5,0
L,300.2,310.2,1440,42.9,191,0,0,0,0,0,0,10.0,High,Medium,61776.0,0
L,300.2,310.2,1378,43.9,193,0,0,0,0,0,0,10.0,High,Medium,60494.2,0
M,300.1,310.1,1501,39.3,195,0,0,0,0,0,0,10.0,High,Medium,58989.299999999996,0
M,300.2,310.1,1474,44.0,198,0,0,0,0,0,0,9.900000000000034,High,Medium,64856.0,0
L,300.2,310.1,1392,47.9,201,0,0,0,0,0,0,9.900000000000034,High,Medium,66676.8,1
M,300.3,310.2,1429,44.7,203,0,0,0,0,0,0,9.899999999999977,High,Medium,63876.3,1
L,300.3,310.3,1362,60.3,206,1,0,0,0,1,0,10.0,High,High,82128.59999999999,1
L,300.3,310.3,1704,29.5,0,0,0,0,0,0,0,10.0,Low,Medium,50268.0,0
L,300.3,310.2,1492,52.3,2,0,0,0,0,0,0,9.899999999999977,Low,Medium,78031.59999999999,0
M,300.3,310.2,1442,39.5,4,0,0,0,0,0,0,9.899999999999977,Low,Medium,56959.0,0
M,300.2,310.2,1438,51.5,7,0,0,0,0,0,0,10.0,Low,Medium,74057.0,0
M,300.1,310.1,1402,46.6,10,0,0,0,0,0,0,10.0,Low,Medium,65333.200000000004,0
L,300.1,310.1,1684,30.8,13,0,0,0,0,0,0,10.0,Low,Medium,51867.200000000004,0
L,300.2,310.2,1530,48.5,15,0,0,0,0,0,0,10.0,Low,Medium,74205.0,0
L,300.1,310.1,1569,43.5,17,0,0,0,0,0,0,10.0,Low,Medium,68251.5,0
L,300.1,310.1,1650,31.6,19,0,0,0,0,0,0,10.0,Low,Medium,52140.0,0
L,300.2,310.2,1415,49.6,21,0,0,0,0,0,0,10.0,Low,Medium,70184.0,0
L,300.2,310.2,1600,31.5,23,0,0,0,0,0,0,10.0,Low,Medium,50400.0,0
L,300.2,310.1,1523,42.3,25,0,0,0,0,0,0,9.900000000000034,Low,Medium,64422.899999999994,0
M,300.2,310.2,1628,30.3,27,0,0,0,0,0,0,10.0,Low,Medium,49328.4,0
L,300.2,310.3,1331,52.1,30,0,0,0,0,0,0,10.100000000000023,Low,Medium,69345.1,0
L,300.3,310.3,2158,16.8,32,0,0,0,0,0,0,10.0,Low,Low,36254.4,0
L,300.2,310.3,1445,50.9,34,0,0,0,0,0,0,10.100000000000023,Low,Medium,73550.5,0
M,300.2,310.3,1593,36.1,36,0,0,0,0,0,0,10.100000000000023,Low,Medium,57507.3,0
L,300.3,310.4,1672,29.2,39,0,0,0,0,0,0,10.099999999999966,Low,Medium,48822.4,0
M,300.4,310.5,1644,31.4,41,0,0,0,0,0,0,10.100000000000023,Low,Medium,51621.6,0
L,300.4,310.5,1402,54.3,44,0,0,0,0,0,0,10.100000000000023,Low,High,76128.59999999999,0
L,300.4,310.4,1286,56.8,46,0,0,0,0,0,0,10.0,Low,High,73044.8,0
L,300.4,310.4,1486,46.3,48,0,0,0,0,0,0,10.0,Low,Medium,68801.8,0
L,300.3,310.3,1345,46.3,50,0,0,0,0,0,0,10.0,Low,Medium,62273.49999999999,0
L,300.3,310.3,1629,34.1,52,0,0,0,0,0,0,10.0,Low,Medium,55548.9,0
M,300.2,310.2,1429,43.8,54,0,0,0,0,0,0,10.0,Low,Medium,62590.2,0
L,300.1,310.1,1306,64.7,57,0,0,0,0,0,0,10.0,Low,High,84498.2,0
L,300.1,310.1,1380,52.6,59,0,0,0,0,0,0,10.0,Low,High,72588.0,0
M,300.1,310.1,1443,49.3,61,0,0,0,0,0,0,10.0,Low,Medium,71139.9,0
H,300.1,310.1,1426,42.7,64,0,0,0,0,0,0,10.0,Low,Medium,60890.200000000004,0
L,300.0,310.0,1486,41.8,69,0,0,0,0,0,0,10.0,Low,Medium,62114.799999999996,0
M,300.0,309.9,1530,34.5,71,0,0,0,0,0,0,9.899999999999977,Low,Medium,52785.0,0
L,300.0,309.9,1507,41.4,74,0,0,0,0,0,0,9.899999999999977,Low,Medium,62389.799999999996,0
L,300.0,309.9,1608,33.4,76,0,0,0,0,0,0,9.899999999999977,Low,Medium,53707.2,0
L,300.0,309.8,1474,40.6,78,0,0,0,0,0,0,9.800000000000011,Low,Medium,59844.4,0
L,300.0,309.7,1326,61.9,80,0,0,0,0,0,0,9.699999999999989,Low,High,82079.4,0
M,299.8,309.6,1434,48.0,82,0,0,0,0,0,0,9.800000000000011,Low,Medium,68832.0,0
L,299.8,309.6,1526,41.7,85,0,0,0,0,0,0,9.800000000000011,Medium,Medium,63634.200000000004,0
L,299.8,309.7,1483,39.6,87,0,0,0,0,0,0,9.899999999999977,Medium,Medium,58726.8,0
L,299.8,309.7,1457,51.9,89,0,0,0,0,0,0,9.899999999999977,Medium,Medium,75618.3,0
M,299.7,309.6,1540,34.4,91,0,0,0,0,0,0,9.900000000000034,Medium,Medium,52976.0,0
L,299.8,309.7,1707,29.1,94,0,0,0,0,0,0,9.899999999999977,Medium,Medium,49673.700000000004,0
L,299.8,309.7,1624,34.2,96,0,0,0,0,0,0,9.899999999999977,Medium,Medium,55540.8,0
M,299.8,309.6,1331,50.2,98,0,0,0,0,0,0,9.800000000000011,Medium,Medium,66816.2,0
L,299.8,309.7,1431,40.3,101,0,0,0,0,0,0,9.899999999999977,Medium,Medium,57669.299999999996,0
M,299.8,309.7,1705,28.5,103,0,0,0,0,0,0,9.899999999999977,Medium,Medium,48592.5,0
M,299.8,309.8,1427,45.2,106,0,0,0,0,0,0,10.0,Medium,Medium,64500.4,0
M,299.9,309.8,1625,41.2,109,0,0,0,0,0,0,9.900000000000034,Medium,Medium,66950.0,0
L,299.9,309.8,1477,47.7,112,0,0,0,0,0,0,9.900000000000034,Medium,Medium,70452.90000000001,0
M,300.0,309.9,1651,28.1,114,0,0,0,0,0,0,9.899999999999977,Medium,Medium,46393.100000000006,0
L,299.9,309.8,1716,28.2,117,0,0,0,0,0,0,9.900000000000034,Medium,Medium,48391.2,0
H,299.9,309.8,1400,48.7,119,0,0,0,0,0,0,9.900000000000034,Medium,Medium,68180.0,0
M,299.8,309.7,1556,37.7,124,0,0,0,0,0,0,9.899999999999977,Medium,Medium,58661.200000000004,0
L,299.8,309.7,1429,42.6,127,0,0,0,0,0,0,9.899999999999977,Medium,Medium,60875.4,0
H,299.7,309.6,1433,49.6,129,0,0,0,0,0,0,9.900000000000034,Medium,Medium,71076.8,0
M,299.8,309.7,1320,61.7,134,0,0,0,0,0,0,9.899999999999977,Medium,High,81444.0,0
L,299.8,309.6,1374,51.6,137,0,0,0,0,0,0,9.800000000000011,Medium,Medium,70898.40000000001,0
L,299.8,309.6,1598,31.0,139,0,0,0,0,0,0,9.800000000000011,Medium,Medium,49538.0,0
M,299.8,309.7,1910,21.8,141,0,0,0,0,0,0,9.899999999999977,Medium,Low,41638.0,0
L,299.7,309.6,1399,51.3,144,0,0,0,0,0,0,9.900000000000034,Medium,Medium,71768.7,0
L,299.7,309.6,1720,27.1,146,0,0,0,0,0,0,9.900000000000034,Medium,Low,46612.0,0
H,299.8,309.7,1368,47.4,148,0,0,0,0,0,0,9.899999999999977,Medium,Medium,64843.2,0
L,299.8,309.8,1749,33.4,153,0,0,0,0,0,0,10.0,Medium,Medium,58416.6,0
L,299.8,309.8,1542,39.4,155,0,0,0,0,0,0,10.0,Medium,Medium,60754.799999999996,0
L,299.8,309.9,1553,36.6,157,0,0,0,0,0,0,10.099999999999966,Medium,Medium,56839.8,0
M,299.9,309.9,1639,42.1,159,0,0,0,0,0,0,10.0,Medium,Medium,69001.90000000001,0
L,299.9,310.0,1447,45.9,162,0,0,0,0,0,0,10.100000000000023,Medium,Medium,66417.3,0
M,299.8,310.0,1397,48.1,164,0,0,0,0,0,0,10.199999999999989,Medium,Medium,67195.7,0
L,299.8,310.0,1361,53.8,167,0,0,0,0,0,0,10.199999999999989,Medium,High,73221.8,0
M,299.8,310.0,1460,37.1,169,0,0,0,0,0,0,10.199999999999989,High,Medium,54166.0,0
M,299.8,310.0,1632,33.7,172,0,0,0,0,0,0,10.199999999999989,High,Medium,54998.4,0
L,299.8,310.0,1697,36.0,175,0,0,0,0,0,0,10.199999999999989,High,Medium,61092.0,0
L,299.8,310.1,1553,42.0,177,0,0,0,0,0,0,10.300000000000011,High,Medium,65226.0,0
M,299.9,310.1,1362,56.3,179,0,0,0,0,0,0,10.200000000000045,High,High,76680.59999999999,0
M,299.9,310.0,1484,42.1,182,0,0,0,0,0,0,10.100000000000023,High,Medium,62476.4,0
H,299.9,310.1,1447,51.4,185,0,0,0,0,0,0,10.200000000000045,High,Medium,74375.8,0
M,300.0,310.2,1393,51.2,190,0,0,0,0,0,0,10.199999999999989,High,Medium,71321.6,0
L,300.0,310.2,1760,26.9,193,0,0,0,0,0,0,10.199999999999989,High,Low,47344.0,0
L,300.0,310.1,1477,34.6,195,0,0,0,0,0,0,10.100000000000023,High,Medium,51104.200000000004,0
L,299.9,310.1,1681,29.1,197,0,0,0,0,0,0,10.200000000000045,High,Medium,48917.100000000006,0
M,300.0,310.1,1314,53.5,199,0,0,0,0,0,0,10.100000000000023,High,High,70299.0,0
L,300.0,310.1,1762,28.0,202,0,0,0,0,0,0,10.100000000000023,High,Low,49336.0,1
L,299.9,310.0,1402,44.7,204,0,0,0,0,0,0,10.100000000000023,High,Medium,62669.4,1
M,300.1,310.2,1429,42.0,206,0,0,0,0,0,0,10.099999999999966,High,Medium,60018.0,1
M,300.2,310.3,1448,40.1,209,0,0,0,0,0,0,10.100000000000023,High,Medium,58064.8,1
H,300.2,310.4,1501,42.9,212,0,0,0,0,0,0,10.199999999999989,High,Medium,64392.9,1
L,300.3,310.5,1522,39.1,217,0,0,0,0,0,0,10.199999999999989,High,Medium,59510.200000000004,1
L,300.3,310.4,1493,37.5,219,0,0,0,0,0,0,10.099999999999966,High,Medium,55987.5,1
M,300.2,310.3,1704,29.4,221,0,0,0,0,0,0,10.100000000000023,High,Medium,50097.6,1
H,300.2,310.3,1408,42.5,0,0,0,0,0,0,0,10.100000000000023,Low,Medium,59840.0,0
L,300.2,310.4,1518,41.8,5,0,0,0,0,0,0,10.199999999999989,Low,Medium,63452.399999999994,0
L,300.3,310.4,1742,25.9,7,0,0,0,0,0,0,10.099999999999966,Low,Low,45117.799999999996,0
M,300.4,310.5,1500,43.0,9,0,0,0,0,0,0,10.100000000000023,Low,Medium,64500.0,0
L,300.4,310.5,2424,14.5,12,0,0,0,0,0,0,10.100000000000023,Low,Low,35148.0,0
L,300.4,310.5,1818,25.1,14,0,0,0,0,0,0,10.100000000000023,Low,Low,45631.8,0
M,300.4,310.6,1545,35.6,16,0,0,0,0,0,0,10.200000000000045,Low,Medium,55002.0,0
L,300.4,310.6,1429,46.9,19,0,0,0,0,0,0,10.200000000000045,Low,Medium,67020.09999999999,0
M,300.4,310.6,1448,44.9,21,0,0,0,0,0,0,10.200000000000045,Low,Medium,65015.2,0
L,300.4,310.6,1384,48.7,24,0,0,0,0,0,0,10.200000000000045,Low,Medium,67400.8,0
L,300.4,310.5,1578,32.8,26,0,0,0,0,0,0,10.100000000000023,Low,Medium,51758.399999999994,0
L,300.5,310.5,1695,26.7,28,0,0,0,0,0,0,10.0,Low,Low,45256.5,0
L,300.5,310.6,1543,36.2,30,0,0,0,0,0,0,10.100000000000023,Low,Medium,55856.600000000006,0
M,300.4,310.5,1540,33.4,32,0,0,0,0,0,0,10.100000000000023,Low,Medium,51436.0,0
L,300.2,310.4,1808,25.8,35,0,0,0,0,0,0,10.199999999999989,Low,Low,46646.4,0
M,300.3,310.4,1293,49.7,37,0,0,0,0,0,0,10.099999999999966,Low,Medium,64262.100000000006,0
L,300.2,310.3,1202,59.5,40,0,0,0,0,0,0,10.100000000000023,Low,High,71519.0,0
M,300.2,310.3,1704,29.2,42,0,0,0,0,0,0,10.100000000000023,Low,Medium,49756.799999999996,0
M,300.2,310.3,1478,38.1,45,0,0,0,0,0,0,10.100000000000023,Low,Medium,56311.8,0
L,300.2,310.3,1514,38.7,48,0,0,0,0,0,0,10.100000000000023,Low,Medium,58591.8,0
M,300.1,310.3,1350,48.8,50,0,0,0,0,0,0,10.199999999999989,Low,Medium,65880.0,0
L,300.1,310.2,1475,54.2,53,0,0,0,0,0,0,10.099999999999966,Low,High,79945.0,0
H,300.0,310.1,1714,28.7,55,0,0,0,0,0,0,10.100000000000023,Low,Medium,49191.799999999996,0
L,300.0,310.1,1465,40.9,60,0,0,0,0,0,0,10.100000000000023,Low,Medium,59918.5,0
L,299.9,310.2,1288,69.6,62,1,0,0,1,0,0,10.300000000000011,Low,High,89644.79999999999,0
L,300.0,310.2,1675,29.7,64,0,0,0,0,0,0,10.199999999999989,Low,Medium,49747.5,0
L,300.0,310.2,1486,36.4,66,0,0,0,0,0,0,10.199999999999989,Low,Medium,54090.4,0
M,300.0,310.2,1443,58.7,68,0,0,0,0,0,0,10.199999999999989,Low,High,84704.1,0
M,300.1,310.3,1345,57.1,71,0,0,0,0,0,0,10.199999999999989,Low,High,76799.5,0
M,300.2,310.4,1202,61.7,74,0,0,0,0,0,0,10.199999999999989,Low,High,74163.40000000001,0
M,300.1,310.4,1480,37.1,77,0,0,0,0,0,0,10.299999999999955,Low,Medium,54908.0,0
M,300.2,310.4,1530,35.7,80,0,0,0,0,0,0,10.199999999999989,Low,Medium,54621.00000000001,0
M,300.2,310.6,1983,20.8,83,0,0,0,0,0,0,10.400000000000034,Low,Low,41246.4,0
L,300.3,310.6,1433,53.8,86,0,0,0,0,0,0,10.300000000000011,Medium,High,77095.4,0
L,300.3,310.6,1806,24.4,88,0,0,0,0,0,0,10.300000000000011,Medium,Low,44066.399999999994,0
L,300.2,310.5,1416,46.7,90,0,0,0,0,0,0,10.300000000000011,Medium,Medium,66127.2,0
M,300.1,310.4,1556,38.1,92,0,0,0,0,0,0,10.299999999999955,Medium,Medium,59283.600000000006,0
L,300.1,310.5,1627,29.2,95,0,0,0,0,0,0,10.399999999999977,Medium,Medium,47508.4,0
L,300.1,310.6,1809,24.3,97,0,0,0,0,0,0,10.5,Medium,Low,43958.700000000004,0
M,300.1,310.5,1329,57.4,99,0,0,0,0,0,0,10.399999999999977,Medium,High,76284.59999999999,0
H,300.0,310.4,1881,21.9,102,0,0,0,0,0,0,10.399999999999977,Medium,Low,41193.899999999994,0
L,300.1,310.5,1500,39.8,107,0,0,0,0,0,0,10.399999999999977,Medium,Medium,59699.99999999999,0
L,300.1,310.5,1532,36.0,109,0,0,0,0,0,0,10.399999999999977,Medium,Medium,55152.0,0
L,300.1,310.5,1492,50.9,111,0,0,0,0,0,0,10.399999999999977,Medium,Medium,75942.8,0
L,300.2,310.6,1431,42.3,113,0,0,0,0,0,0,10.400000000000034,Medium,Medium,60531.299999999996,0
L,300.1,310.4,1554,39.4,115,0,0,0,0,0,0,10.299999999999955,Medium,Medium,61227.6,0
L,300.1,310.5,1494,44.2,117,0,0,0,0,0,0,10.399999999999977,Medium,Medium,66034.8,0
L,300.1,310.6,1374,45.4,119,0,0,0,0,0,0,10.5,Medium,Medium,62379.6,0
L,300.1,310.5,1394,44.3,121,0,0,0,0,0,0,10.399999999999977,Medium,Medium,61754.2,0
M,300.0,310.5,1790,25.7,123,0,0,0,0,0,0,10.5,Medium,Low,46003.0,0
L,300.1,310.5,1356,45.8,126,0,0,0,0,0,0,10.399999999999977,Medium,Medium,62104.799999999996,0
M,300.0,310.4,1385,52.1,128,0,0,0,0,0,0,10.399999999999977,Medium,Medium,72158.5,0
L,300.0,310.4,1333,49.1,131,0,0,0,0,0,0,10.399999999999977,Medium,Medium,65450.3,0
L,300.0,310.4,1505,44.9,133,0,0,0,0,0,0,10.399999999999977,Medium,Medium,67574.5,0
L,300.0,310.5,1606,33.5,135,0,0,0,0,0,0,10.5,Medium,Medium,53801.0,0
H,300.0,310.5,1558,36.7,137,0,0,0,0,0,0,10.5,Medium,Medium,57178.600000000006,0
L,300.0,310.5,1412,52.4,142,0,0,0,0,0,0,10.5,Medium,High,73988.8,0
L,299.9,310.4,1408,38.4,144,0,0,0,0,0,0,10.5,Medium,Medium,54067.2,0
L,299.9,310.3,1268,53.3,146,0,0,0,0,0,0,10.400000000000034,Medium,High,67584.4,0
L,299.9,310.4,1470,50.0,148,0,0,0,0,0,0,10.5,Medium,Medium,73500.0,0
L,299.9,310.4,1497,47.0,150,0,0,0,0,0,0,10.5,Medium,Medium,70359.0,0
L,299.9,310.3,1638,29.1,152,0,0,0,0,0,0,10.400000000000034,Medium,Medium,47665.8,0
H,299.9,310.3,1535,43.9,154,0,0,0,0,0,0,10.400000000000034,Medium,Medium,67386.5,0
L,299.8,310.2,1654,32.7,159,0,0,0,0,0,0,10.399999999999977,Medium,Medium,54085.8,0
H,299.8,310.2,1411,49.7,161,0,0,0,0,0,0,10.399999999999977,Medium,Medium,70126.7,0
L,299.8,310.2,1911,23.5,166,0,0,0,0,0,0,10.399999999999977,Medium,Low,44908.5,0
H,299.8,310.2,1573,33.3,168,0,0,0,0,0,0,10.399999999999977,Medium,Medium,52380.899999999994,0
L,299.9,310.2,1479,46.3,173,0,0,0,0,0,0,10.300000000000011,High,Medium,68477.7,0
M,299.9,310.4,1820,26.6,175,0,0,0,0,0,0,10.5,High,Low,48412.0,0
L,299.9,310.4,1419,45.7,178,0,0,0,0,0,0,10.5,High,Medium,64848.3,0
M,299.9,310.5,1335,52.9,180,0,0,0,0,0,0,10.600000000000023,High,High,70621.5,0
M,299.9,310.5,1576,39.4,183,0,0,0,0,0,0,10.600000000000023,High,Medium,62094.399999999994,0
L,300.0,310.5,1517,42.2,186,0,0,0,0,0,0,10.5,High,Medium,64017.4,0
M,299.9,310.4,1576,34.3,188,0,0,0,0,0,0,10.5,High,Medium,54056.799999999996,0
H,299.8,310.2,1537,36.6,191,0,0,0,0,0,0,10.399999999999977,High,Medium,56254.200000000004,0
L,299.8,310.3,1524,34.2,196,0,0,0,0,0,0,10.5,High,Medium,52120.8,0
M,299.8,310.3,1805,23.7,198,0,0,0,0,0,0,10.5,High,Low,42778.5,0
M,299.9,310.4,1367,53.3,201,0,0,0,0,0,0,10.5,High,High,72861.09999999999,1
L,299.8,310.4,1694,30.3,204,0,0,0,0,0,0,10.599999999999966,High,Medium,51328.200000000004,1
L,299.9,310.4,1328,49.9,206,0,0,0,0,0,0,10.5,High,Medium,66267.2,1
H,299.9,310.5,1549,42.8,208,0,0,0,0,0,0,10.600000000000023,High,Medium,66297.2,1
L,299.9,310.5,1539,32.8,213,0,0,0,0,0,0,10.600000000000023,High,Medium,50479.2,1
L,299.8,310.5,1496,38.8,215,0,0,0,0,0,0,10.699999999999989,High,Medium,58044.799999999996,1
L,299.8,310.4,1579,36.4,0,0,0,0,0,0,0,10.599999999999966,Low,Medium,57475.6,0
L,299.7,310.3,1386,46.6,2,0,0,0,0,0,0,10.600000000000023,Low,Medium,64587.6,0
L,299.7,310.3,1505,37.7,4,0,0,0,0,0,0,10.600000000000023,Low,Medium,56738.50000000001,0
M,299.7,310.3,1661,34.5,6,0,0,0,0,0,0,10.600000000000023,Low,Medium,57304.5,0
L,299.6,310.2,1468,48.0,9,0,0,0,0,0,0,10.599999999999966,Low,Medium,70464.0,0
L,299.6,310.1,1384,49.8,11,0,0,0,0,0,0,10.5,Low,Medium,68923.2,0
L,299.6,310.2,1381,60.5,13,0,0,0,0,0,0,10.599999999999966,Low,High,83550.5,0
L,299.6,310.2,1469,47.0,15,0,0,0,0,0,0,10.599999999999966,Low,Medium,69043.0,0
L,299.6,310.2,1627,36.6,17,0,0,0,0,0,0,10.599999999999966,Low,Medium,59548.200000000004,0
H,299.7,310.3,1462,40.4,19,0,0,0,0,0,0,10.600000000000023,Low,Medium,59064.799999999996,0
L,299.7,310.2,1633,36.5,24,0,0,0,0,0,0,10.5,Low,Medium,59604.5,0
L,299.7,310.2,1469,39.5,26,0,0,0,0,0,0,10.5,Low,Medium,58025.5,0
L,299.7,310.2,1458,43.4,28,0,0,0,0,0,0,10.5,Low,Medium,63277.2,0
M,299.7,310.2,1440,42.8,30,0,0,0,0,0,0,10.5,Low,Medium,61631.99999999999,0
L,299.8,310.3,1687,30.4,33,0,0,0,0,0,0,10.5,Low,Medium,51284.799999999996,0
M,299.7,310.3,1429,47.7,35,0,0,0,0,0,0,10.600000000000023,Low,Medium,68163.3,0
L,299.6,310.2,1588,34.1,38,0,0,0,0,0,0,10.599999999999966,Low,Medium,54150.8,0
L,299.6,310.2,1333,51.2,40,0,0,0,0,0,0,10.599999999999966,Low,Medium,68249.6,0
L,299.6,310.1,1487,42.9,42,0,0,0,0,0,0,10.5,Low,Medium,63792.299999999996,0
M,299.5,310.1,1659,31.5,44,0,0,0,0,0,0,10.600000000000023,Low,Medium,52258.5,0
M,299.4,310.0,1512,43.2,47,0,0,0,0,0,0,10.600000000000023,Low,Medium,65318.4,0
L,299.5,310.1,1585,35.2,50,0,0,0,0,0,0,10.600000000000023,Low,Medium,55792.00000000001,0
L,299.5,310.0,1502,38.5,52,0,0,0,0,0,0,10.5,Low,Medium,57827.0,0
L,299.5,310.0,1594,35.1,54,0,0,0,0,0,0,10.5,Low,Medium,55949.4,0
L,299.5,310.0,1412,48.9,56,0,0,0,0,0,0,10.5,Low,Medium,69046.8,0
L,299.5,309.9,1402,51.7,58,0,0,0,0,0,0,10.399999999999977,Low,Medium,72483.40000000001,0
L,299.6,310.1,2057,20.4,60,0,0,0,0,0,0,10.5,Low,Low,41962.799999999996,0
H,299.6,310.1,1531,36.8,62,0,0,0,0,0,0,10.5,Low,Medium,56340.799999999996,0
M,299.5,310.1,1359,61.1,67,0,0,0,0,0,0,10.600000000000023,Low,High,83034.90000000001,0
M,299.6,310.2,1620,30.0,70,0,0,0,0,0,0,10.599999999999966,Low,Medium,48600.0,0
M,299.6,310.1,1646,29.6,73,0,0,0,0,0,0,10.5,Low,Medium,48721.600000000006,0
M,299.6,310.1,1455,46.1,76,0,0,0,0,0,0,10.5,Low,Medium,67075.5,0
L,299.6,310.2,1512,44.0,79,0,0,0,0,0,0,10.599999999999966,Low,Medium,66528.0,0
L,299.6,310.2,1473,42.7,81,0,0,0,0,0,0,10.599999999999966,Low,Medium,62897.100000000006,0
L,299.6,310.1,1553,38.0,83,0,0,0,0,0,0,10.5,Low,Medium,59014.0,0
L,299.5,310.0,1379,50.4,85,0,0,0,0,0,0,10.5,Medium,Medium,69501.59999999999,0
M,299.4,309.9,1567,40.6,87,0,0,0,0,0,0,10.5,Medium,Medium,63620.200000000004,0
L,299.5,310.0,1481,43.1,90,0,0,0,0,0,0,10.5,Medium,Medium,63831.1,0
L,299.5,310.0,1349,52.7,92,0,0,0,0,0,0,10.5,Medium,High,71092.3,0
L,299.5,310.0,1388,52.4,94,0,0,0,0,0,0,10.5,Medium,High,72731.2,0
M,299.6,310.1,1357,48.7,96,0,0,0,0,0,0,10.5,Medium,Medium,66085.90000000001,0
L,299.6,310.2,1743,24.8,99,0,0,0,0,0,0,10.599999999999966,Medium,Low,43226.4,0
L,299.7,310.3,1495,43.1,101,0,0,0,0,0,0,10.600000000000023,Medium,Medium,64434.5,0
L,299.8,310.4,1698,28.3,103,0,0,0,0,0,0,10.599999999999966,Medium,Medium,48053.4,0
M,299.7,310.4,1410,44.5,105,0,0,0,0,0,0,10.699999999999989,Medium,Medium,62745.0,0
L,299.7,310.4,1614,36.2,108,0,0,0,0,0,0,10.699999999999989,Medium,Medium,58426.8,0
M,299.8,310.5,1375,53.9,110,0,0,0,0,0,0,10.699999999999989,Medium,High,74112.5,0
M,299.8,310.6,1574,31.8,113,0,0,0,0,0,0,10.800000000000011,Medium,Medium,50053.200000000004,0
H,299.8,310.6,1423,44.6,116,0,0,0,0,0,0,10.800000000000011,Medium,Medium,63465.8,0
M,299.8,310.6,1694,31.3,121,0,0,0,0,0,0,10.800000000000011,Medium,Medium,53022.200000000004,0
L,299.8,310.6,1707,32.5,124,0,0,0,0,0,0,10.800000000000011,Medium,Medium,55477.5,0
M,299.7,310.5,1490,41.2,126,0,0,0,0,0,0,10.800000000000011,Medium,Medium,61388.00000000001,0
L,299.7,310.6,1675,31.3,129,0,0,0,0,0,0,10.900000000000034,Medium,Medium,52427.5,0
M,299.7,310.5,1492,39.3,131,0,0,0,0,0,0,10.800000000000011,Medium,Medium,58635.6,0
M,299.7,310.5,1594,35.4,134,0,0,0,0,0,0,10.800000000000011,Medium,Medium,56427.6,0
L,299.7,310.6,1479,38.0,137,0,0,0,0,0,0,10.900000000000034,Medium,Medium,56202.0,0
M,299.7,310.6,1572,38.0,139,0,0,0,0,0,0,10.900000000000034,Medium,Medium,59736.0,0
L,299.7,310.6,1616,35.1,142,0,0,0,0,0,0,10.900000000000034,Medium,Medium,56721.600000000006,0
L,299.7,310.6,1737,26.1,144,0,0,0,0,0,0,10.900000000000034,Medium,Low,45335.700000000004,0
M,299.7,310.7,1498,37.8,146,0,0,0,0,0,0,11.0,Medium,Medium,56624.399999999994,0
L,299.6,310.6,1642,35.1,149,0,0,0,0,0,0,11.0,Medium,Medium,57634.200000000004,0
M,299.6,310.6,1633,34.2,151,0,0,0,0,0,0,11.0,Medium,Medium,55848.600000000006,0
L,299.8,310.8,1409,51.9,154,0,0,0,0,0,0,11.0,Medium,Medium,73127.09999999999,0
M,299.8,310.8,1463,43.5,156,0,0,0,0,0,0,11.0,Medium,Medium,63640.5,0
L,299.8,310.8,1376,48.6,159,0,0,0,0,0,0,11.0,Medium,Medium,66873.6,0
L,299.8,310.8,1553,32.2,161,0,0,0,0,0,0,11.0,Medium,Medium,50006.600000000006,0
M,299.8,310.8,1530,35.2,163,0,0,0,0,0,0,11.0,Medium,Medium,53856.00000000001,0
L,299.8,310.9,1545,40.7,166,0,0,0,0,0,0,11.099999999999966,Medium,Medium,62881.50000000001,0
H,299.8,310.9,1427,47.2,168,0,0,0,0,0,0,11.099999999999966,Medium,Medium,67354.40000000001,0
L,299.9,310.9,1292,51.1,173,0,0,0,0,0,0,11.0,High,Medium,66021.2,0
L,299.8,310.9,2084,17.6,175,0,0,0,0,0,0,11.099999999999966,High,Low,36678.4,0
L,299.9,311.0,1747,27.6,177,0,0,0,0,0,0,11.100000000000023,High,Low,48217.200000000004,0
L,300.0,311.1,1425,47.8,179,0,0,0,0,0,0,11.100000000000023,High,Medium,68115.0,0
L,300.0,311.0,1637,33.6,181,0,0,0,0,0,0,11.0,High,Medium,55003.200000000004,0
M,300.1,311.1,1616,35.2,183,0,0,0,0,0,0,11.0,High,Medium,56883.200000000004,0
L,300.1,311.1,1619,33.4,186,0,0,0,0,0,0,11.0,High,Medium,54074.6,0
L,300.1,311.2,1489,39.1,188,0,0,0,0,0,0,11.099999999999966,High,Medium,58219.9,0
M,300.1,311.2,1452,42.4,190,0,0,0,0,0,0,11.099999999999966,High,Medium,61564.799999999996,0
M,300.1,311.3,1495,41.0,193,0,0,0,0,0,0,11.199999999999989,High,Medium,61295.0,0
M,300.2,311.4,1427,39.7,196,0,0,0,0,0,0,11.199999999999989,High,Medium,56651.9,0
L,300.1,311.4,1572,36.2,199,0,0,0,0,0,0,11.299999999999955,High,Medium,56906.4,0
L,300.1,311.3,1547,40.0,201,0,0,0,0,0,0,11.199999999999989,High,Medium,61880.0,1
M,300.1,311.4,1342,48.5,203,0,0,0,0,0,0,11.299999999999955,High,Medium,65087.0,1
L,300.0,311.2,1351,44.1,206,0,0,0,0,0,0,11.199999999999989,High,Medium,59579.1,1
L,300.0,311.3,1407,47.3,208,0,0,0,0,0,0,11.300000000000011,High,Medium,66551.09999999999,1
M,300.1,311.4,1575,29.8,210,0,0,0,0,0,0,11.299999999999955,High,Medium,46935.0,1
M,300.0,311.4,1791,24.1,213,0,0,0,0,0,0,11.399999999999977,High,Low,43163.100000000006,1
M,300.0,311.4,1692,29.0,216,1,1,0,0,0,0,11.399999999999977,High,Medium,49068.0,1
L,300.0,311.4,1634,31.9,0,0,0,0,0,0,0,11.399999999999977,Low,Medium,52124.6,0
M,300.0,311.4,1864,23.3,2,0,0,0,0,0,0,11.399999999999977,Low,Low,43431.200000000004,0
L,300.0,311.4,1590,33.6,5,0,0,0,0,0,0,11.399999999999977,Low,Medium,53424.0,0
M,300.0,311.4,1384,46.1,7,0,0,0,0,0,0,11.399999999999977,Low,Medium,63802.4,0
M,300.0,311.4,1352,61.8,10,0,0,0,0,0,0,11.399999999999977,Low,High,83553.59999999999,0
L,300.1,311.4,1484,43.1,13,0,0,0,0,0,0,11.299999999999955,Low,Medium,63960.4,0
M,300.1,311.4,1913,21.9,15,0,0,0,0,0,0,11.299999999999955,Low,Low,41894.7,0
L,300.0,311.4,1508,38.2,18,0,0,0,0,0,0,11.399999999999977,Low,Medium,57605.600000000006,0
L,299.9,311.3,1504,40.7,20,0,0,0,0,0,0,11.400000000000034,Low,Medium,61212.8,0
L,300.0,311.4,1487,41.2,22,0,0,0,0,0,0,11.399999999999977,Low,Medium,61264.4,0
L,299.8,311.3,1727,30.0,24,0,0,0,0,0,0,11.5,Low,Medium,51810.0,0
L,299.9,311.3,1647,27.5,26,0,0,0,0,0,0,11.400000000000034,Low,Low,45292.5,0
L,300.0,311.3,1493,41.4,28,0,0,0,0,0,0,11.300000000000011,Low,Medium,61810.2,0
L,300.0,311.4,1655,29.6,30,0,0,0,0,0,0,11.399999999999977,Low,Medium,48988.0,0
M,299.9,311.4,1337,54.8,32,0,0,0,0,0,0,11.5,Low,High,73267.59999999999,0
L,300.0,311.5,1601,36.9,35,0,0,0,0,0,0,11.5,Low,Medium,59076.899999999994,0
H,300.1,311.6,1589,37.9,37,0,0,0,0,0,0,11.5,Low,Medium,60223.1,0
L,300.2,311.7,1286,55.1,42,0,0,0,0,0,0,11.5,Low,High,70858.6,0
L,300.2,311.7,1553,41.3,44,0,0,0,0,0,0,11.5,Low,Medium,64138.899999999994,0
L,300.2,311.8,1379,51.0,46,0,0,0,0,0,0,11.600000000000023,Low,Medium,70329.0,0
M,300.3,311.9,1677,30.8,48,0,0,0,0,0,0,11.599999999999966,Low,Medium,51651.6,0
L,300.3,311.8,1488,38.4,51,0,0,0,0,0,0,11.5,Low,Medium,57139.2,0
L,300.3,311.8,1418,45.9,53,0,0,0,0,0,0,11.5,Low,Medium,65086.2,0
L,300.3,311.8,1451,41.0,55,0,0,0,0,0,0,11.5,Low,Medium,59491.0,0
L,300.3,311.8,1508,43.1,57,0,0,0,0,0,0,11.5,Low,Medium,64994.8,0
L,300.3,311.7,1579,33.6,59,0,0,0,0,0,0,11.399999999999977,Low,Medium,53054.4,0
H,300.3,311.7,1432,47.7,61,0,0,0,0,0,0,11.399999999999977,Low,Medium,68306.40000000001,0
L,300.2,311.6,1446,47.3,66,0,0,0,0,0,0,11.400000000000034,Low,Medium,68395.8,0
M,300.2,311.7,1597,39.5,68,0,0,0,0,0,0,11.5,Low,Medium,63081.5,0
M,300.2,311.7,1397,50.2,71,0,0,0,0,0,0,11.5,Low,Medium,70129.40000000001,0
L,300.1,311.6,1530,36.6,74,0,0,0,0,0,0,11.5,Low,Medium,55998.0,0
M,300.1,311.6,1433,51.4,76,0,0,0,0,0,0,11.5,Low,Medium,73656.2,0
L,300.0,311.5,1591,32.0,79,0,0,0,0,0,0,11.5,Low,Medium,50912.0,0
L,300.0,311.5,1445,41.6,81,0,0,0,0,0,0,11.5,Low,Medium,60112.0,0
L,300.0,311.5,1749,28.3,83,0,0,0,0,0,0,11.5,Low,Medium,49496.700000000004,0
L,300.0,311.3,1703,30.4,85,0,0,0,0,0,0,11.300000000000011,Medium,Medium,51771.2,0
H,300.1,311.4,1518,46.9,87,0,0,0,0,0,0,11.299999999999955,Medium,Medium,71194.2,0
L,300.1,311.3,1535,42.3,92,0,0,0,0,0,0,11.199999999999989,Medium,Medium,64930.49999999999,0
M,300.1,311.4,1390,52.1,94,0,0,0,0,0,0,11.299999999999955,Medium,Medium,72419.0,0
H,300.3,311.6,1801,23.6,97,0,0,0,0,0,0,11.300000000000011,Medium,Low,42503.600000000006,0
H,300.3,311.6,1463,41.6,102,0,0,0,0,0,0,11.300000000000011,Medium,Medium,60860.8,0
L,300.3,311.6,1560,37.7,107,0,0,0,0,0,0,11.300000000000011,Medium,Medium,58812.00000000001,0
L,300.3,311.6,1607,33.5,109,0,0,0,0,0,0,11.300000000000011,Medium,Medium,53834.5,0
L,300.4,311.6,1332,54.6,111,0,0,0,0,0,0,11.200000000000045,Medium,High,72727.2,0
L,300.3,311.7,1365,53.3,113,0,0,0,0,0,0,11.399999999999977,Medium,High,72754.5,0
M,300.3,311.6,1617,32.5,115,0,0,0,0,0,0,11.300000000000011,Medium,Medium,52552.5,0
M,300.3,311.6,1304,62.8,118,0,0,0,0,0,0,11.300000000000011,Medium,High,81891.2,0
L,300.3,311.7,1989,22.3,121,0,0,0,0,0,0,11.399999999999977,Medium,Low,44354.700000000004,0
H,300.3,311.6,1339,53.4,123,0,0,0,0,0,0,11.300000000000011,Medium,High,71502.59999999999,0
L,300.2,311.5,1492,41.8,128,0,0,0,0,0,0,11.300000000000011,Medium,Medium,62365.6,0
M,300.1,311.3,1518,40.2,130,0,0,0,0,0,0,11.199999999999989,Medium,Medium,61023.600000000006,0
L,300.1,311.3,1479,39.5,133,0,0,0,0,0,0,11.199999999999989,Medium,Medium,58420.5,0
M,300.1,311.3,1523,34.1,135,0,0,0,0,0,0,11.199999999999989,Medium,Medium,51934.3,0
M,300.2,311.4,1570,35.3,138,0,0,0,0,0,0,11.199999999999989,Medium,Medium,55420.99999999999,0
H,300.2,311.4,1506,36.1,141,0,0,0,0,0,0,11.199999999999989,Medium,Medium,54366.6,0
M,300.2,311.6,1510,47.5,146,0,0,0,0,0,0,11.400000000000034,Medium,Medium,71725.0,0
L,300.2,311.6,1671,28.8,149,0,0,0,0,0,0,11.400000000000034,Medium,Medium,48124.8,0
M,300.3,311.6,1312,53.4,151,0,0,0,0,0,0,11.300000000000011,Medium,High,70060.8,0
L,300.3,311.6,1595,38.8,154,0,0,0,0,0,0,11.300000000000011,Medium,Medium,61885.99999999999,0
L,300.3,311.7,1635,31.8,156,0,0,0,0,0,0,11.399999999999977,Medium,Medium,51993.0,0
L,300.3,311.7,1707,33.6,158,0,0,0,0,0,0,11.399999999999977,Medium,Medium,57355.200000000004,0
L,300.3,311.7,1545,43.5,160,0,0,0,0,0,1,11.399999999999977,Medium,Medium,67207.5,0
M,300.2,311.6,1751,28.0,162,0,0,0,0,0,0,11.400000000000034,Medium,Low,49028.0,0
M,300.4,311.8,1707,30.0,165,0,0,0,0,0,0,11.400000000000034,Medium,Medium,51210.0,0
L,300.4,311.8,1320,57.9,168,0,0,0,0,0,0,11.400000000000034,Medium,High,76428.0,0
M,300.3,311.7,1319,51.4,170,0,0,0,0,0,0,11.399999999999977,High,Medium,67796.59999999999,0
L,300.2,311.7,1448,54.2,173,0,0,0,0,0,0,11.5,High,High,78481.6,0
L,300.2,311.8,1436,48.2,175,0,0,0,0,0,0,11.600000000000023,High,Medium,69215.2,0
L,300.3,311.9,1609,34.0,177,0,0,0,0,0,0,11.599999999999966,High,Medium,54706.0,0
L,300.2,311.8,1464,44.5,179,0,0,0,0,0,0,11.600000000000023,High,Medium,65148.0,0
M,300.3,311.8,1483,45.1,181,0,0,0,0,0,0,11.5,High,Medium,66883.3,0
M,300.2,311.8,1748,28.5,184,0,0,0,0,0,0,11.600000000000023,High,Medium,49818.0,0
L,300.3,311.8,1746,26.3,187,0,0,0,0,0,0,11.5,High,Low,45919.8,0
L,300.2,311.8,1410,51.4,189,0,0,0,0,0,0,11.600000000000023,High,Medium,72474.0,0
L,300.2,311.7,1640,30.8,191,0,0,0,0,0,0,11.5,High,Medium,50512.0,0
H,300.3,311.7,1655,29.9,193,0,0,0,0,0,0,11.399999999999977,High,Medium,49484.5,0
M,300.3,311.7,1646,28.9,198,0,0,0,0,0,0,11.399999999999977,High,Medium,47569.399999999994,0
L,300.4,311.8,1589,42.0,201,0,0,0,0,0,0,11.400000000000034,High,Medium,66738.0,1
L,300.5,311.9,1546,39.4,203,0,0,0,0,0,0,11.399999999999977,High,Medium,60912.399999999994,1
L,300.5,311.9,1511,41.8,205,0,0,0,0,0,0,11.399999999999977,High,Medium,63159.799999999996,1
L,300.5,311.9,1750,28.3,207,0,0,0,0,0,0,11.399999999999977,High,Medium,49525.0,1
M,300.5,311.9,1730,27.5,209,0,0,0,0,0,0,11.399999999999977,High,Low,47575.0,1
L,300.6,311.9,1372,60.1,212,1,0,0,0,1,0,11.299999999999955,High,High,82457.2,1
L,300.5,311.8,1524,38.9,214,1,1,0,0,0,0,11.300000000000011,High,Medium,59283.6,1
L,300.4,311.8,1601,36.1,0,0,0,0,0,0,0,11.400000000000034,Low,Medium,57796.100000000006,0
M,300.5,311.8,1636,34.4,2,0,0,0,0,0,0,11.300000000000011,Low,Medium,56278.399999999994,0
L,300.4,311.8,2261,14.9,5,0,0,0,0,0,0,11.400000000000034,Low,Low,33688.9,0
L,300.4,311.8,1636,32.3,7,0,0,0,0,0,0,11.400000000000034,Low,Medium,52842.799999999996,0
M,300.4,311.9,1335,58.3,9,0,0,0,0,0,0,11.5,Low,High,77830.5,0
M,300.3,311.7,1236,57.5,12,0,0,0,0,0,0,11.399999999999977,Low,High,71070.0,0
L,300.3,311.7,1445,47.3,15,0,0,0,0,0,0,11.399999999999977,Low,Medium,68348.5,0
L,300.2,311.5,1500,40.8,17,0,0,0,0,0,0,11.300000000000011,Low,Medium,61199.99999999999,0
L,300.2,311.6,1999,21.0,19,0,0,0,0,0,0,11.400000000000034,Low,Low,41979.0,0
L,300.2,311.6,1529,35.5,21,0,0,0,0,0,0,11.400000000000034,Low,Medium,54279.5,0
M,300.2,311.6,1467,40.7,23,0,0,0,0,0,0,11.400000000000034,Low,Medium,59706.9,0
L,300.1,311.5,1334,54.0,26,0,0,0,0,0,0,11.399999999999977,Low,High,72036.0,0
M,300.1,311.5,1343,46.2,28,0,0,0,0,0,0,11.399999999999977,Low,Medium,62046.600000000006,0
L,300.2,311.5,1639,31.1,31,0,0,0,0,0,0,11.300000000000011,Low,Medium,50972.9,0
H,300.1,311.5,1383,49.1,33,0,0,0,0,0,0,11.399999999999977,Low,Medium,67905.3,0
L,300.1,311.4,1660,31.4,38,0,0,0,0,0,0,11.299999999999955,Low,Medium,52124.0,0
L,300.1,311.3,1470,45.2,40,0,0,0,0,0,0,11.199999999999989,Low,Medium,66444.0,0
M,300.1,311.3,1748,26.6,42,0,0,0,0,0,0,11.199999999999989,Low,Low,46496.8,0
L,300.1,311.4,1467,35.7,45,0,0,0,0,0,0,11.299999999999955,Low,Medium,52371.9,0
M,300.1,311.4,1617,39.3,47,0,0,0,0,0,0,11.299999999999955,Low,Medium,63548.1,0
H,300.1,311.4,1377,56.7,50,0,0,0,0,0,0,11.299999999999955,Low,High,78075.90000000001,0
M,300.0,311.3,1629,32.1,55,0,0,0,0,0,0,11.300000000000011,Low,Medium,52290.9,0
L,300.0,311.2,1504,37.9,58,0,0,0,0,0,0,11.199999999999989,Low,Medium,57001.6,0
L,300.0,311.2,1418,47.3,60,0,0,0,0,0,0,11.199999999999989,Low,Medium,67071.4,0
L,300.0,311.2,1629,31.7,62,0,0,0,0,0,0,11.199999999999989,Low,Medium,51639.299999999996,0
L,300.1,311.3,2579,12.5,64,1,0,0,1,0,0,11.199999999999989,Low,Low,32237.5,0
L,300.1,311.3,1305,64.7,66,0,0,0,0,0,0,11.199999999999989,Low,High,84433.5,0
M,300.2,311.4,1450,38.5,68,0,0,0,0,0,0,11.199999999999989,Low,Medium,55825.0,0
L,300.2,311.3,1487,36.9,71,0,0,0,0,0,0,11.100000000000023,Low,Medium,54870.299999999996,0
M,300.2,311.3,1587,31.2,73,0,0,0,0,0,0,11.100000000000023,Low,Medium,49514.4,0
M,300.3,311.5,1528,40.9,76,0,0,0,0,0,0,11.199999999999989,Low,Medium,62495.2,0
M,300.4,311.6,1401,49.9,79,0,0,0,0,0,0,11.200000000000045,Low,Medium,69909.9,0
L,300.3,311.5,1446,45.0,82,0,0,0,0,0,0,11.199999999999989,Low,Medium,65070.0,0
L,300.2,311.4,1425,44.2,84,0,0,0,0,0,0,11.199999999999989,Low,Medium,62985.00000000001,0
L,300.2,311.4,1891,22.6,86,0,0,0,0,0,0,11.199999999999989,Medium,Low,42736.600000000006,0
H,300.2,311.5,1454,42.8,88,0,0,0,0,0,0,11.300000000000011,Medium,Medium,62231.2,0
L,300.1,311.4,1430,40.9,93,0,0,0,0,0,0,11.299999999999955,Medium,Medium,58487.0,0
L,300.2,311.4,1495,43.6,95,0,0,0,0,0,0,11.199999999999989,Medium,Medium,65182.0,0
L,300.3,311.4,1544,41.6,97,0,0,0,0,0,0,11.099999999999966,Medium,Medium,64230.4,0
M,300.3,311.4,1554,34.3,99,0,0,0,0,0,0,11.099999999999966,Medium,Medium,53302.2,0
M,300.2,311.3,1491,37.3,102,0,0,0,0,0,0,11.100000000000023,Medium,Medium,55614.299999999996,0
L,300.3,311.3,1525,40.7,105,0,0,0,0,0,0,11.0,Medium,Medium,62067.50000000001,0
L,300.3,311.3,1505,39.6,107,0,0,0,0,0,0,11.0,Medium,Medium,59598.0,0
M,300.3,311.4,1371,50.2,109,0,0,0,0,0,0,11.099999999999966,Medium,Medium,68824.2,0
L,300.3,311.3,1332,60.5,112,0,0,0,0,0,0,11.0,Medium,High,80586.0,0
L,300.3,311.4,1471,37.0,114,0,0,0,0,0,0,11.099999999999966,Medium,Medium,54427.0,0
M,300.4,311.5,1750,27.3,116,0,0,0,0,0,0,11.100000000000023,Medium,Low,47775.0,0
M,300.3,311.4,1386,48.1,119,0,0,0,0,0,0,11.099999999999966,Medium,Medium,66666.6,0
M,300.4,311.4,1355,56.2,122,0,0,0,0,0,0,11.0,Medium,High,76151.0,0
M,300.3,311.3,1377,53.8,125,0,0,0,0,0,0,11.0,Medium,High,74082.59999999999,0
L,300.3,311.1,1388,49.4,128,0,0,0,0,0,0,10.800000000000011,Medium,Medium,68567.2,0
M,300.3,311.1,1350,58.7,130,0,0,0,0,0,0,10.800000000000011,Medium,High,79245.0,0
M,300.4,311.2,1831,23.4,133,0,0,0,0,0,0,10.800000000000011,Medium,Low,42845.399999999994,0
M,300.3,311.2,1381,65.2,136,1,0,0,1,0,0,10.899999999999977,Medium,High,90041.2,0
M,300.3,311.2,1783,25.6,139,0,0,0,0,0,0,10.899999999999977,Medium,Low,45644.8,0
L,300.3,311.0,1613,34.7,142,0,0,0,0,0,0,10.699999999999989,Medium,Medium,55971.100000000006,0
M,300.2,311.0,2370,14.7,144,0,0,0,0,0,0,10.800000000000011,Medium,Low,34839.0,0
L,300.2,311.0,1627,33.7,147,0,0,0,0,0,0,10.800000000000011,Medium,Medium,54829.9,0
L,300.2,311.0,1255,71.8,149,1,0,0,1,0,0,10.800000000000011,Medium,High,90109.0,0
H,300.2,311.0,1777,27.5,151,0,0,0,0,0,0,10.800000000000011,Medium,Low,48867.5,0
L,300.3,311.1,1606,30.9,156,0,0,0,0,0,0,10.800000000000011,Medium,Medium,49625.399999999994,0
L,300.3,311.1,1676,28.6,158,0,0,0,0,0,0,10.800000000000011,Medium,Medium,47933.600000000006,0
L,300.3,311.1,1605,37.1,160,0,0,0,0,0,0,10.800000000000011,Medium,Medium,59545.5,0
L,300.4,311.1,1487,37.4,162,0,0,0,0,0,0,10.700000000000045,Medium,Medium,55613.799999999996,0
L,300.4,311.2,1471,46.5,164,0,0,0,0,0,0,10.800000000000011,Medium,Medium,68401.5,0
M,300.3,311.1,1477,44.2,166,0,0,0,0,0,0,10.800000000000011,Medium,Medium,65283.4,0
L,300.4,311.2,1530,32.0,169,0,0,0,0,0,0,10.800000000000011,High,Medium,48960.0,0
L,300.4,311.2,1673,28.9,171,0,0,0,0,0,0,10.800000000000011,High,Medium,48349.7,0
L,300.4,311.2,1436,56.8,173,0,0,0,0,0,0,10.800000000000011,High,High,81564.8,0
L,300.4,311.3,1495,51.2,175,0,0,0,0,0,0,10.900000000000034,High,Medium,76544.0,0
M,300.4,311.2,1366,56.1,177,0,0,0,0,0,0,10.800000000000011,High,High,76632.6,0
H,300.4,311.2,1489,45.3,180,0,0,0,0,0,0,10.800000000000011,High,Medium,67451.7,0
L,300.3,311.1,1480,46.6,185,0,0,0,0,0,0,10.800000000000011,High,Medium,68968.0,0
L,300.4,311.2,1472,37.3,187,0,0,0,0,0,0,10.800000000000011,High,Medium,54905.6,0
L,300.4,311.1,1397,50.8,189,0,0,0,0,0,0,10.700000000000045,High,Medium,70967.59999999999,0
L,300.4,311.1,1589,35.5,191,0,0,0,0,0,0,10.700000000000045,High,Medium,56409.5,0
L,300.4,311.1,1405,54.1,193,0,0,0,0,0,0,10.700000000000045,High,High,76010.5,0
L,300.4,311.1,2013,20.1,195,0,0,0,0,0,0,10.700000000000045,High,Low,40461.3,0
L,300.4,311.0,1802,26.0,197,0,0,0,0,0,0,10.600000000000023,High,Low,46852.0,0
M,300.4,311.0,1433,46.1,199,0,0,0,0,0,0,10.600000000000023,High,Medium,66061.3,0
M,300.5,311.1,1296,61.3,202,1,0,0,0,1,0,10.600000000000023,High,High,79444.8,1
M,300.5,311.2,1551,36.6,205,0,0,0,0,0,0,10.699999999999989,High,Medium,56766.600000000006,1
L,300.5,311.2,1270,67.5,208,1,0,0,0,1,0,10.699999999999989,High,High,85725.0,1
L,300.6,311.3,1531,38.5,0,0,0,0,0,0,0,10.699999999999989,Low,Medium,58943.5,0
H,300.5,311.2,1397,45.2,2,0,0,0,0,0,0,10.699999999999989,Low,Medium,63144.4,0
L,300.5,311.1,1547,37.2,7,0,0,0,0,0,0,10.600000000000023,Low,Medium,57548.4,0
L,300.5,311.0,2074,18.9,9,0,0,0,0,0,0,10.5,Low,Low,39198.6,0
L,300.5,311.1,1491,42.6,11,0,0,0,0,0,0,10.600000000000023,Low,Medium,63516.6,0
L,300.5,311.0,1759,28.3,13,0,0,0,0,0,0,10.5,Low,Medium,49779.700000000004,0
M,300.4,311.0,1595,35.4,15,0,0,0,0,0,0,10.600000000000023,Low,Medium,56463.0,0
L,300.4,311.2,1351,62.0,18,0,0,0,0,0,0,10.800000000000011,Low,High,83762.0,0
L,300.4,311.2,1705,28.7,20,0,0,0,0,0,0,10.800000000000011,Low,Medium,48933.5,0
L,300.4,311.2,1406,43.6,22,0,0,0,0,0,0,10.800000000000011,Low,Medium,61301.6,0
L,300.4,311.3,1639,34.6,24,0,0,0,0,0,0,10.900000000000034,Low,Medium,56709.4,0
H,300.4,311.3,2026,20.3,26,0,0,0,0,0,0,10.900000000000034,Low,Low,41127.8,0
M,300.4,311.3,1350,56.5,31,0,0,0,0,0,0,10.900000000000034,Low,High,76275.0,0
M,300.5,311.3,1468,41.1,34,0,0,0,0,0,0,10.800000000000011,Low,Medium,60334.8,0
L,300.5,311.4,1642,27.1,37,0,0,0,0,0,0,10.899999999999977,Low,Low,44498.200000000004,0
L,300.5,311.3,1490,41.8,39,0,0,0,0,0,0,10.800000000000011,Low,Medium,62281.99999999999,0
M,300.5,311.3,1507,43.4,41,0,0,0,0,0,0,10.800000000000011,Low,Medium,65403.799999999996,0
L,300.5,311.4,1611,32.7,44,0,0,0,0,0,0,10.899999999999977,Low,Medium,52679.700000000004,0
M,300.5,311.4,1743,27.6,46,0,0,0,0,0,0,10.899999999999977,Low,Low,48106.8,0
L,300.5,311.3,1475,46.3,49,0,0,0,0,0,0,10.800000000000011,Low,Medium,68292.5,0
L,300.5,311.4,1432,47.5,51,0,0,0,0,0,0,10.899999999999977,Low,Medium,68020.0,0
L,300.5,311.4,1442,47.0,53,0,0,0,0,0,0,10.899999999999977,Low,Medium,67774.0,0
M,300.6,311.4,1468,40.4,55,0,0,0,0,0,0,10.799999999999955,Low,Medium,59307.2,0
L,300.5,311.4,1556,45.3,58,0,0,0,0,0,0,10.899999999999977,Low,Medium,70486.79999999999,0
M,300.5,311.4,1312,51.4,60,0,0,0,0,0,0,10.899999999999977,Low,Medium,67436.8,0
L,300.6,311.5,1459,47.0,63,0,0,0,0,0,0,10.899999999999977,Low,Medium,68573.0,0
L,300.5,311.5,1651,36.9,65,0,0,0,0,0,0,11.0,Low,Medium,60921.899999999994,0
L,300.5,311.5,1490,38.4,67,0,0,0,0,0,0,11.0,Low,Medium,57216.0,0
M,300.6,311.6,1473,31.5,69,0,0,0,0,0,0,11.0,Low,Medium,46399.5,0
L,300.6,311.7,1734,29.9,72,0,0,0,0,0,0,11.099999999999966,Low,Medium,51846.6,0
L,300.6,311.7,1507,45.5,74,0,0,0,0,0,0,11.099999999999966,Low,Medium,68568.5,0
L,300.6,311.7,1556,34.9,76,0,0,0,0,0,0,11.099999999999966,Low,Medium,54304.399999999994,0
H,300.5,311.6,1351,53.5,78,0,0,0,0,0,0,11.100000000000023,Low,High,72278.5,0
L,300.5,311.7,1445,44.8,83,0,0,0,0,0,0,11.199999999999989,Low,Medium,64735.99999999999,0
L,300.5,311.7,1619,32.7,85,0,0,0,0,0,0,11.199999999999989,Medium,Medium,52941.3,0
M,300.5,311.7,1269,64.0,87,0,0,0,0,0,0,11.199999999999989,Medium,High,81216.0,0
L,300.5,311.6,1534,37.7,90,0,0,0,0,0,0,11.100000000000023,Medium,Medium,57831.8,0
L,300.5,311.6,1444,49.3,92,0,0,0,0,0,0,11.100000000000023,Medium,Medium,71189.2,0
L,300.5,311.6,1744,26.8,94,0,0,0,0,0,0,11.100000000000023,Medium,Low,46739.200000000004,0
L,300.4,311.5,1441,44.6,96,0,0,0,0,0,0,11.100000000000023,Medium,Medium,64268.6,0
M,300.3,311.3,1506,40.7,98,0,0,0,0,0,0,11.0,Medium,Medium,61294.200000000004,0
L,300.3,311.4,1526,38.5,101,0,0,0,0,0,0,11.099999999999966,Medium,Medium,58751.0,0
L,300.4,311.5,1704,29.7,103,0,0,0,0,0,0,11.100000000000023,Medium,Medium,50608.799999999996,0
H,300.4,311.4,1445,52.4,105,0,0,0,0,0,0,11.0,Medium,High,75718.0,0
L,300.5,311.5,1661,35.9,110,0,0,0,0,0,0,11.0,Medium,Medium,59629.899999999994,0
L,300.5,311.4,1466,41.8,112,0,0,0,0,0,0,10.899999999999977,Medium,Medium,61278.799999999996,0
L,300.4,311.3,1608,35.1,114,0,0,0,0,0,0,10.900000000000034,Medium,Medium,56440.8,0
M,300.4,311.4,1352,57.3,116,0,0,0,0,0,0,11.0,Medium,High,77469.59999999999,0
M,300.4,311.4,1604,31.7,119,0,0,0,0,0,0,11.0,Medium,Medium,50846.799999999996,0
H,300.4,311.4,1427,50.7,122,0,0,0,0,0,0,11.0,Medium,Medium,72348.90000000001,0
L,300.4,311.4,1424,44.6,127,0,0,0,0,0,0,11.0,Medium,Medium,63510.4,0
L,300.4,311.4,1662,29.3,129,0,0,0,0,0,0,11.0,Medium,Medium,48696.6,0
L,300.4,311.4,1936,23.9,131,0,0,0,0,0,0,11.0,Medium,Low,46270.399999999994,0
L,300.4,311.4,1728,31.7,133,0,0,0,0,0,0,11.0,Medium,Medium,54777.6,0
L,300.4,311.4,1552,28.8,135,0,0,0,0,0,0,11.0,Medium,Medium,44697.6,0
H,300.4,311.5,1662,29.0,137,0,0,0,0,0,0,11.100000000000023,Medium,Medium,48198.0,0
L,300.3,311.4,1343,57.7,142,0,0,0,0,0,0,11.099999999999966,Medium,High,77491.1,0
M,300.4,311.5,1476,32.6,144,0,0,0,0,0,0,11.100000000000023,Medium,Medium,48117.6,0
L,300.3,311.4,1346,51.1,147,0,0,0,0,0,0,11.099999999999966,Medium,Medium,68780.6,0
L,300.4,311.5,1492,44.6,149,0,0,0,0,0,0,11.100000000000023,Medium,Medium,66543.2,0
M,300.3,311.5,1540,41.5,151,0,0,0,0,0,0,11.199999999999989,Medium,Medium,63910.0,0
L,300.4,311.5,1596,32.5,154,0,0,0,0,0,0,11.100000000000023,Medium,Medium,51870.0,0
L,300.5,311.6,1541,47.8,156,0,0,0,0,0,0,11.100000000000023,Medium,Medium,73659.79999999999,0
L,300.5,311.6,1661,30.0,158,0,0,0,0,0,0,11.100000000000023,Medium,Medium,49830.0,0
M,300.4,311.6,1359,55.4,160,0,0,0,0,0,0,11.200000000000045,Medium,High,75288.59999999999,0
L,300.5,311.6,1528,42.4,163,0,0,0,0,0,0,11.100000000000023,Medium,Medium,64787.2,0
M,300.5,311.6,1246,52.9,165,0,0,0,0,0,0,11.100000000000023,Medium,High,65913.4,0
L,300.5,311.6,1575,32.5,168,0,0,0,0,0,0,11.100000000000023,Medium,Medium,51187.5,0
M,300.5,311.6,1658,30.4,170,0,0,0,0,0,0,11.100000000000023,High,Medium,50403.2,0
L,300.5,311.6,1385,54.8,173,0,0,0,0,0,0,11.100000000000023,High,High,75898.0,0
H,300.5,311.7,1454,50.3,175,0,0,0,0,0,0,11.199999999999989,High,Medium,73136.2,0
L,300.5,311.6,1497,40.5,180,0,0,0,0,0,0,11.100000000000023,High,Medium,60628.5,0
M,300.6,311.7,1424,50.8,182,0,0,0,0,0,0,11.099999999999966,High,Medium,72339.2,0
L,300.6,311.7,1528,43.9,185,0,0,0,0,0,0,11.099999999999966,High,Medium,67079.2,0
L,300.6,311.8,1539,37.0,187,0,0,0,0,0,0,11.199999999999989,High,Medium,56943.0,0
L,300.7,311.8,1336,58.4,189,1,0,0,0,1,0,11.100000000000023,High,High,78022.4,0
L,300.5,311.6,1525,37.6,191,0,0,0,0,0,0,11.100000000000023,High,Medium,57340.0,0
M,300.5,311.6,1456,51.1,193,0,0,0,0,0,0,11.100000000000023,High,Medium,74401.6,0
M,300.5,311.7,2141,17.2,196,0,0,0,0,0,0,11.199999999999989,High,Low,36825.2,0
M,300.5,311.6,1476,39.1,199,0,0,0,0,0,0,11.100000000000023,High,Medium,57711.6,0
L,300.5,311.6,1509,47.2,202,0,0,0,0,0,0,11.100000000000023,High,Medium,71224.8,1
L,300.5,311.6,1447,45.4,204,0,0,0,0,0,0,11.100000000000023,High,Medium,65693.8,1
L,300.6,311.7,1448,49.1,206,0,0,0,0,0,0,11.099999999999966,High,Medium,71096.8,1
L,300.6,311.7,1428,52.6,208,0,0,0,0,0,0,11.099999999999966,High,High,75112.8,1
M,300.6,311.7,1389,52.1,210,0,0,0,0,0,0,11.099999999999966,High,Medium,72366.90000000001,1
L,300.7,311.7,1635,32.4,213,0,0,0,0,0,0,11.0,High,Medium,52974.0,1
L,300.7,311.7,1395,43.7,215,0,0,0,0,0,0,11.0,High,Medium,60961.50000000001,1
L,300.7,311.8,1443,43.7,217,0,0,0,0,0,0,11.100000000000023,High,Medium,63059.100000000006,1
M,300.7,311.7,1412,49.1,219,0,0,0,0,0,0,11.0,High,Medium,69329.2,1
L,300.7,311.7,1524,43.5,222,0,0,0,0,0,0,11.0,High,Medium,66294.0,1
M,300.7,311.8,1407,42.4,224,0,0,0,0,0,0,11.100000000000023,High,Medium,59656.799999999996,1
L,300.8,311.7,1397,43.5,227,0,0,0,0,0,0,10.899999999999977,High,Medium,60769.5,1
M,300.7,311.7,1504,36.9,229,0,0,0,0,0,0,11.0,High,Medium,55497.6,1
M,300.7,311.7,2097,18.9,232,1,1,0,0,0,0,11.0,High,Low,39633.299999999996,1
L,300.6,311.7,1553,39.8,0,0,0,0,0,0,0,11.099999999999966,Low,Medium,61809.399999999994,0
L,300.6,311.7,1432,39.2,2,0,0,0,0,0,0,11.099999999999966,Low,Medium,56134.4,0
M,300.5,311.6,1577,36.5,4,0,0,0,0,0,0,11.100000000000023,Low,Medium,57560.5,0
M,300.5,311.5,1370,56.1,7,0,0,0,0,0,0,11.0,Low,High,76857.0,0
H,300.5,311.6,1506,36.2,10,0,0,0,0,0,0,11.100000000000023,Low,Medium,54517.200000000004,0
L,300.6,311.6,1964,21.4,15,0,0,0,0,0,0,11.0,Low,Low,42029.6,0
H,300.6,311.7,1500,36.7,17,0,0,0,0,0,0,11.099999999999966,Low,Medium,55050.00000000001,0
L,300.6,311.7,1488,47.7,22,0,0,0,0,0,0,11.099999999999966,Low,Medium,70977.6,0
H,300.6,311.5,1282,60.2,24,0,0,0,0,0,0,10.899999999999977,Low,High,77176.40000000001,0
L,300.5,311.4,1400,45.1,29,0,0,0,0,0,0,10.899999999999977,Low,Medium,63140.0,0
L,300.6,311.5,1419,38.6,31,0,0,0,0,0,0,10.899999999999977,Low,Medium,54773.4,0
M,300.7,311.5,1441,40.6,33,0,0,0,0,0,0,10.800000000000011,Low,Medium,58504.6,0
M,300.7,311.6,1348,62.5,36,0,0,0,0,0,0,10.900000000000034,Low,High,84250.0,0
H,300.8,311.7,1468,38.7,39,0,0,0,0,0,0,10.899999999999977,Low,Medium,56811.600000000006,0
M,300.7,311.7,1701,30.8,44,0,0,0,0,0,0,11.0,Low,Medium,52390.8,0
H,300.7,311.7,1864,23.6,47,0,0,0,0,0,0,11.0,Low,Low,43990.4,0
M,300.6,311.6,1630,31.8,52,0,0,0,0,0,0,11.0,Low,Medium,51834.0,0
L,300.5,311.5,1316,49.7,55,0,0,0,0,0,0,11.0,Low,Medium,65405.200000000004,0
L,300.5,311.5,1708,31.2,57,0,0,0,0,0,0,11.0,Low,Medium,53289.6,0
H,300.5,311.4,1679,27.5,59,0,0,0,0,0,0,10.899999999999977,Low,Low,46172.5,0
L,300.5,311.4,1709,32.3,64,0,0,0,0,0,0,10.899999999999977,Low,Medium,55200.7,0
L,300.5,311.4,1445,41.5,66,0,0,0,0,0,0,10.899999999999977,Low,Medium,59967.5,0
M,300.5,311.4,1390,51.9,68,0,0,0,0,0,0,10.899999999999977,Low,Medium,72141.0,0
L,300.4,311.4,1309,55.5,71,0,0,0,0,0,0,11.0,Low,High,72649.5,0
L,300.5,311.5,1499,37.6,73,0,0,0,0,0,0,11.0,Low,Medium,56362.4,0
M,300.5,311.4,2072,18.8,75,0,0,0,0,0,0,10.899999999999977,Low,Low,38953.6,0
L,300.5,311.5,1487,43.0,78,0,0,0,0,0,0,11.0,Low,Medium,63941.0,0
L,300.5,311.5,1302,49.6,80,0,0,0,0,0,0,11.0,Low,Medium,64579.200000000004,0
M,300.5,311.5,1378,48.2,82,0,0,0,0,0,0,11.0,Low,Medium,66419.6,0
L,300.5,311.6,1365,53.0,85,0,0,0,0,0,0,11.100000000000023,Medium,High,72345.0,0
H,300.6,311.7,1427,44.6,87,0,0,0,0,0,0,11.099999999999966,Medium,Medium,63644.200000000004,0
H,300.6,311.7,1535,33.3,92,0,0,0,0,0,0,11.099999999999966,Medium,Medium,51115.49999999999,0
H,300.5,311.6,1476,41.7,97,0,0,0,0,0,0,11.100000000000023,Medium,Medium,61549.200000000004,0
L,300.5,311.6,1425,42.4,102,0,0,0,0,0,0,11.100000000000023,Medium,Medium,60420.0,0
L,300.5,311.7,1409,54.7,104,0,0,0,0,0,0,11.199999999999989,Medium,High,77072.3,0
L,300.5,311.6,1730,30.2,106,0,0,0,0,0,0,11.100000000000023,Medium,Medium,52246.0,0
M,300.5,311.6,1454,41.4,108,0,0,0,0,0,0,11.100000000000023,Medium,Medium,60195.6,0
L,300.6,311.7,1744,26.9,111,0,0,0,0,0,0,11.099999999999966,Medium,Low,46913.6,0
M,300.8,311.9,1761,29.0,113,0,0,0,0,0,0,11.099999999999966,Medium,Medium,51069.0,0
M,300.7,311.9,1657,30.9,116,0,0,0,0,0,0,11.199999999999989,Medium,Medium,51201.299999999996,0
L,300.7,311.8,1420,47.0,119,0,0,0,0,0,0,11.100000000000023,Medium,Medium,66740.0,0
H,300.7,311.9,1329,59.2,121,0,0,0,0,0,0,11.199999999999989,Medium,High,78676.8,0
L,300.6,311.9,1472,44.2,126,0,0,0,0,0,0,11.299999999999955,Medium,Medium,65062.4,0
L,300.6,312.0,1566,30.1,128,0,0,0,0,0,0,11.399999999999977,Medium,Medium,47136.600000000006,0
L,300.6,312.0,1430,42.7,130,0,0,0,0,0,0,11.399999999999977,Medium,Medium,61061.00000000001,0
L,300.6,312.0,1481,40.9,132,0,0,0,0,0,0,11.399999999999977,Medium,Medium,60572.9,0
L,300.6,312.0,1670,29.4,134,0,0,0,0,0,0,11.399999999999977,Medium,Medium,49098.0,0
L,300.6,312.0,1406,55.1,136,0,0,0,0,0,0,11.399999999999977,Medium,High,77470.6,0
H,300.6,312.1,1354,46.9,138,0,0,0,0,0,0,11.5,Medium,Medium,63502.6,0
M,300.5,312.0,1985,19.3,143,0,0,0,0,0,0,11.5,Medium,Low,38310.5,0
M,300.5,312.0,1263,60.8,146,0,0,0,0,0,0,11.5,Medium,High,76790.4,0
L,300.5,311.9,1576,31.1,149,0,0,0,0,0,0,11.399999999999977,Medium,Medium,49013.600000000006,0
L,300.5,312.0,1453,45.1,151,0,0,0,0,0,0,11.5,Medium,Medium,65530.3,0
L,300.5,312.0,1478,39.0,153,0,0,0,0,0,0,11.5,Medium,Medium,57642.0,0
M,300.5,311.9,1323,57.9,155,0,0,0,0,0,0,11.399999999999977,Medium,High,76601.7,0
L,300.5,311.9,1710,28.4,158,0,0,0,0,0,0,11.399999999999977,Medium,Medium,48564.0,0
L,300.4,311.7,1314,59.5,160,0,0,0,0,0,0,11.300000000000011,Medium,High,78183.0,0
L,300.4,311.7,1460,39.6,162,0,0,0,0,0,0,11.300000000000011,Medium,Medium,57816.0,0
M,300.4,311.7,1508,45.4,164,0,0,0,0,0,0,11.300000000000011,Medium,Medium,68463.2,0
M,300.5,311.8,1331,55.3,167,0,0,0,0,0,0,11.300000000000011,Medium,High,73604.3,0
L,300.4,311.7,1515,47.4,170,0,0,0,0,0,0,11.300000000000011,High,Medium,71811.0,0
L,300.4,311.6,1674,33.0,172,0,0,0,0,0,0,11.200000000000045,High,Medium,55242.0,0
L,300.4,311.7,1444,51.2,174,0,0,0,0,0,0,11.300000000000011,High,Medium,73932.8,0
M,300.4,311.7,1398,42.6,176,0,0,0,0,0,0,11.300000000000011,High,Medium,59554.8,0
M,300.4,311.7,1832,24.2,179,0,0,0,0,0,0,11.300000000000011,High,Low,44334.4,0
M,300.5,311.8,1591,42.0,182,0,0,0,0,0,0,11.300000000000011,High,Medium,66822.0,0
M,300.4,311.7,1478,39.9,185,0,0,0,0,0,0,11.300000000000011,High,Medium,58972.2,0
M,300.4,311.8,1362,47.6,188,0,0,0,0,0,0,11.400000000000034,High,Medium,64831.200000000004,0
L,300.5,311.8,1368,57.9,191,1,0,0,0,1,0,11.300000000000011,High,High,79207.2,0
M,300.3,311.7,1723,28.3,193,0,0,0,0,0,0,11.399999999999977,High,Medium,48760.9,0
L,300.4,311.8,1689,30.8,196,0,0,0,0,0,0,11.400000000000034,High,Medium,52021.200000000004,0
L,300.4,311.8,1272,59.2,198,1,0,0,0,1,0,11.400000000000034,High,High,75302.40000000001,0
M,300.4,311.7,1511,33.0,200,0,0,0,0,0,0,11.300000000000011,High,Medium,49863.0,1
H,300.4,311.6,1715,30.8,203,0,0,0,0,0,0,11.200000000000045,High,Medium,52822.0,1
M,300.3,311.5,1400,43.8,0,0,0,0,0,0,0,11.199999999999989,Low,Medium,61319.99999999999,0
L,300.4,311.6,1200,76.6,3,1,0,0,1,0,0,11.200000000000045,Low,High,91920.0,0
M,300.4,311.7,1555,38.7,5,0,0,0,0,0,0,11.300000000000011,Low,Medium,60178.50000000001,0
H,300.3,311.6,1427,56.2,8,0,0,0,0,0,0,11.300000000000011,Low,High,80197.40000000001,0
L,300.3,311.4,1318,52.7,13,0,0,0,0,0,0,11.099999999999966,Low,High,69458.6,0
H,300.2,311.4,1319,54.6,15,0,0,0,0,0,0,11.199999999999989,Low,High,72017.40000000001,0
M,300.2,311.4,1960,20.9,20,0,0,0,0,0,0,11.199999999999989,Low,Low,40964.0,0
L,300.3,311.5,1552,38.9,23,0,0,0,0,0,0,11.199999999999989,Low,Medium,60372.799999999996,0
L,300.3,311.5,1548,32.2,25,0,0,0,0,0,0,11.199999999999989,Low,Medium,49845.600000000006,0
L,300.3,311.6,1709,29.5,27,0,0,0,0,0,0,11.300000000000011,Low,Medium,50415.5,0
H,300.3,311.5,1464,41.0,29,0,0,0,0,0,0,11.199999999999989,Low,Medium,60024.0,0
L,300.3,311.4,1759,24.8,34,0,0,0,0,0,0,11.099999999999966,Low,Low,43623.200000000004,0
L,300.3,311.5,1634,31.9,36,0,0,0,0,0,0,11.199999999999989,Low,Medium,52124.6,0
L,300.3,311.5,1663,33.6,38,0,0,0,0,0,0,11.199999999999989,Low,Medium,55876.8,0
M,300.3,311.5,1445,47.3,40,0,0,0,0,0,0,11.199999999999989,Low,Medium,68348.5,0
L,300.3,311.5,1695,25.6,43,0,0,0,0,0,0,11.199999999999989,Low,Low,43392.0,0
L,300.4,311.6,1517,39.0,45,0,0,0,0,0,0,11.200000000000045,Low,Medium,59163.0,0
L,300.5,311.7,1811,26.8,47,0,0,0,0,0,0,11.199999999999989,Low,Low,48534.8,0
L,300.4,311.6,1815,23.5,49,0,0,0,0,0,0,11.200000000000045,Low,Low,42652.5,0
L,300.4,311.7,1513,40.0,51,0,0,0,0,0,0,11.300000000000011,Low,Medium,60520.0,0
M,300.4,311.6,1518,36.4,53,0,0,0,0,0,0,11.200000000000045,Low,Medium,55255.2,0
L,300.3,311.5,1667,28.8,56,0,0,0,0,0,0,11.199999999999989,Low,Medium,48009.6,0
L,300.3,311.5,1403,60.1,58,0,0,0,0,0,0,11.199999999999989,Low,High,84320.3,0
L,300.2,311.5,1383,42.1,60,0,0,0,0,0,0,11.300000000000011,Low,Medium,58224.3,0
L,300.3,311.5,1466,46.2,62,0,0,0,0,0,0,11.199999999999989,Low,Medium,67729.2,0
L,300.3,311.5,1378,47.5,64,0,0,0,0,0,0,11.199999999999989,Low,Medium,65455.0,0
M,300.2,311.5,1547,40.9,66,0,0,0,0,0,0,11.300000000000011,Low,Medium,63272.299999999996,0
L,300.2,311.5,1495,38.5,69,0,0,0,0,0,0,11.300000000000011,Low,Medium,57557.5,0
L,300.1,311.4,1729,29.3,71,0,0,0,0,0,0,11.299999999999955,Low,Medium,50659.700000000004,0
L,300.1,311.4,1418,47.7,73,0,0,0,0,0,0,11.299999999999955,Low,Medium,67638.6,0
H,300.1,311.4,1485,40.4,75,0,0,0,0,0,0,11.299999999999955,Low,Medium,59994.0,0
L,300.1,311.5,1434,40.8,80,0,0,0,0,0,0,11.399999999999977,Low,Medium,58507.2,0
M,300.2,311.6,1415,55.8,82,0,0,0,0,0,0,11.400000000000034,Low,High,78957.0,0
H,300.1,311.6,1674,29.6,85,0,0,0,0,0,0,11.5,Medium,Medium,49550.4,0
L,300.1,311.5,1454,52.4,90,0,0,0,0,0,0,11.399999999999977,Medium,High,76189.59999999999,0
L,300.0,311.4,1476,39.0,92,0,0,0,0,0,0,11.399999999999977,Medium,Medium,57564.0,0
L,300.0,311.5,1812,28.3,94,0,0,0,0,0,0,11.5,Medium,Medium,51279.6,0
L,300.0,311.4,1374,41.9,96,0,0,0,0,0,0,11.399999999999977,Medium,Medium,57570.6,0
M,300.1,311.4,1524,40.6,98,0,0,0,0,0,0,11.299999999999955,Medium,Medium,61874.4,0
L,300.0,311.4,1383,49.6,101,0,0,0,0,0,0,11.399999999999977,Medium,Medium,68596.8,0
L,299.9,311.3,1429,58.2,103,0,0,0,0,0,0,11.400000000000034,Medium,High,83167.8,0
M,299.8,311.3,1517,41.2,105,0,0,0,0,0,0,11.5,Medium,Medium,62500.4,0
M,299.9,311.4,1480,44.9,108,0,0,0,0,0,0,11.5,Medium,Medium,66452.0,0
L,299.9,311.4,1706,28.8,111,0,0,0,0,0,0,11.5,Medium,Medium,49132.8,0
L,300.0,311.5,1349,48.6,113,0,0,0,0,0,0,11.5,Medium,Medium,65561.40000000001,0
M,300.0,311.5,1451,49.0,115,0,0,0,0,0,0,11.5,Medium,Medium,71099.0,0
L,299.9,311.4,1627,36.7,118,0,0,0,0,0,0,11.5,Medium,Medium,59710.9,0
M,300.0,311.4,1537,35.4,120,0,0,0,0,0,0,11.399999999999977,Medium,Medium,54409.799999999996,0
L,300.1,311.5,2218,17.0,123,0,0,0,0,0,0,11.399999999999977,Medium,Low,37706.0,0
M,300.0,311.4,1466,39.0,125,0,0,0,0,0,0,11.399999999999977,Medium,Medium,57174.0,0
L,300.0,311.5,1666,32.0,128,0,0,0,0,0,0,11.5,Medium,Medium,53312.0,0
L,300.0,311.5,1455,41.7,130,0,0,0,0,0,0,11.5,Medium,Medium,60673.50000000001,0
L,300.0,311.4,1927,24.6,132,0,0,0,0,0,0,11.399999999999977,Medium,Low,47404.200000000004,0
M,299.9,311.3,1703,28.4,134,0,0,0,0,0,0,11.400000000000034,Medium,Medium,48365.2,0
L,299.8,311.2,1533,35.9,137,0,0,0,0,0,0,11.399999999999977,Medium,Medium,55034.7,0
H,299.8,311.3,1785,25.4,139,0,0,0,0,0,0,11.5,Medium,Low,45339.0,0
L,299.8,311.2,2142,16.6,144,0,0,0,0,0,0,11.399999999999977,Medium,Low,35557.200000000004,0
L,299.8,311.2,1369,46.2,146,0,0,0,0,0,0,11.399999999999977,Medium,Medium,63247.8,0
M,299.8,311.2,1706,29.2,148,0,0,0,0,0,0,11.399999999999977,Medium,Medium,49815.2,0
L,299.9,311.3,1802,24.4,151,0,0,0,0,0,0,11.400000000000034,Medium,Low,43968.799999999996,0
H,299.9,311.3,1413,41.8,153,0,0,0,0,0,0,11.400000000000034,Medium,Medium,59063.399999999994,0
L,300.0,311.3,1484,53.2,158,0,0,0,0,0,0,11.300000000000011,Medium,High,78948.8,0
L,299.9,311.3,1535,38.1,160,0,0,0,0,0,0,11.400000000000034,Medium,Medium,58483.5,0
M,299.9,311.2,1579,35.5,162,0,0,0,0,0,0,11.300000000000011,Medium,Medium,56054.5,0
L,299.8,311.1,1300,64.2,165,0,0,0,0,0,0,11.300000000000011,Medium,High,83460.0,0
M,299.8,311.1,1452,44.3,167,0,0,0,0,0,0,11.300000000000011,Medium,Medium,64323.6,0
M,299.8,311.1,1562,35.7,170,0,0,0,0,0,0,11.300000000000011,High,Medium,55763.4,0
L,299.8,311.2,1664,28.3,173,0,0,0,0,0,0,11.399999999999977,High,Medium,47091.200000000004,0
H,299.9,311.2,1495,35.8,175,0,0,0,0,0,0,11.300000000000011,High,Medium,53520.99999999999,0
M,300.0,311.4,1533,42.6,180,0,0,0,0,0,0,11.399999999999977,High,Medium,65305.8,0
L,300.0,311.4,1484,37.0,183,0,0,0,0,0,0,11.399999999999977,High,Medium,54908.0,0
L,300.0,311.4,1604,38.7,185,0,0,0,0,0,0,11.399999999999977,High,Medium,62074.8,0
L,300.0,311.4,1483,45.6,187,0,0,0,0,0,0,11.399999999999977,High,Medium,67624.8,0
L,300.1,311.5,1549,34.7,189,0,0,0,0,0,0,11.399999999999977,High,Medium,53750.3,0
L,300.1,311.4,1604,35.0,191,0,0,0,0,0,0,11.299999999999955,High,Medium,56140.0,0
L,300.2,311.5,1685,31.0,193,0,0,0,0,0,0,11.300000000000011,High,Medium,52235.0,0
L,300.2,311.6,1372,49.2,195,0,0,0,0,0,0,11.400000000000034,High,Medium,67502.40000000001,0
L,300.3,311.6,1374,47.4,197,0,0,0,0,0,0,11.300000000000011,High,Medium,65127.6,0
L,300.2,311.6,1606,31.0,199,0,0,0,0,0,0,11.400000000000034,High,Medium,49786.0,0
L,300.1,311.5,1471,47.2,201,0,0,0,0,0,0,11.399999999999977,High,Medium,69431.2,1
L,300.1,311.5,1659,31.1,203,0,0,0,0,0,0,11.399999999999977,High,Medium,51594.9,1
M,300.1,311.7,1400,48.5,205,0,0,0,0,0,0,11.599999999999966,High,Medium,67900.0,1
L,300.1,311.7,1503,42.6,208,0,0,0,0,0,0,11.599999999999966,High,Medium,64027.8,1
L,300.2,311.8,1798,23.2,210,0,0,0,0,0,0,11.600000000000023,High,Low,41713.6,1
M,300.2,311.6,1608,35.0,212,0,0,0,0,0,0,11.400000000000034,High,Medium,56280.0,1
L,300.2,311.6,1322,50.9,215,0,0,0,0,0,0,11.400000000000034,High,Medium,67289.8,1
H,300.2,311.6,1547,37.7,217,0,0,0,0,0,0,11.400000000000034,High,Medium,58321.9,1
M,300.3,311.7,1374,47.9,222,1,1,0,0,0,0,11.399999999999977,High,Medium,65814.59999999999,1
M,300.3,311.7,1447,36.8,0,0,0,0,0,0,0,11.399999999999977,Low,Medium,53249.6,0
L,300.4,311.7,1373,47.2,3,0,0,0,0,0,0,11.300000000000011,Low,Medium,64805.600000000006,0
L,300.3,311.7,1515,37.5,5,0,0,0,0,0,0,11.399999999999977,Low,Medium,56812.5,0
L,300.3,311.7,1317,56.5,7,0,0,0,0,0,0,11.399999999999977,Low,High,74410.5,0
L,300.3,311.8,1551,37.2,9,0,0,0,0,0,0,11.5,Low,Medium,57697.200000000004,0
M,300.3,311.8,1592,32.1,11,0,0,0,0,0,0,11.5,Low,Medium,51103.200000000004,0
L,300.4,311.8,1433,42.2,14,0,0,0,0,0,0,11.400000000000034,Low,Medium,60472.600000000006,0
L,300.5,311.9,1432,43.1,16,0,0,0,0,0,0,11.399999999999977,Low,Medium,61719.200000000004,0
L,300.5,311.9,1350,51.7,18,0,0,0,0,0,0,11.399999999999977,Low,Medium,69795.0,0
M,300.5,311.9,1370,44.8,20,0,0,0,0,0,0,11.399999999999977,Low,Medium,61375.99999999999,0
L,300.5,312.0,1415,44.6,23,0,0,0,0,0,0,11.5,Low,Medium,63109.0,0
L,300.5,312.0,1498,42.9,25,0,0,0,0,0,0,11.5,Low,Medium,64264.2,0
M,300.5,312.0,1382,54.1,27,0,0,0,0,0,0,11.5,Low,High,74766.2,0
M,300.5,311.9,1511,44.5,30,0,0,0,0,0,0,11.399999999999977,Low,Medium,67239.5,0
L,300.5,311.9,1330,59.5,33,0,0,0,0,0,0,11.399999999999977,Low,High,79135.0,0
L,300.5,311.9,1383,50.5,35,0,0,0,0,0,0,11.399999999999977,Low,Medium,69841.5,0
L,300.5,311.9,1431,49.4,37,0,0,0,0,0,0,11.399999999999977,Low,Medium,70691.4,0
L,300.5,312.0,1461,38.1,39,0,0,0,0,0,0,11.5,Low,Medium,55664.1,0
H,300.4,311.9,1438,46.7,41,0,0,0,0,0,1,11.5,Low,Medium,67154.6,0
M,300.5,312.0,1779,27.7,46,0,0,0,0,0,0,11.5,Low,Low,49278.299999999996,0
M,300.6,312.1,1293,52.3,49,0,0,0,0,0,0,11.5,Low,Medium,67623.9,0
L,300.6,312.2,1308,54.7,52,0,0,0,0,0,0,11.599999999999966,Low,High,71547.6,0
L,300.6,312.3,1532,37.2,54,0,0,0,0,0,0,11.699999999999989,Low,Medium,56990.4,0
L,300.7,312.4,1470,38.6,56,0,0,0,0,0,0,11.699999999999989,Low,Medium,56742.0,0
L,300.7,312.3,1548,37.9,58,0,0,0,0,0,0,11.600000000000023,Low,Medium,58669.2,0
L,300.7,312.3,1898,24.0,60,0,0,0,0,0,0,11.600000000000023,Low,Low,45552.0,0
H,300.7,312.2,1335,49.0,62,0,0,0,0,0,0,11.5,Low,Medium,65415.0,0
L,300.7,312.3,1420,53.8,67,0,0,0,0,0,0,11.600000000000023,Low,High,76396.0,0
L,300.7,312.3,1418,49.0,69,0,0,0,0,0,0,11.600000000000023,Low,Medium,69482.0,0
M,300.8,312.3,1535,40.3,71,0,0,0,0,0,0,11.5,Low,Medium,61860.49999999999,0
H,300.7,312.4,1457,47.2,74,0,0,0,0,0,0,11.699999999999989,Low,Medium,68770.40000000001,0
L,300.8,312.4,1493,39.1,79,0,0,0,0,0,0,11.599999999999966,Low,Medium,58376.3,0
H,300.7,312.3,1670,27.3,81,0,0,0,0,0,0,11.600000000000023,Low,Low,45591.0,0
H,300.7,312.3,1446,45.4,86,0,0,0,0,0,0,11.600000000000023,Medium,Medium,65648.4,0
L,300.8,312.4,1465,59.1,91,1,0,0,1,0,0,11.599999999999966,Medium,High,86581.5,0
L,300.7,312.3,1590,36.3,93,0,0,0,0,0,0,11.600000000000023,Medium,Medium,57716.99999999999,0
M,300.6,312.2,2174,18.5,95,0,0,0,0,0,0,11.599999999999966,Medium,Low,40219.0,0
L,300.7,312.4,1590,37.9,98,0,0,0,0,0,0,11.699999999999989,Medium,Medium,60261.0,0
L,300.7,312.3,1577,33.2,100,0,0,0,0,0,0,11.600000000000023,Medium,Medium,52356.4,0
M,300.7,312.4,1371,61.7,102,0,0,0,0,0,0,11.699999999999989,Medium,High,84590.7,0
L,300.8,312.4,1767,25.6,105,0,0,0,0,0,0,11.599999999999966,Medium,Low,45235.200000000004,0
L,300.8,312.5,1517,39.2,107,0,0,0,0,0,0,11.699999999999989,Medium,Medium,59466.4,0
M,300.9,312.6,1555,40.6,109,0,0,0,0,0,0,11.700000000000045,Medium,Medium,63133.0,0
L,300.9,312.7,1416,43.8,112,0,0,0,0,0,0,11.800000000000011,Medium,Medium,62020.799999999996,0
M,300.8,312.6,1588,35.6,114,0,0,0,0,0,0,11.800000000000011,Medium,Medium,56532.8,0
L,300.8,312.6,1422,50.0,117,0,0,0,0,0,0,11.800000000000011,Medium,Medium,71100.0,0
L,300.8,312.6,1376,53.6,119,0,0,0,0,0,0,11.800000000000011,Medium,High,73753.6,0
L,300.8,312.5,1434,50.7,121,0,0,0,0,0,0,11.699999999999989,Medium,Medium,72703.8,0
L,300.8,312.5,1423,47.3,123,0,0,0,0,0,0,11.699999999999989,Medium,Medium,67307.9,0
L,300.9,312.4,1364,52.5,125,0,0,0,0,0,0,11.5,Medium,High,71610.0,0
L,300.8,312.4,1825,23.8,127,0,0,0,0,0,0,11.599999999999966,Medium,Low,43435.0,0
L,300.8,312.4,1365,44.5,129,0,0,0,0,0,0,11.599999999999966,Medium,Medium,60742.5,0
M,300.7,312.3,1430,47.2,131,0,0,0,0,0,0,11.600000000000023,Medium,Medium,67496.0,0
L,300.8,312.3,1435,44.8,134,0,0,0,0,0,0,11.5,Medium,Medium,64287.99999999999,0
M,300.8,312.4,1811,25.1,136,0,0,0,0,0,0,11.599999999999966,Medium,Low,45456.100000000006,0
M,300.8,312.4,1465,43.7,139,0,0,0,0,0,0,11.599999999999966,Medium,Medium,64020.50000000001,0
L,300.9,312.4,1372,51.0,142,0,0,0,0,0,0,11.5,Medium,Medium,69972.0,0
L,300.8,312.3,1858,26.3,144,0,0,0,0,0,0,11.5,Medium,Low,48865.4,0
L,300.7,312.3,1715,26.8,146,0,0,0,0,0,0,11.600000000000023,Medium,Low,45962.0,0
L,300.7,312.2,1590,38.5,148,0,0,0,0,0,0,11.5,Medium,Medium,61215.0,0
M,300.8,312.2,1664,25.7,150,0,0,0,0,0,0,11.399999999999977,Medium,Low,42764.799999999996,0
L,300.7,312.1,1512,36.9,153,0,0,0,0,0,0,11.400000000000034,Medium,Medium,55792.799999999996,0
L,300.7,312.1,1498,44.0,155,0,0,0,0,0,0,11.400000000000034,Medium,Medium,65912.0,0
L,300.7,312.1,1395,41.9,157,0,0,0,0,0,0,11.400000000000034,Medium,Medium,58450.5,0
H,300.7,312.1,1490,43.1,159,0,0,0,0,0,0,11.400000000000034,Medium,Medium,64219.0,0
H,300.8,312.1,1527,35.1,164,0,0,0,0,0,0,11.300000000000011,Medium,Medium,53597.700000000004,0
L,300.8,312.1,1512,37.1,169,0,0,0,0,0,0,11.300000000000011,High,Medium,56095.200000000004,0
L,300.9,312.1,1474,42.4,171,0,0,0,0,0,0,11.200000000000045,High,Medium,62497.6,0
L,300.8,312.1,1505,41.3,173,0,0,0,0,0,0,11.300000000000011,High,Medium,62156.49999999999,0
L,300.8,312.0,1496,40.0,175,0,0,0,0,0,0,11.199999999999989,High,Medium,59840.0,0
L,300.8,312.0,1382,49.3,177,0,0,0,0,0,0,11.199999999999989,High,Medium,68132.59999999999,0
L,300.7,311.9,1419,47.7,179,0,0,0,0,0,0,11.199999999999989,High,Medium,67686.3,0
L,300.7,311.9,1462,39.7,181,0,0,0,0,0,0,11.199999999999989,High,Medium,58041.4,0
M,300.8,312.0,1450,45.0,183,0,0,0,0,0,0,11.199999999999989,High,Medium,65250.0,0
H,300.7,311.9,1389,46.5,186,0,0,0,0,0,0,11.199999999999989,High,Medium,64588.5,0
M,300.7,311.9,1697,28.2,191,0,0,0,0,0,0,11.199999999999989,High,Medium,47855.4,0
L,300.7,311.9,1335,57.1,194,1,0,0,0,1,0,11.199999999999989,High,High,76228.5,0
L,300.7,311.9,1476,42.0,196,0,0,0,0,0,0,11.199999999999989,High,Medium,61992.0,0
L,300.6,311.7,1497,43.6,198,0,0,0,0,0,0,11.099999999999966,High,Medium,65269.200000000004,0
M,300.6,311.6,1669,29.2,200,0,0,0,0,0,0,11.0,High,Medium,48734.799999999996,1
L,300.6,311.6,1455,48.0,203,0,0,0,0,0,0,11.0,High,Medium,69840.0,1
L,300.7,311.7,1499,38.4,205,0,0,0,0,0,0,11.0,High,Medium,57561.6,1
L,300.7,311.8,1478,41.9,207,0,0,0,0,0,0,11.100000000000023,High,Medium,61928.2,1
L,300.8,311.8,1928,21.8,209,0,0,0,0,0,0,11.0,High,Low,42030.4,1
M,300.8,311.9,1621,28.3,211,0,0,0,0,0,0,11.099999999999966,High,Medium,45874.3,1
M,300.8,311.9,1356,44.3,214,0,0,0,0,0,0,11.099999999999966,High,Medium,60070.799999999996,1
L,300.8,311.7,1490,46.4,217,0,0,0,0,0,0,10.899999999999977,High,Medium,69136.0,1
L,300.8,311.7,1578,31.4,219,0,0,0,0,0,0,10.899999999999977,High,Medium,49549.2,1
L,300.8,311.7,1681,31.3,221,0,0,0,0,0,0,10.899999999999977,High,Medium,52615.3,1
L,300.8,311.8,1417,43.4,223,0,0,0,0,0,0,11.0,High,Medium,61497.799999999996,1
M,300.7,311.7,1532,40.0,0,0,0,0,0,0,0,11.0,Low,Medium,61280.0,0
M,300.7,311.7,1499,38.9,3,0,0,0,0,0,0,11.0,Low,Medium,58311.1,0
L,300.8,311.7,1432,45.8,6,0,0,0,0,0,0,10.899999999999977,Low,Medium,65585.59999999999,0
L,300.8,311.7,1753,29.0,8,0,0,0,0,0,0,10.899999999999977,Low,Medium,50837.0,0
L,300.8,311.7,1414,49.0,10,0,0,0,0,0,0,10.899999999999977,Low,Medium,69286.0,0
L,300.8,311.7,1655,32.2,12,0,0,0,0,0,0,10.899999999999977,Low,Medium,53291.00000000001,0
L,300.8,311.6,1516,35.6,14,0,0,0,0,0,0,10.800000000000011,Low,Medium,53969.6,0
L,300.8,311.7,1426,45.5,16,0,0,0,0,0,0,10.899999999999977,Low,Medium,64883.0,0
L,300.8,311.7,1479,39.4,18,0,0,0,0,0,0,10.899999999999977,Low,Medium,58272.6,0
M,300.7,311.5,1569,36.4,20,0,0,0,0,0,0,10.800000000000011,Low,Medium,57111.6,0
L,300.8,311.6,1568,36.0,23,0,0,0,0,0,0,10.800000000000011,Low,Medium,56448.0,0
M,300.9,311.8,1843,24.5,25,0,0,0,0,0,0,10.900000000000034,Low,Low,45153.5,0
M,300.9,311.9,1480,40.9,28,0,0,0,0,0,0,11.0,Low,Medium,60532.0,0
L,301.0,312.0,1447,36.8,31,0,0,0,0,0,0,11.0,Low,Medium,53249.6,0
L,301.0,311.9,1454,41.9,33,0,0,0,0,0,0,10.899999999999977,Low,Medium,60922.6,0
M,300.9,311.9,1310,56.1,35,0,0,0,0,0,0,11.0,Low,High,73491.0,0
H,300.9,311.9,1513,38.0,38,0,0,0,0,0,0,11.0,Low,Medium,57494.0,0
H,300.9,311.9,2140,16.5,43,0,0,0,0,0,0,11.0,Low,Low,35310.0,0
L,301.0,312.1,1377,49.9,48,0,0,0,0,0,0,11.100000000000023,Low,Medium,68712.3,0
L,301.0,312.1,1585,32.3,50,0,0,0,0,0,0,11.100000000000023,Low,Medium,51195.49999999999,0
H,301.1,312.2,1491,42.6,52,0,0,0,0,0,0,11.099999999999966,Low,Medium,63516.6,0
L,301.0,312.2,1264,59.0,57,0,0,0,0,0,0,11.199999999999989,Low,High,74576.0,0
L,301.0,312.2,1372,47.0,59,0,0,0,0,0,0,11.199999999999989,Low,Medium,64484.0,0
L,301.0,312.2,1510,39.9,61,0,0,0,0,0,0,11.199999999999989,Low,Medium,60249.0,0
L,300.9,312.1,1423,40.2,63,0,0,0,0,0,0,11.200000000000045,Low,Medium,57204.600000000006,0
L,301.1,312.3,1464,35.3,65,0,0,0,0,0,0,11.199999999999989,Low,Medium,51679.2,0
L,301.0,312.2,1602,35.9,67,0,0,0,0,0,0,11.199999999999989,Low,Medium,57511.799999999996,0
M,301.0,312.2,1629,32.6,69,0,0,0,0,0,0,11.199999999999989,Low,Medium,53105.4,0
L,300.9,312.2,1811,23.2,72,0,0,0,0,0,0,11.300000000000011,Low,Low,42015.2,0
L,300.9,312.1,1711,28.8,74,0,0,0,0,0,0,11.200000000000045,Low,Medium,49276.8,0
M,300.9,312.1,1297,48.6,76,0,0,0,0,0,0,11.200000000000045,Low,Medium,63034.200000000004,0
L,301.0,312.1,1405,46.1,79,0,0,0,0,0,0,11.100000000000023,Low,Medium,64770.5,0
L,301.1,312.2,1397,54.9,81,0,0,0,0,0,0,11.099999999999966,Low,High,76695.3,0
L,301.1,312.3,1682,29.7,83,0,0,0,0,0,0,11.199999999999989,Low,Medium,49955.4,0
L,301.2,312.3,1528,38.4,85,0,0,0,0,0,0,11.100000000000023,Medium,Medium,58675.2,0
M,301.2,312.3,1548,38.3,87,0,0,0,0,0,0,11.100000000000023,Medium,Medium,59288.399999999994,0
H,301.2,312.4,1395,47.8,90,0,0,0,0,0,0,11.199999999999989,Medium,Medium,66681.0,0
L,301.2,312.4,1378,59.0,95,0,0,0,0,0,0,11.199999999999989,Medium,High,81302.0,0
L,301.2,312.4,1480,53.5,97,0,0,0,0,0,0,11.199999999999989,Medium,High,79180.0,0
M,301.2,312.4,1428,36.6,99,0,0,0,0,0,0,11.199999999999989,Medium,Medium,52264.8,0
M,301.2,312.4,1505,39.6,102,0,0,0,0,0,0,11.199999999999989,Medium,Medium,59598.0,0
L,301.0,312.3,1445,36.4,105,0,0,0,0,0,0,11.300000000000011,Medium,Medium,52598.0,0
L,301.0,312.3,1488,42.6,107,0,0,0,0,0,0,11.300000000000011,Medium,Medium,63388.8,0
L,301.0,312.2,1601,33.0,109,0,0,0,0,0,0,11.199999999999989,Medium,Medium,52833.0,0
L,301.0,312.3,1550,34.9,111,0,0,0,0,0,0,11.300000000000011,Medium,Medium,54095.0,0
L,301.0,312.2,1540,34.1,113,0,0,0,0,0,0,11.199999999999989,Medium,Medium,52514.0,0
L,301.1,312.3,1587,34.5,115,0,0,0,0,0,0,11.199999999999989,Medium,Medium,54751.5,0
H,301.0,312.2,1489,40.3,117,0,0,0,0,0,0,11.199999999999989,Medium,Medium,60006.7,0
L,301.1,312.3,1486,34.9,122,0,0,0,0,0,0,11.199999999999989,Medium,Medium,51861.4,0
L,301.1,312.4,1430,37.9,124,0,0,0,0,0,0,11.299999999999955,Medium,Medium,54197.0,0
M,301.1,312.4,1809,25.1,126,0,0,0,0,0,0,11.299999999999955,Medium,Low,45405.9,0
L,301.1,312.3,1534,39.0,129,0,0,0,0,0,0,11.199999999999989,Medium,Medium,59826.0,0
M,301.1,312.3,1852,25.9,131,0,0,0,0,0,0,11.199999999999989,Medium,Low,47966.799999999996,0
L,301.1,312.3,1595,31.9,134,0,0,0,0,0,0,11.199999999999989,Medium,Medium,50880.5,0
L,301.0,312.3,1424,43.5,136,0,0,0,0,0,0,11.300000000000011,Medium,Medium,61944.0,0
L,301.0,312.2,1776,28.8,138,0,0,0,0,0,0,11.199999999999989,Medium,Medium,51148.8,0
M,301.0,312.2,1499,41.5,140,0,0,0,0,0,0,11.199999999999989,Medium,Medium,62208.5,0
M,301.0,312.2,2710,9.7,143,1,0,0,1,0,0,11.199999999999989,Medium,Low,26286.999999999996,0
L,300.9,312.1,1359,51.7,146,0,0,0,0,0,0,11.200000000000045,Medium,Medium,70260.3,0
M,300.9,312.1,1617,31.0,148,0,0,0,0,0,0,11.200000000000045,Medium,Medium,50127.0,0
M,300.8,312.0,1443,53.3,151,0,0,0,0,0,0,11.199999999999989,Medium,High,76911.9,0
L,300.8,312.0,1374,50.2,154,0,0,0,0,0,0,11.199999999999989,Medium,Medium,68974.8,0
M,300.9,312.1,1851,23.0,156,0,0,0,0,0,0,11.200000000000045,Medium,Low,42573.0,0
M,300.8,312.0,1274,67.3,159,0,0,0,0,0,0,11.199999999999989,Medium,High,85740.2,0
L,300.9,312.0,1533,44.0,162,0,0,0,0,0,0,11.100000000000023,Medium,Medium,67452.0,0
L,300.8,312.0,1477,37.3,164,0,0,0,0,0,0,11.199999999999989,Medium,Medium,55092.1,0
L,300.9,312.1,1462,46.0,166,0,0,0,0,0,0,11.200000000000045,Medium,Medium,67252.0,0
M,301.0,312.1,1664,28.4,168,0,0,0,0,0,0,11.100000000000023,Medium,Medium,47257.6,0
L,300.8,311.9,1414,41.1,171,0,0,0,0,0,0,11.099999999999966,High,Medium,58115.4,0
H,300.9,312.0,2129,17.8,173,0,0,0,0,0,0,11.100000000000023,High,Low,37896.200000000004,0
L,300.8,311.8,1323,61.1,178,0,0,0,0,0,0,11.0,High,High,80835.3,0
L,300.8,311.8,1427,43.3,180,0,0,0,0,0,0,11.0,High,Medium,61789.1,0
M,300.9,312.0,1375,56.1,182,0,0,0,0,0,0,11.100000000000023,High,High,77137.5,0
M,300.9,312.0,1402,50.7,185,0,0,0,0,0,0,11.100000000000023,High,Medium,71081.40000000001,0
L,300.9,312.0,1500,44.2,188,0,0,0,0,0,0,11.100000000000023,High,Medium,66300.0,0
M,301.0,312.0,1558,37.5,190,0,0,0,0,0,0,11.0,High,Medium,58425.0,0
M,300.9,312.0,1447,41.4,193,0,0,0,0,0,0,11.100000000000023,High,Medium,59905.799999999996,0
L,301.0,312.0,1518,39.3,196,0,0,0,0,0,0,11.0,High,Medium,59657.399999999994,0
L,301.0,311.9,1889,23.5,198,0,0,0,0,0,0,10.899999999999977,High,Low,44391.5,0
L,301.0,312.1,1675,30.7,200,0,0,0,0,0,0,11.100000000000023,High,Medium,51422.5,1
H,300.9,312.0,1720,27.9,202,0,0,0,0,0,0,11.100000000000023,High,Low,47988.0,1
M,301.0,312.0,1499,34.6,207,0,0,0,0,0,0,11.0,High,Medium,51865.4,1
L,300.9,312.0,1441,43.8,210,0,0,0,0,0,0,11.100000000000023,High,Medium,63115.799999999996,1
H,300.9,312.0,1397,42.7,212,0,0,0,0,0,0,11.100000000000023,High,Medium,59651.9,1
L,300.9,312.0,1493,38.7,217,0,0,0,0,0,0,11.100000000000023,High,Medium,57779.100000000006,1
M,300.8,312.0,1422,50.7,219,0,0,0,0,0,0,11.199999999999989,High,Medium,72095.40000000001,1
L,300.7,311.9,1399,50.2,222,1,0,0,0,1,0,11.199999999999989,High,Medium,70229.8,1
L,300.6,311.9,1425,44.9,224,0,0,0,0,0,0,11.299999999999955,High,Medium,63982.5,1
L,300.6,311.8,1501,44.8,226,0,0,0,0,0,0,11.199999999999989,High,Medium,67244.8,1
M,300.6,311.9,1629,35.3,0,0,0,0,0,0,0,11.299999999999955,Low,Medium,57503.7,0
L,300.6,312.0,1490,42.2,3,0,0,0,0,0,0,11.399999999999977,Low,Medium,62878.00000000001,0
L,300.7,312.0,1550,32.4,5,0,0,0,0,0,0,11.300000000000011,Low,Medium,50220.0,0
L,300.8,312.0,1416,46.5,7,0,0,0,0,0,0,11.199999999999989,Low,Medium,65844.0,0
L,300.7,311.9,1485,38.8,9,0,0,0,0,0,0,11.199999999999989,Low,Medium,57617.99999999999,0
L,300.7,311.8,1564,36.8,11,0,0,0,0,0,0,11.100000000000023,Low,Medium,57555.2,0
L,300.7,311.7,1910,19.7,13,0,0,0,0,0,0,11.0,Low,Low,37627.0,0
L,300.7,311.7,1460,46.1,15,0,0,0,0,0,0,11.0,Low,Medium,67306.0,0
L,300.7,311.8,1603,34.1,17,0,0,0,0,0,0,11.100000000000023,Low,Medium,54662.3,0
L,300.7,311.8,1486,47.3,19,0,0,0,0,0,0,11.100000000000023,Low,Medium,70287.8,0
L,300.8,311.9,1560,31.8,21,0,0,0,0,0,0,11.099999999999966,Low,Medium,49608.0,0
L,300.8,311.9,1498,39.3,23,0,0,0,0,0,0,11.099999999999966,Low,Medium,58871.399999999994,0
H,300.8,311.9,1431,48.5,25,0,0,0,0,0,0,11.099999999999966,Low,Medium,69403.5,0
L,300.8,311.9,1486,45.1,30,0,0,0,0,0,0,11.099999999999966,Low,Medium,67018.6,0
L,300.7,311.9,1486,35.8,32,0,0,0,0,0,0,11.199999999999989,Low,Medium,53198.799999999996,0
L,300.7,311.8,1441,38.1,34,0,0,0,0,0,0,11.100000000000023,Low,Medium,54902.1,0
M,300.7,311.9,1366,55.1,36,0,0,0,0,0,0,11.199999999999989,Low,High,75266.6,0
L,300.6,311.8,1471,41.4,39,0,0,0,0,0,0,11.199999999999989,Low,Medium,60899.4,0
L,300.6,311.9,1463,38.2,41,0,0,0,0,0,0,11.299999999999955,Low,Medium,55886.600000000006,0
L,300.6,311.9,1413,41.3,43,0,0,0,0,0,0,11.299999999999955,Low,Medium,58356.899999999994,0
H,300.6,311.9,1604,30.5,45,0,0,0,0,0,0,11.299999999999955,Low,Medium,48922.0,0
L,300.7,312.0,1401,51.1,50,0,0,0,0,0,0,11.300000000000011,Low,Medium,71591.1,0
L,300.6,311.8,1652,27.2,52,0,0,0,0,0,0,11.199999999999989,Low,Low,44934.4,0
L,300.5,311.9,1403,45.7,54,0,0,0,0,0,0,11.399999999999977,Low,Medium,64117.100000000006,0
L,300.5,311.9,1887,21.7,56,0,0,0,0,0,0,11.399999999999977,Low,Low,40947.9,0
L,300.4,311.8,1405,47.9,58,0,0,0,0,0,0,11.400000000000034,Low,Medium,67299.5,0
H,300.2,311.6,1496,41.1,60,0,0,0,0,0,0,11.400000000000034,Low,Medium,61485.6,0
L,300.1,311.5,1499,43.4,65,0,0,0,0,0,0,11.399999999999977,Low,Medium,65056.6,0
L,300.2,311.5,1549,37.2,67,0,0,0,0,0,0,11.300000000000011,Low,Medium,57622.8,0
L,300.3,311.6,1515,44.9,69,0,0,0,0,0,0,11.300000000000011,Low,Medium,68023.5,0
L,300.2,311.6,1540,37.7,71,0,0,0,0,0,0,11.400000000000034,Low,Medium,58058.00000000001,0
H,300.2,311.5,1426,44.3,73,0,0,0,0,0,0,11.300000000000011,Low,Medium,63171.799999999996,0
M,300.2,311.6,1465,41.4,78,0,0,0,0,0,0,11.400000000000034,Low,Medium,60651.0,0
M,300.3,311.6,1359,54.1,81,0,0,0,0,0,0,11.300000000000011,Low,High,73521.90000000001,0
M,300.3,311.7,1551,36.4,84,0,0,0,0,0,0,11.399999999999977,Low,Medium,56456.399999999994,0
L,300.5,311.8,1596,34.8,87,0,0,0,0,0,0,11.300000000000011,Medium,Medium,55540.799999999996,0
M,300.5,311.9,1670,26.3,89,0,0,0,0,0,0,11.399999999999977,Medium,Low,43921.0,0
L,300.4,311.9,1868,21.3,92,0,0,0,0,0,0,11.5,Medium,Low,39788.4,0
M,300.6,312.0,1490,39.8,94,0,0,0,0,0,0,11.399999999999977,Medium,Medium,59301.99999999999,0
M,300.5,311.9,1676,35.2,97,0,0,0,0,0,0,11.399999999999977,Medium,Medium,58995.200000000004,0
M,300.5,311.9,1875,22.1,100,0,0,0,0,0,0,11.399999999999977,Medium,Low,41437.5,0
M,300.5,312.0,1867,23.0,103,0,0,0,0,0,0,11.5,Medium,Low,42941.0,0
L,300.5,312.0,1646,29.5,106,0,0,0,0,0,0,11.5,Medium,Medium,48557.0,0
H,300.5,312.0,1375,43.2,108,0,0,0,0,0,0,11.5,Medium,Medium,59400.00000000001,0
L,300.5,312.0,1558,36.7,113,0,0,0,0,0,0,11.5,Medium,Medium,57178.600000000006,0
L,300.4,312.0,1631,34.9,115,0,0,0,0,0,0,11.600000000000023,Medium,Medium,56921.899999999994,0
L,300.4,312.0,1366,43.0,117,0,0,0,0,0,0,11.600000000000023,Medium,Medium,58738.0,0
L,300.3,311.8,1360,48.0,119,0,0,0,0,0,0,11.5,Medium,Medium,65280.0,0
L,300.3,311.8,1547,39.7,121,0,0,0,0,0,0,11.5,Medium,Medium,61415.9,0
L,300.3,311.7,1571,31.2,123,0,0,0,0,0,0,11.399999999999977,Medium,Medium,49015.2,0
L,300.2,311.5,1528,36.1,125,0,0,0,0,0,0,11.300000000000011,Medium,Medium,55160.8,0
H,300.2,311.5,1432,43.6,127,0,0,0,0,0,0,11.300000000000011,Medium,Medium,62435.200000000004,0
L,300.2,311.6,1356,53.5,132,0,0,0,0,0,0,11.400000000000034,Medium,High,72546.0,0
H,300.1,311.5,1422,46.2,134,0,0,0,0,0,0,11.399999999999977,Medium,Medium,65696.40000000001,0
L,300.1,311.4,1438,42.2,139,0,0,0,0,0,0,11.299999999999955,Medium,Medium,60683.600000000006,0
L,300.2,311.4,1483,44.4,141,0,0,0,0,0,0,11.199999999999989,Medium,Medium,65845.2,0
L,300.2,311.4,1331,49.8,143,0,0,0,0,0,0,11.199999999999989,Medium,Medium,66283.8,0
L,300.2,311.4,1463,37.5,145,0,0,0,0,0,0,11.199999999999989,Medium,Medium,54862.5,0
L,300.1,311.4,1446,40.6,147,0,0,0,0,0,0,11.299999999999955,Medium,Medium,58707.6,0
L,300.1,311.4,1356,45.7,149,0,0,0,0,0,0,11.299999999999955,Medium,Medium,61969.200000000004,0
L,300.1,311.3,1676,30.3,151,0,0,0,0,0,0,11.199999999999989,Medium,Medium,50782.8,0
L,300.1,311.4,1910,23.0,153,0,0,0,0,0,0,11.299999999999955,Medium,Low,43930.0,0
L,300.2,311.6,1375,56.9,155,0,0,0,0,0,0,11.400000000000034,Medium,High,78237.5,0
M,300.2,311.6,1513,40.8,157,0,0,0,0,0,0,11.400000000000034,Medium,Medium,61730.399999999994,0
L,300.2,311.6,1511,35.7,160,0,0,0,0,0,0,11.400000000000034,Medium,Medium,53942.700000000004,0
H,300.2,311.6,1662,28.8,162,0,0,0,0,0,0,11.400000000000034,Medium,Medium,47865.6,0
L,300.2,311.7,1493,48.3,167,0,0,0,0,0,0,11.5,Medium,Medium,72111.9,0
M,300.2,311.7,1555,37.4,169,0,0,0,0,0,0,11.5,High,Medium,58157.0,0
L,300.3,311.7,1452,41.5,172,0,0,0,0,0,0,11.399999999999977,High,Medium,60258.0,0
L,300.2,311.6,1500,39.0,174,0,0,0,0,0,0,11.400000000000034,High,Medium,58500.0,0
L,300.2,311.7,1603,30.5,176,0,0,0,0,0,0,11.5,High,Medium,48891.5,0
L,300.3,311.7,1682,27.8,178,0,0,0,0,0,0,11.399999999999977,High,Low,46759.6,0
L,300.3,311.8,1567,37.7,180,0,0,0,0,0,0,11.5,High,Medium,59075.9,0
L,300.3,311.8,1413,46.0,182,0,0,0,0,0,0,11.5,High,Medium,64998.0,0
M,300.3,311.9,1429,41.6,184,0,0,0,0,0,0,11.599999999999966,High,Medium,59446.4,0
L,300.3,311.9,1692,31.5,187,0,0,0,0,0,0,11.599999999999966,High,Medium,53298.0,0
L,300.4,311.9,1476,48.7,189,0,0,0,0,0,0,11.5,High,Medium,71881.2,0
M,300.4,312.0,1596,30.4,191,0,0,0,0,0,0,11.600000000000023,High,Medium,48518.399999999994,0
H,300.3,311.9,1390,49.0,194,0,0,0,0,0,0,11.599999999999966,High,Medium,68110.0,0
M,300.3,311.8,1607,33.7,199,0,0,0,0,0,0,11.5,High,Medium,54155.9,0
L,300.3,311.7,1821,26.3,202,0,0,0,0,0,0,11.399999999999977,High,Low,47892.3,1
H,300.3,311.8,2141,18.5,204,0,0,0,0,0,0,11.5,High,Low,39608.5,1
M,300.4,311.8,1553,33.1,209,1,1,0,0,0,0,11.400000000000034,High,Medium,51404.3,1
M,300.4,311.8,1442,45.1,0,0,0,0,0,0,0,11.400000000000034,Low,Medium,65034.200000000004,0
L,300.4,311.7,1459,45.6,3,0,0,0,0,0,0,11.300000000000011,Low,Medium,66530.40000000001,0
H,300.4,311.8,2496,13.5,5,0,0,0,0,0,0,11.400000000000034,Low,Low,33696.0,0
L,300.4,311.8,1367,57.2,10,0,0,0,0,0,0,11.400000000000034,Low,High,78192.40000000001,0
L,300.3,311.8,2004,19.6,12,0,0,0,0,0,0,11.5,Low,Low,39278.4,0
L,300.3,311.7,1406,47.5,14,0,0,0,0,0,0,11.399999999999977,Low,Medium,66785.0,0
L,300.3,311.8,1548,33.0,16,0,0,0,0,0,0,11.5,Low,Medium,51084.0,0
L,300.3,311.7,1333,55.2,18,0,0,0,0,0,0,11.399999999999977,Low,High,73581.6,0
L,300.2,311.6,1767,26.4,20,0,0,0,0,0,0,11.400000000000034,Low,Low,46648.799999999996,0
L,300.2,311.6,1827,27.0,22,0,0,0,0,0,0,11.400000000000034,Low,Low,49329.0,0
M,300.2,311.6,1533,46.4,24,0,0,0,0,0,0,11.400000000000034,Low,Medium,71131.2,0
H,300.2,311.5,1515,36.8,27,0,0,0,0,0,0,11.300000000000011,Low,Medium,55751.99999999999,0
L,300.2,311.4,1568,41.0,32,0,0,0,0,0,0,11.199999999999989,Low,Medium,64288.0,0
L,300.2,311.4,1452,47.8,34,0,0,0,0,0,0,11.199999999999989,Low,Medium,69405.59999999999,0
L,300.2,311.4,1433,37.9,36,0,0,0,0,0,0,11.199999999999989,Low,Medium,54310.7,0
M,300.1,311.3,1650,33.8,38,0,0,0,0,0,0,11.199999999999989,Low,Medium,55769.99999999999,0
L,300.1,311.4,1629,31.3,41,0,0,0,0,0,0,11.299999999999955,Low,Medium,50987.700000000004,0
L,300.0,311.3,1520,39.2,43,0,0,0,0,0,0,11.300000000000011,Low,Medium,59584.00000000001,0
H,300.0,311.2,1393,43.1,45,0,0,0,0,0,0,11.199999999999989,Low,Medium,60038.3,0
H,299.9,311.2,1364,49.6,50,0,0,0,0,0,0,11.300000000000011,Low,Medium,67654.40000000001,0
M,299.9,311.3,1389,50.0,55,0,0,0,0,0,0,11.400000000000034,Low,Medium,69450.0,0
L,299.8,311.1,1466,46.1,58,0,0,0,0,0,0,11.300000000000011,Low,Medium,67582.6,0
L,299.7,311.1,1650,32.4,60,0,0,0,0,0,0,11.400000000000034,Low,Medium,53460.0,0
L,299.6,311.0,1554,36.3,62,0,0,0,0,0,0,11.399999999999977,Low,Medium,56410.2,0
M,299.6,310.9,1474,39.7,64,0,0,0,0,0,0,11.299999999999955,Low,Medium,58517.8,0
H,299.5,310.8,1600,32.4,67,0,0,0,0,0,0,11.300000000000011,Low,Medium,51840.0,0
L,299.5,310.8,1356,54.9,72,0,0,0,0,0,0,11.300000000000011,Low,High,74444.4,0
L,299.5,310.8,1571,38.2,74,0,0,0,0,0,0,11.300000000000011,Low,Medium,60012.200000000004,0
L,299.6,310.9,1658,28.0,76,0,0,0,0,0,0,11.299999999999955,Low,Low,46424.0,0
L,299.6,310.8,1393,49.9,78,0,0,0,0,0,0,11.199999999999989,Low,Medium,69510.7,0
M,299.7,311.0,1448,49.8,80,0,0,0,0,0,0,11.300000000000011,Low,Medium,72110.4,0
L,299.7,310.9,1477,40.4,83,0,0,0,0,0,0,11.199999999999989,Low,Medium,59670.799999999996,0
M,299.7,311.0,1506,42.7,85,0,0,0,0,0,0,11.300000000000011,Medium,Medium,64306.200000000004,0
M,299.7,310.9,1685,32.1,88,0,0,0,0,0,0,11.199999999999989,Medium,Medium,54088.5,0
L,299.6,310.9,1533,31.8,91,0,0,0,0,0,0,11.299999999999955,Medium,Medium,48749.4,0
L,299.5,310.8,1447,41.0,93,0,0,0,0,0,0,11.300000000000011,Medium,Medium,59327.0,0
M,299.5,310.7,1488,39.5,95,0,0,0,0,0,0,11.199999999999989,Medium,Medium,58776.0,0
M,299.6,310.8,1427,50.4,98,0,0,0,0,0,0,11.199999999999989,Medium,Medium,71920.8,0
M,299.5,310.7,1424,41.3,101,0,0,0,0,0,0,11.199999999999989,Medium,Medium,58811.2,0
L,299.5,310.7,1472,40.9,104,0,0,0,0,0,0,11.199999999999989,Medium,Medium,60204.799999999996,0
L,299.5,310.7,1438,45.7,106,0,0,0,0,0,0,11.199999999999989,Medium,Medium,65716.6,0
L,299.6,310.8,1507,42.4,108,0,0,0,0,0,0,11.199999999999989,Medium,Medium,63896.799999999996,0
L,299.6,310.7,1393,52.1,110,0,0,0,0,0,0,11.099999999999966,Medium,Medium,72575.3,0
L,299.5,310.8,1283,52.4,112,0,0,0,0,0,0,11.300000000000011,Medium,High,67229.2,0
L,299.6,310.8,1644,30.9,114,0,0,0,0,0,0,11.199999999999989,Medium,Medium,50799.6,0
L,299.6,310.8,1498,46.9,116,0,0,0,0,0,0,11.199999999999989,Medium,Medium,70256.2,0
L,299.6,310.8,1400,40.8,118,0,0,0,0,0,0,11.199999999999989,Medium,Medium,57119.99999999999,0
H,299.6,310.9,1679,31.2,120,0,0,0,0,0,0,11.299999999999955,Medium,Medium,52384.799999999996,0
M,299.7,311.1,1618,30.3,125,0,0,0,0,0,0,11.400000000000034,Medium,Medium,49025.4,0
H,299.6,311.0,1714,30.2,128,0,0,0,0,0,0,11.399999999999977,Medium,Medium,51762.799999999996,0
L,299.6,311.0,1574,35.0,133,0,0,0,0,0,0,11.399999999999977,Medium,Medium,55090.0,0
L,299.7,311.1,1574,36.4,135,0,0,0,0,0,0,11.400000000000034,Medium,Medium,57293.6,0
L,299.6,310.9,1472,40.9,137,0,0,0,0,0,0,11.299999999999955,Medium,Medium,60204.799999999996,0
L,299.6,311.0,1552,33.2,139,0,0,0,0,0,0,11.399999999999977,Medium,Medium,51526.4,0
L,299.7,311.1,1603,31.4,141,0,0,0,0,0,0,11.400000000000034,Medium,Medium,50334.2,0
H,299.7,311.1,1353,47.1,143,0,0,0,0,0,0,11.400000000000034,Medium,Medium,63726.3,0
L,299.7,311.1,1690,30.6,148,0,0,0,0,0,0,11.400000000000034,Medium,Medium,51714.0,0
M,299.8,311.2,1745,26.3,150,0,0,0,0,0,0,11.399999999999977,Medium,Low,45893.5,0
L,299.9,311.3,1522,45.7,153,0,0,0,0,0,0,11.400000000000034,Medium,Medium,69555.40000000001,0
H,300.0,311.4,1641,34.5,155,0,0,0,0,0,0,11.399999999999977,Medium,Medium,56614.5,0
L,299.9,311.4,1596,28.9,160,0,0,0,0,0,0,11.5,Medium,Medium,46124.399999999994,0
H,299.9,311.4,1497,37.0,162,0,0,0,0,0,0,11.5,Medium,Medium,55389.0,0
L,299.9,311.3,1371,52.3,167,0,0,0,0,0,0,11.400000000000034,Medium,Medium,71703.3,0
M,299.9,311.3,1445,41.2,169,0,0,0,0,0,0,11.400000000000034,High,Medium,59534.00000000001,0
L,299.8,311.2,1564,40.0,172,0,0,0,0,0,0,11.399999999999977,High,Medium,62560.0,0
L,299.7,311.1,1439,44.9,174,0,0,0,0,0,0,11.400000000000034,High,Medium,64611.1,0
L,299.7,311.2,1352,52.1,176,0,0,0,0,0,0,11.5,High,Medium,70439.2,0
L,299.8,311.3,1560,35.4,178,0,0,0,0,0,0,11.5,High,Medium,55224.0,0
M,299.7,311.2,1616,42.3,180,0,0,0,0,0,0,11.5,High,Medium,68356.79999999999,0
L,299.7,311.2,1835,23.7,183,0,0,0,0,0,0,11.5,High,Low,43489.5,0
M,299.7,311.1,1649,32.7,185,0,0,0,0,0,0,11.400000000000034,High,Medium,53922.3,0
L,299.8,311.1,1452,47.3,188,0,0,0,0,0,0,11.300000000000011,High,Medium,68679.59999999999,0
L,299.8,311.1,2144,17.7,190,0,0,0,0,0,0,11.300000000000011,High,Low,37948.799999999996,0
L,299.7,311.1,1554,41.0,192,0,0,0,0,0,0,11.400000000000034,High,Medium,63714.0,0
L,299.7,311.0,1827,25.4,194,0,0,0,0,0,0,11.300000000000011,High,Low,46405.799999999996,0
L,299.6,310.9,1448,46.3,196,0,0,0,0,0,0,11.299999999999955,High,Medium,67042.4,0
M,299.6,310.9,1530,38.8,198,0,0,0,0,0,0,11.299999999999955,High,Medium,59363.99999999999,0
L,299.7,311.0,1983,21.0,201,0,0,0,0,0,0,11.300000000000011,High,Low,41643.0,1
M,299.7,310.9,1620,37.2,203,0,0,0,0,0,0,11.199999999999989,High,Medium,60264.00000000001,1
M,299.6,310.9,1630,29.8,206,0,0,0,0,0,0,11.299999999999955,High,Medium,48574.0,1
L,299.6,310.9,1229,65.2,209,1,0,0,0,1,0,11.299999999999955,High,High,80130.8,1
L,299.5,310.8,1873,22.3,211,0,0,0,0,0,0,11.300000000000011,High,Low,41767.9,1
L,299.4,310.7,1426,45.7,213,0,0,0,0,0,0,11.300000000000011,High,Medium,65168.200000000004,1
L,299.4,310.8,1376,53.9,215,1,0,0,0,1,0,11.400000000000034,High,High,74166.4,1
L,299.4,310.8,1622,33.6,217,0,0,0,0,0,0,11.400000000000034,High,Medium,54499.200000000004,1
M,299.4,310.7,1492,45.7,219,0,0,0,0,0,0,11.300000000000011,High,Medium,68184.40000000001,1
M,299.3,310.7,1374,48.9,222,0,0,0,0,0,0,11.399999999999977,High,Medium,67188.59999999999,1
L,299.2,310.7,1737,27.0,225,1,1,0,0,0,0,11.5,High,Low,46899.0,1
L,299.3,310.8,1426,42.4,0,0,0,0,0,0,0,11.5,Low,Medium,60462.4,0
M,299.3,310.9,1826,25.1,2,0,0,0,0,0,0,11.599999999999966,Low,Low,45832.600000000006,0
L,299.3,310.9,1669,32.4,5,0,0,0,0,0,0,11.599999999999966,Low,Medium,54075.6,0
M,299.4,310.9,1473,40.1,7,0,0,0,0,0,0,11.5,Low,Medium,59067.3,0
L,299.4,310.9,1751,27.8,10,0,0,0,0,0,0,11.5,Low,Low,48677.8,0
M,299.4,310.9,1446,47.3,12,0,0,0,0,0,0,11.5,Low,Medium,68395.8,0
L,299.3,310.8,1483,43.5,15,0,0,0,0,0,0,11.5,Low,Medium,64510.5,0
L,299.2,310.7,1535,42.6,17,0,0,0,0,0,0,11.5,Low,Medium,65391.0,0
L,299.2,310.7,1477,44.0,19,0,0,0,0,0,0,11.5,Low,Medium,64988.0,0
L,299.3,310.8,1391,46.9,21,0,0,0,0,0,0,11.5,Low,Medium,65237.9,0
H,299.2,310.7,1636,29.4,23,0,0,0,0,0,0,11.5,Low,Medium,48098.399999999994,0
L,299.2,310.6,1675,33.3,28,0,0,0,0,0,0,11.400000000000034,Low,Medium,55777.49999999999,0
H,299.2,310.5,1329,48.9,30,0,0,0,0,0,0,11.300000000000011,Low,Medium,64988.1,0
M,299.2,310.5,1548,33.5,35,0,0,0,0,0,0,11.300000000000011,Low,Medium,51858.0,0
L,299.2,310.5,1391,45.8,38,0,0,0,0,0,0,11.300000000000011,Low,Medium,63707.799999999996,0
L,299.1,310.5,1437,43.1,40,0,0,0,0,0,0,11.399999999999977,Low,Medium,61934.700000000004,0
L,299.2,310.6,1370,61.9,42,0,0,0,0,0,0,11.400000000000034,Low,High,84803.0,0
L,299.1,310.6,1577,37.1,44,0,0,0,0,0,0,11.5,Low,Medium,58506.700000000004,0
L,299.1,310.5,1485,37.8,46,0,0,0,0,0,0,11.399999999999977,Low,Medium,56132.99999999999,0
L,299.0,310.4,1504,34.3,48,0,0,0,0,0,0,11.399999999999977,Low,Medium,51587.2,0
M,298.9,310.3,1551,35.2,50,0,0,0,0,0,0,11.400000000000034,Low,Medium,54595.200000000004,0
M,299.1,310.5,1428,43.0,53,0,0,0,0,0,0,11.399999999999977,Low,Medium,61404.0,0
L,299.0,310.5,1755,27.9,56,0,0,0,0,0,0,11.5,Low,Low,48964.5,0
L,299.1,310.5,1329,54.9,58,0,0,0,0,0,0,11.399999999999977,Low,High,72962.09999999999,0
L,299.1,310.5,1496,35.2,60,0,0,0,0,0,0,11.399999999999977,Low,Medium,52659.200000000004,0
L,299.1,310.5,1532,36.6,62,0,0,0,0,0,0,11.399999999999977,Low,Medium,56071.200000000004,0
L,299.1,310.5,1389,61.4,64,0,0,0,0,0,0,11.399999999999977,Low,High,85284.59999999999,0
M,299.1,310.4,1524,51.4,66,0,0,0,0,0,0,11.299999999999955,Low,Medium,78333.59999999999,0
M,299.1,310.4,1422,49.3,69,0,0,0,0,0,0,11.299999999999955,Low,Medium,70104.59999999999,0
L,299.1,310.5,1739,27.4,72,0,0,0,0,0,0,11.399999999999977,Low,Low,47648.6,0
L,299.1,310.5,1736,26.9,74,0,0,0,0,0,0,11.399999999999977,Low,Low,46698.399999999994,0
L,299.1,310.5,1419,48.8,76,0,0,0,0,0,0,11.399999999999977,Low,Medium,69247.2,0
L,299.1,310.6,1326,49.7,78,0,0,0,0,0,0,11.5,Low,Medium,65902.2,0
M,299.1,310.6,1449,43.2,80,0,0,0,0,0,0,11.5,Low,Medium,62596.8,0
L,299.2,310.6,1534,39.7,83,0,0,0,0,0,0,11.400000000000034,Low,Medium,60899.8,0
M,299.2,310.6,1443,50.9,85,0,0,0,0,0,0,11.400000000000034,Medium,Medium,73448.7,0
L,299.2,310.6,1498,41.1,88,0,0,0,0,0,0,11.400000000000034,Medium,Medium,61567.8,0
L,299.1,310.6,1796,26.0,90,0,0,0,0,0,0,11.5,Medium,Low,46696.0,0
L,299.1,310.4,1519,45.3,92,0,0,0,0,0,0,11.299999999999955,Medium,Medium,68810.7,0
L,299.0,310.4,1339,49.6,94,0,0,0,0,0,0,11.399999999999977,Medium,Medium,66414.40000000001,0
L,299.0,310.4,1483,41.5,96,0,0,0,0,0,0,11.399999999999977,Medium,Medium,61544.5,0
M,298.9,310.2,2099,20.0,98,0,0,0,0,0,0,11.300000000000011,Medium,Low,41980.0,0
M,299.0,310.3,1689,29.7,101,0,0,0,0,0,0,11.300000000000011,Medium,Medium,50163.299999999996,0
H,299.1,310.4,1369,54.5,104,0,0,0,0,0,0,11.299999999999955,Medium,High,74610.5,0
L,299.0,310.4,1512,38.8,109,0,0,0,0,0,0,11.399999999999977,Medium,Medium,58665.6,0
M,299.0,310.3,1303,68.6,111,1,0,0,1,0,0,11.300000000000011,Medium,High,89385.79999999999,0
L,299.0,310.3,1552,39.9,114,0,0,0,0,0,0,11.300000000000011,Medium,Medium,61924.799999999996,0
L,299.0,310.4,1713,28.0,116,0,0,0,0,0,0,11.399999999999977,Medium,Low,47964.0,0
L,298.9,310.3,1456,44.1,118,0,0,0,0,0,0,11.400000000000034,Medium,Medium,64209.6,0
L,299.0,310.4,1524,39.8,120,0,0,0,0,0,0,11.399999999999977,Medium,Medium,60655.2,0
M,299.0,310.4,1394,45.2,122,0,0,0,0,0,0,11.399999999999977,Medium,Medium,63008.8,0
L,299.0,310.4,1981,21.2,125,0,0,0,0,0,0,11.399999999999977,Medium,Low,41997.2,0
L,299.0,310.4,1565,36.1,127,0,0,0,0,0,0,11.399999999999977,Medium,Medium,56496.5,0
L,299.1,310.4,1657,31.0,129,0,0,0,0,0,0,11.299999999999955,Medium,Medium,51367.0,0
M,299.0,310.4,1625,37.1,131,0,0,0,0,0,0,11.399999999999977,Medium,Medium,60287.5,0
L,299.0,310.4,1606,31.1,134,0,0,0,0,0,0,11.399999999999977,Medium,Medium,49946.600000000006,0
H,299.0,310.5,1336,56.8,136,0,0,0,0,0,0,11.5,Medium,High,75884.8,0
M,299.0,310.6,1587,34.2,141,0,0,0,0,0,0,11.600000000000023,Medium,Medium,54275.4,0
L,299.1,310.6,1602,39.7,144,0,0,0,0,0,0,11.5,Medium,Medium,63599.4,0
L,299.1,310.5,1471,38.4,146,0,0,0,0,0,0,11.399999999999977,Medium,Medium,56486.4,0
H,299.1,310.6,1332,48.0,148,0,0,0,0,0,0,11.5,Medium,Medium,63936.0,0
H,299.2,310.6,1434,48.4,153,0,0,0,0,0,0,11.400000000000034,Medium,Medium,69405.59999999999,0
L,299.1,310.6,1921,23.9,158,0,0,0,0,0,0,11.5,Medium,Low,45911.899999999994,0
H,299.2,310.6,1704,30.6,160,0,0,0,0,0,0,11.400000000000034,Medium,Medium,52142.4,0
M,299.1,310.6,1397,49.5,165,0,0,0,0,0,0,11.5,Medium,Medium,69151.5,0
H,299.1,310.6,1791,28.0,168,0,0,0,0,0,0,11.5,Medium,Low,50148.0,0
L,299.1,310.6,1818,24.1,173,0,0,0,0,0,0,11.5,High,Low,43813.8,0
L,299.2,310.7,1540,36.3,175,0,0,0,0,0,0,11.5,High,Medium,55901.99999999999,0
M,299.2,310.8,1502,39.8,177,0,0,0,0,0,0,11.600000000000023,High,Medium,59779.6,0
H,299.2,310.8,1761,30.4,180,0,0,0,0,0,0,11.600000000000023,High,Medium,53534.399999999994,0
M,299.1,310.8,1517,38.4,185,0,0,0,0,0,0,11.699999999999989,High,Medium,58252.799999999996,0
L,299.1,310.7,1309,51.1,188,0,0,0,0,0,0,11.599999999999966,High,Medium,66889.90000000001,0
L,298.9,310.6,1363,52.6,190,0,0,0,0,0,0,11.700000000000045,High,High,71693.8,0
M,299.0,310.6,1787,22.2,192,0,0,0,0,0,0,11.600000000000023,High,Low,39671.4,0
L,298.9,310.5,1640,29.2,195,0,0,0,0,0,0,11.600000000000023,High,Medium,47888.0,0
M,298.9,310.6,1720,25.3,197,0,0,0,0,0,0,11.700000000000045,High,Low,43516.0,0
L,298.8,310.5,1384,52.8,200,0,0,0,0,0,0,11.699999999999989,High,High,73075.2,1
H,298.8,310.5,1294,55.8,202,0,0,0,0,0,0,11.699999999999989,High,High,72205.2,1
L,298.8,310.5,1464,46.4,207,0,0,0,0,0,0,11.699999999999989,High,Medium,67929.59999999999,1
L,298.8,310.6,1803,25.4,209,0,0,0,0,0,0,11.800000000000011,High,Low,45796.2,1
L,298.8,310.6,1602,39.1,211,0,0,0,0,0,0,11.800000000000011,High,Medium,62638.200000000004,1
H,298.9,310.6,1519,38.8,213,0,0,0,0,0,0,11.700000000000045,High,Medium,58937.2,1
M,298.9,310.7,1638,33.6,218,0,0,0,0,0,0,11.800000000000011,High,Medium,55036.8,1
H,298.9,310.6,1615,33.0,221,0,0,0,0,0,0,11.700000000000045,High,Medium,53295.0,1
L,298.8,310.6,1651,33.3,0,0,0,0,0,0,0,11.800000000000011,Low,Medium,54978.299999999996,0
L,298.9,310.6,1387,52.7,2,0,0,0,0,0,0,11.700000000000045,Low,High,73094.90000000001,0
M,298.8,310.5,1678,32.8,4,0,0,0,0,0,0,11.699999999999989,Low,Medium,55038.399999999994,0
L,298.9,310.6,1585,38.1,7,0,0,0,0,0,0,11.700000000000045,Low,Medium,60388.5,0
M,298.8,310.6,1640,33.8,9,0,0,0,0,0,0,11.800000000000011,Low,Medium,55431.99999999999,0
L,298.9,310.6,1406,43.8,12,0,0,0,0,0,0,11.700000000000045,Low,Medium,61582.799999999996,0
M,298.9,310.6,1679,35.8,14,0,0,0,0,0,0,11.700000000000045,Low,Medium,60108.2,0
L,298.9,310.5,1717,26.9,17,0,0,0,0,0,0,11.600000000000023,Low,Low,46187.299999999996,0
H,298.9,310.5,1429,39.9,19,0,0,0,0,0,0,11.600000000000023,Low,Medium,57017.1,0
M,298.9,310.4,1533,44.4,24,0,0,0,0,0,0,11.5,Low,Medium,68065.2,0
M,298.9,310.5,1525,38.5,27,0,0,0,0,0,0,11.600000000000023,Low,Medium,58712.5,0
L,298.9,310.4,1739,26.3,30,0,0,0,0,0,0,11.5,Low,Low,45735.700000000004,0
L,298.9,310.3,1436,39.0,32,0,0,0,0,0,0,11.400000000000034,Low,Medium,56004.0,0
M,298.8,310.2,1595,33.1,34,0,0,0,0,0,0,11.399999999999977,Low,Medium,52794.5,0
H,298.7,310.1,1435,45.6,37,0,0,0,0,0,0,11.400000000000034,Low,Medium,65436.0,0
L,298.7,310.0,1637,31.8,42,0,0,0,0,0,0,11.300000000000011,Low,Medium,52056.6,0
L,298.7,310.1,1558,37.6,44,0,0,0,0,0,0,11.400000000000034,Low,Medium,58580.8,0
M,298.7,310.1,1644,34.1,46,0,0,0,0,0,0,11.400000000000034,Low,Medium,56060.4,0
L,298.7,310.1,1641,31.1,49,0,0,0,0,0,0,11.400000000000034,Low,Medium,51035.100000000006,0
L,298.8,310.2,1504,41.0,51,0,0,0,0,0,0,11.399999999999977,Low,Medium,61664.0,0
M,298.7,310.1,1506,50.7,53,0,0,0,0,0,0,11.400000000000034,Low,Medium,76354.2,0
H,298.8,310.1,1380,44.0,56,0,0,0,0,0,0,11.300000000000011,Low,Medium,60720.0,0
M,298.7,310.1,1549,42.5,61,0,0,0,0,0,0,11.400000000000034,Low,Medium,65832.5,0
M,298.7,310.1,1402,69.7,64,1,0,0,1,0,0,11.400000000000034,Low,High,97719.40000000001,0
L,298.7,310.1,1401,45.3,67,0,0,0,0,0,0,11.400000000000034,Low,Medium,63465.299999999996,0
M,298.7,310.0,1459,40.2,69,0,0,0,0,0,0,11.300000000000011,Low,Medium,58651.8,0
L,298.7,309.9,1465,39.7,72,0,0,0,0,0,0,11.199999999999989,Low,Medium,58160.50000000001,0
M,298.8,310.0,1295,52.7,74,0,0,0,0,0,0,11.199999999999989,Low,High,68246.5,0
M,298.8,310.0,1529,38.5,77,0,0,0,0,0,0,11.199999999999989,Low,Medium,58866.5,0
M,298.8,310.0,1484,44.9,80,0,0,0,0,0,0,11.199999999999989,Low,Medium,66631.59999999999,0
L,298.8,309.9,1739,30.6,83,0,0,0,0,0,0,11.099999999999966,Low,Medium,53213.4,0
H,298.7,309.8,1422,40.7,85,0,0,0,0,0,0,11.100000000000023,Medium,Medium,57875.4,0
L,298.8,309.8,1463,40.0,90,0,0,0,0,0,0,11.0,Medium,Medium,58520.0,0
L,298.7,309.7,1667,30.4,92,0,0,0,0,0,0,11.0,Medium,Medium,50676.799999999996,0
H,298.7,309.7,1565,39.3,94,0,0,0,0,0,0,11.0,Medium,Medium,61504.49999999999,0
L,298.7,309.7,1393,45.7,99,0,0,0,0,0,0,11.0,Medium,Medium,63660.100000000006,0
M,298.8,309.7,1453,47.7,101,0,0,0,0,0,0,10.899999999999977,Medium,Medium,69308.1,0
L,298.8,309.6,1442,50.0,104,0,0,0,0,0,0,10.800000000000011,Medium,Medium,72100.0,0
L,298.7,309.6,1364,44.9,106,0,0,0,0,0,0,10.900000000000034,Medium,Medium,61243.6,0
H,298.7,309.5,1453,40.4,108,0,0,0,0,0,0,10.800000000000011,Medium,Medium,58701.2,0
M,298.7,309.5,1394,46.0,113,0,0,0,0,0,0,10.800000000000011,Medium,Medium,64124.0,0
M,298.7,309.5,1500,38.8,116,0,0,0,0,0,0,10.800000000000011,Medium,Medium,58199.99999999999,0
H,298.6,309.5,1523,34.2,119,0,0,0,0,0,0,10.899999999999977,Medium,Medium,52086.600000000006,0
M,298.7,309.6,1254,57.1,124,0,0,0,0,0,0,10.900000000000034,Medium,High,71603.40000000001,0
L,298.6,309.5,1325,52.2,127,0,0,0,0,0,0,10.899999999999977,Medium,Medium,69165.0,0
L,298.8,309.7,1424,49.6,129,0,0,0,0,0,0,10.899999999999977,Medium,Medium,70630.40000000001,0
L,298.8,309.7,1505,39.0,131,0,0,0,0,0,0,10.899999999999977,Medium,Medium,58695.0,0
M,298.8,309.7,1392,48.7,133,0,0,0,0,0,0,10.899999999999977,Medium,Medium,67790.40000000001,0
L,298.8,309.7,1529,44.0,136,0,0,0,0,0,0,10.899999999999977,Medium,Medium,67276.0,0
M,298.8,309.7,1477,48.5,138,0,0,0,0,0,0,10.899999999999977,Medium,Medium,71634.5,0
M,298.8,309.7,1459,47.3,141,0,0,0,0,0,0,10.899999999999977,Medium,Medium,69010.7,0
M,299.0,309.8,2240,15.9,144,0,0,0,0,0,0,10.800000000000011,Medium,Low,35616.0,0
L,298.9,309.7,1449,48.8,147,0,0,0,0,0,0,10.800000000000011,Medium,Medium,70711.2,0
M,298.8,309.7,1589,35.3,149,0,0,0,0,0,0,10.899999999999977,Medium,Medium,56091.7,0
L,298.8,309.7,1740,28.5,152,0,0,0,0,0,0,10.899999999999977,Medium,Medium,49590.0,0
M,298.8,309.7,1499,40.3,154,0,0,0,0,0,0,10.899999999999977,Medium,Medium,60409.7,0
M,298.8,309.7,1480,38.1,157,0,0,0,0,0,0,10.899999999999977,Medium,Medium,56388.0,0
L,298.8,309.7,1751,29.6,160,0,0,0,0,0,0,10.899999999999977,Medium,Medium,51829.600000000006,0
L,298.7,309.7,1510,40.6,162,0,0,0,0,0,0,11.0,Medium,Medium,61306.0,0
H,298.8,309.8,1437,48.2,164,0,0,0,0,0,0,11.0,Medium,Medium,69263.40000000001,0
L,298.8,309.7,1609,40.4,169,0,0,0,0,0,0,10.899999999999977,High,Medium,65003.6,0
H,298.8,309.8,1490,35.9,171,0,0,0,0,0,0,11.0,High,Medium,53491.0,0
L,298.7,309.7,1601,35.7,176,0,0,0,0,0,0,11.0,High,Medium,57155.700000000004,0
L,298.7,309.6,1665,31.1,178,0,0,0,0,0,0,10.900000000000034,High,Medium,51781.5,0
M,298.7,309.6,1452,42.7,180,0,0,0,0,0,0,10.900000000000034,High,Medium,62000.4,0
M,298.7,309.5,1487,33.6,183,0,0,0,0,0,0,10.800000000000011,High,Medium,49963.200000000004,0
M,298.7,309.6,1382,48.1,186,0,0,0,0,0,0,10.900000000000034,High,Medium,66474.2,0
M,298.7,309.6,1686,26.2,189,0,0,0,0,0,0,10.900000000000034,High,Low,44173.2,0
L,298.6,309.6,1491,36.9,192,0,0,0,0,0,0,11.0,High,Medium,55017.9,0
L,298.7,309.6,1442,55.6,194,0,0,0,0,0,0,10.900000000000034,High,High,80175.2,0
L,298.6,309.6,1390,50.3,196,0,0,0,0,0,0,11.0,High,Medium,69917.0,0
L,298.7,309.6,1502,46.7,198,0,0,0,0,0,0,10.900000000000034,High,Medium,70143.40000000001,0
M,298.6,309.6,1344,59.4,200,0,0,0,0,0,0,11.0,High,High,79833.59999999999,1
L,298.5,309.5,1385,46.3,203,1,1,0,0,0,0,11.0,High,Medium,64125.49999999999,1
L,298.7,309.7,1547,37.4,0,0,0,0,0,0,0,11.0,Low,Medium,57857.799999999996,0
M,298.6,309.6,1525,42.4,2,0,0,0,0,0,0,11.0,Low,Medium,64660.0,0
L,298.6,309.6,1540,35.8,5,0,0,0,0,0,0,11.0,Low,Medium,55131.99999999999,0
L,298.6,309.5,1450,44.3,7,0,0,0,0,0,0,10.899999999999977,Low,Medium,64234.99999999999,0
L,298.6,309.6,1353,62.5,9,0,0,0,0,0,0,11.0,Low,High,84562.5,0
L,298.8,309.7,1582,45.0,11,0,0,0,0,0,0,10.899999999999977,Low,Medium,71190.0,0
L,298.9,309.8,1396,49.0,13,0,0,0,0,0,0,10.900000000000034,Low,Medium,68404.0,0
M,298.8,309.8,1551,36.6,15,0,0,0,0,0,0,11.0,Low,Medium,56766.600000000006,0
M,298.9,309.8,1836,22.8,18,0,0,0,0,0,0,10.900000000000034,Low,Low,41860.8,0
L,298.9,309.8,1390,49.9,21,0,0,0,0,0,0,10.900000000000034,Low,Medium,69361.0,0
L,298.9,309.8,1534,42.1,23,0,0,0,0,0,0,10.900000000000034,Low,Medium,64581.4,0
L,298.8,309.7,1953,20.6,25,0,0,0,0,0,0,10.899999999999977,Low,Low,40231.8,0
L,298.8,309.8,1634,33.6,27,0,0,0,0,0,0,11.0,Low,Medium,54902.4,0
L,298.7,309.7,1881,21.7,29,0,0,0,0,0,0,11.0,Low,Low,40817.7,0
M,298.8,309.7,1448,44.8,31,0,0,0,0,0,0,10.899999999999977,Low,Medium,64870.399999999994,0
M,298.7,309.7,1362,50.5,34,0,0,0,0,0,0,11.0,Low,Medium,68781.0,0
L,298.8,309.7,1225,63.4,37,0,0,0,0,0,0,10.899999999999977,Low,High,77665.0,0
M,298.8,309.6,1384,48.2,39,0,0,0,0,0,0,10.800000000000011,Low,Medium,66708.8,0
L,298.8,309.8,1334,49.3,42,0,0,0,0,0,0,11.0,Low,Medium,65766.2,0
L,298.8,309.7,1336,50.3,44,0,0,0,0,0,0,10.899999999999977,Low,Medium,67200.8,0
M,298.8,309.9,1331,61.6,46,0,0,0,0,0,0,11.099999999999966,Low,High,81989.6,0
L,298.8,309.9,1629,31.9,49,0,0,0,0,0,0,11.099999999999966,Low,Medium,51965.1,0
L,298.9,310.0,1776,25.7,51,0,0,0,0,0,0,11.100000000000023,Low,Low,45643.2,0
H,298.8,310.0,1530,38.3,53,0,0,0,0,0,0,11.199999999999989,Low,Medium,58598.99999999999,0
L,298.9,310.0,1719,27.3,58,0,0,0,0,0,0,11.100000000000023,Low,Low,46928.700000000004,0
M,298.8,309.9,1495,35.2,60,0,0,0,0,0,0,11.099999999999966,Low,Medium,52624.00000000001,0
L,298.8,309.7,1450,43.1,63,0,0,0,0,0,0,10.899999999999977,Low,Medium,62495.0,0
H,298.8,309.8,1563,38.8,65,0,0,0,0,0,0,11.0,Low,Medium,60644.399999999994,0
M,298.9,309.9,1501,37.1,70,0,0,0,0,0,0,11.0,Low,Medium,55687.1,0
L,298.8,309.9,1351,47.2,73,0,0,0,0,0,0,11.099999999999966,Low,Medium,63767.200000000004,0
L,298.9,309.9,1365,46.5,75,0,0,0,0,0,0,11.0,Low,Medium,63472.5,0
L,298.8,309.9,1525,39.7,77,0,0,0,0,0,0,11.099999999999966,Low,Medium,60542.50000000001,0
M,298.8,309.8,1288,61.9,79,0,0,0,0,0,0,11.0,Low,High,79727.2,0
L,298.6,309.6,1423,42.7,82,0,0,0,0,0,0,11.0,Low,Medium,60762.100000000006,0
M,298.5,309.6,1502,39.4,84,0,0,0,0,0,0,11.100000000000023,Low,Medium,59178.799999999996,0
L,298.5,309.5,1428,43.5,87,0,0,0,0,0,0,11.0,Medium,Medium,62118.0,0
M,298.6,309.5,1566,38.1,89,0,0,0,0,0,0,10.899999999999977,Medium,Medium,59664.600000000006,0
M,298.5,309.5,1483,44.8,92,0,0,0,0,0,0,11.0,Medium,Medium,66438.4,0
H,298.6,309.6,1593,33.3,95,0,0,0,0,0,0,11.0,Medium,Medium,53046.899999999994,0
L,298.5,309.6,1724,26.4,100,0,0,0,0,0,0,11.100000000000023,Medium,Low,45513.6,0
L,298.5,309.7,2617,12.1,102,1,0,0,1,0,0,11.199999999999989,Medium,Low,31665.7,0
L,298.6,309.7,1294,59.4,104,0,0,0,0,0,0,11.099999999999966,Medium,High,76863.59999999999,0
L,298.6,309.6,1533,40.7,106,0,0,0,0,0,0,11.0,Medium,Medium,62393.100000000006,0
H,298.5,309.4,1671,31.8,108,0,0,0,0,0,0,10.899999999999977,Medium,Medium,53137.8,0
L,298.5,309.5,1370,52.4,113,0,0,0,0,0,0,11.0,Medium,High,71788.0,0
L,298.5,309.6,1462,45.1,115,0,0,0,0,0,0,11.100000000000023,Medium,Medium,65936.2,0
L,298.4,309.5,1545,36.6,117,0,0,0,0,0,0,11.100000000000023,Medium,Medium,56547.0,0
M,298.4,309.5,1484,41.7,119,0,0,0,0,0,0,11.100000000000023,Medium,Medium,61882.8,0
M,298.4,309.5,1344,45.3,122,0,0,0,0,0,0,11.100000000000023,Medium,Medium,60883.2,0
L,298.4,309.5,1357,50.1,125,0,0,0,0,0,0,11.100000000000023,Medium,Medium,67985.7,0
M,298.5,309.6,1572,33.0,127,0,0,0,0,0,0,11.100000000000023,Medium,Medium,51876.0,0
L,298.5,309.6,1861,26.9,130,0,0,0,0,0,0,11.100000000000023,Medium,Low,50060.899999999994,0
L,298.5,309.5,1548,44.5,132,0,0,0,0,0,0,11.0,Medium,Medium,68886.0,0
L,298.6,309.8,1496,37.7,134,0,0,0,0,0,0,11.199999999999989,Medium,Medium,56399.200000000004,0
M,298.6,309.7,1314,49.7,136,0,0,0,0,0,0,11.099999999999966,Medium,Medium,65305.8,0
M,298.6,309.7,1422,49.7,139,0,0,0,0,0,0,11.099999999999966,Medium,Medium,70673.40000000001,0
L,298.6,309.8,1842,20.1,142,0,0,0,0,0,0,11.199999999999989,Medium,Low,37024.200000000004,0
M,298.7,309.9,1434,53.0,144,0,0,0,0,0,0,11.199999999999989,Medium,High,76002.0,0
M,298.8,310.1,1585,31.3,147,0,0,0,0,0,0,11.300000000000011,Medium,Medium,49610.5,0
H,298.8,310.1,1704,30.7,150,0,0,0,0,0,0,11.300000000000011,Medium,Medium,52312.799999999996,0
L,298.9,310.2,1971,23.2,155,0,0,0,0,0,0,11.300000000000011,Medium,Low,45727.2,0
L,299.0,310.3,1431,39.9,157,0,0,0,0,0,0,11.300000000000011,Medium,Medium,57096.9,0
L,298.9,310.4,1546,37.7,159,0,0,0,0,0,0,11.5,Medium,Medium,58284.200000000004,0
L,298.9,310.3,1496,36.3,161,0,0,0,0,0,0,11.400000000000034,Medium,Medium,54304.799999999996,0
H,298.9,310.3,1243,63.0,163,0,0,0,0,0,0,11.400000000000034,Medium,High,78309.0,0
L,299.0,310.4,1452,46.2,168,0,0,0,0,0,0,11.399999999999977,Medium,Medium,67082.40000000001,0
L,299.1,310.6,1380,44.7,170,0,0,0,0,0,0,11.5,High,Medium,61686.00000000001,0
L,299.2,310.6,1567,38.4,172,0,0,0,0,0,0,11.400000000000034,High,Medium,60172.799999999996,0
L,299.1,310.5,1628,35.9,174,0,0,0,0,0,0,11.399999999999977,High,Medium,58445.2,0
L,299.1,310.4,1505,46.1,176,0,0,0,0,0,0,11.299999999999955,High,Medium,69380.5,0
M,299.0,310.3,1827,28.0,178,0,0,0,0,0,0,11.300000000000011,High,Low,51156.0,0
L,299.0,310.3,1577,40.0,181,0,0,0,0,0,0,11.300000000000011,High,Medium,63080.0,0
L,298.9,310.2,1304,57.2,183,0,0,0,0,0,0,11.300000000000011,High,High,74588.8,0
H,298.9,310.1,1324,54.6,185,0,0,0,0,0,0,11.200000000000045,High,High,72290.40000000001,0
L,298.8,310.0,1537,39.9,190,0,0,0,0,0,0,11.199999999999989,High,Medium,61326.299999999996,0
M,298.8,310.1,1501,48.7,192,0,0,0,0,0,0,11.300000000000011,High,Medium,73098.7,0
M,298.7,309.9,1654,29.1,195,0,0,0,0,0,0,11.199999999999989,High,Medium,48131.4,0
M,298.7,310.0,1519,38.1,198,0,0,0,0,0,0,11.300000000000011,High,Medium,57873.9,0
L,298.7,309.9,1371,51.3,201,0,0,0,0,0,0,11.199999999999989,High,Medium,70332.3,1
L,298.7,309.8,1181,65.9,203,1,0,0,0,1,0,11.100000000000023,High,High,77827.90000000001,1
L,298.6,309.8,1469,42.8,205,0,0,0,0,0,0,11.199999999999989,High,Medium,62873.2,1
L,298.6,309.8,1637,34.6,207,0,0,0,0,0,0,11.199999999999989,High,Medium,56640.200000000004,1
L,298.6,309.8,1370,56.0,0,0,0,0,0,0,0,11.199999999999989,Low,High,76720.0,0
L,298.6,309.9,1630,30.6,2,0,0,0,0,0,0,11.299999999999955,Low,Medium,49878.0,0
L,298.6,310.0,1517,39.0,4,0,0,0,0,0,0,11.399999999999977,Low,Medium,59163.0,0
M,298.6,309.9,1668,32.3,6,0,0,0,0,0,0,11.299999999999955,Low,Medium,53876.399999999994,0
M,298.6,309.9,1818,24.9,9,0,0,0,0,0,0,11.299999999999955,Low,Low,45268.2,0
M,298.6,310.0,1541,36.9,12,0,0,0,0,0,0,11.399999999999977,Low,Medium,56862.899999999994,0
L,298.5,309.9,1482,42.1,15,0,0,0,0,0,0,11.399999999999977,Low,Medium,62392.200000000004,0
L,298.6,310.1,1439,49.9,17,0,0,0,0,0,0,11.5,Low,Medium,71806.09999999999,0
L,298.5,310.0,1492,41.2,19,0,0,0,0,0,0,11.5,Low,Medium,61470.4,0
L,298.4,309.9,1725,27.8,21,0,0,0,0,0,0,11.5,Low,Low,47955.0,0
L,298.4,310.0,1559,44.2,23,0,0,0,0,0,0,11.600000000000023,Low,Medium,68907.8,0
L,298.5,310.0,1435,42.5,25,0,0,0,0,0,0,11.5,Low,Medium,60987.5,0
M,298.6,310.0,1512,37.5,27,0,0,0,0,0,0,11.399999999999977,Low,Medium,56700.0,0
L,298.6,309.9,1564,37.1,30,0,0,0,0,0,0,11.299999999999955,Low,Medium,58024.4,0
L,298.6,310.0,1522,40.3,32,0,0,0,0,0,0,11.399999999999977,Low,Medium,61336.6,0
L,298.6,309.9,1356,59.5,34,0,0,0,0,0,0,11.299999999999955,Low,High,80682.0,0
L,298.6,309.9,1556,38.6,36,0,0,0,0,0,0,11.299999999999955,Low,Medium,60061.600000000006,0
L,298.6,309.9,1393,45.5,38,0,0,0,0,0,0,11.299999999999955,Low,Medium,63381.5,0
L,298.7,309.9,1753,26.8,40,0,0,0,0,0,0,11.199999999999989,Low,Low,46980.4,0
L,298.7,309.9,1651,29.5,42,0,0,0,0,0,0,11.199999999999989,Low,Medium,48704.5,0
L,298.7,309.9,1372,54.7,44,0,0,0,0,0,0,11.199999999999989,Low,High,75048.40000000001,0
L,298.7,309.9,1446,43.3,46,0,0,0,0,0,0,11.199999999999989,Low,Medium,62611.799999999996,0
M,298.7,309.8,1501,44.7,48,0,0,0,0,0,0,11.100000000000023,Low,Medium,67094.7,0
M,298.7,309.9,1411,45.1,51,0,0,0,0,0,0,11.199999999999989,Low,Medium,63636.1,0
H,298.6,309.7,1672,27.5,54,0,0,0,0,0,0,11.099999999999966,Low,Low,45980.0,0
M,298.7,309.8,1475,40.5,59,0,0,0,0,0,0,11.100000000000023,Low,Medium,59737.5,0
L,298.7,309.8,1469,38.4,62,0,0,0,0,0,0,11.100000000000023,Low,Medium,56409.6,0
L,298.6,309.8,1704,28.3,64,0,0,0,0,0,0,11.199999999999989,Low,Medium,48223.200000000004,0
H,298.6,309.7,1463,39.1,66,0,0,0,0,0,0,11.099999999999966,Low,Medium,57203.3,0
M,298.6,309.7,1280,64.1,71,0,0,0,0,0,0,11.099999999999966,Low,High,82048.0,0
L,298.7,309.9,1464,38.0,74,0,0,0,0,0,0,11.199999999999989,Low,Medium,55632.0,0
L,298.6,309.8,1332,46.4,76,0,0,0,0,0,0,11.199999999999989,Low,Medium,61804.799999999996,0
L,298.5,309.7,1634,37.8,78,0,0,0,0,0,0,11.199999999999989,Low,Medium,61765.2,0
M,298.6,309.8,1430,43.1,80,0,0,0,0,0,0,11.199999999999989,Low,Medium,61633.0,0
M,298.5,309.7,1523,44.6,83,0,0,0,0,0,0,11.199999999999989,Low,Medium,67925.8,0
M,298.5,309.7,1557,37.7,86,0,0,0,0,0,0,11.199999999999989,Medium,Medium,58698.9,0
L,298.5,309.6,1585,32.2,89,0,0,0,0,0,0,11.100000000000023,Medium,Medium,51037.00000000001,0
H,298.5,309.6,1579,33.5,91,0,0,0,0,0,0,11.100000000000023,Medium,Medium,52896.5,0
M,298.5,309.7,1354,60.8,96,0,0,0,0,0,0,11.199999999999989,Medium,High,82323.2,0
L,298.6,309.7,1627,33.4,99,0,0,0,0,0,0,11.099999999999966,Medium,Medium,54341.799999999996,0
L,298.4,309.6,1477,35.6,101,0,0,0,0,0,0,11.200000000000045,Medium,Medium,52581.200000000004,0
M,298.3,309.4,1595,29.0,103,0,0,0,0,0,0,11.099999999999966,Medium,Medium,46255.0,0
L,298.4,309.5,1520,38.1,106,0,0,0,0,0,0,11.100000000000023,Medium,Medium,57912.0,0
L,298.3,309.4,1618,31.5,108,0,0,0,0,0,0,11.099999999999966,Medium,Medium,50967.0,0
L,298.4,309.5,1397,50.3,110,0,0,0,0,0,0,11.100000000000023,Medium,Medium,70269.09999999999,0
L,298.4,309.5,1450,47.9,112,0,0,0,0,0,0,11.100000000000023,Medium,Medium,69455.0,0
M,298.5,309.5,1501,40.2,114,0,0,0,0,0,0,11.0,Medium,Medium,60340.200000000004,0
L,298.4,309.4,1392,50.1,117,0,0,0,0,0,0,11.0,Medium,Medium,69739.2,0
L,298.4,309.4,1385,43.2,119,0,0,0,0,0,0,11.0,Medium,Medium,59832.00000000001,0
L,298.4,309.4,1461,46.3,121,0,0,0,0,0,0,11.0,Medium,Medium,67644.3,0
M,298.5,309.6,1364,58.7,123,0,0,0,0,0,0,11.100000000000023,Medium,High,80066.8,0
L,298.5,309.5,1579,38.6,126,0,0,0,0,0,0,11.0,Medium,Medium,60949.4,0
M,298.4,309.5,1514,38.8,128,0,0,0,0,0,0,11.100000000000023,Medium,Medium,58743.2,0
M,298.3,309.5,1560,36.9,131,0,0,0,0,0,0,11.199999999999989,Medium,Medium,57564.0,0
L,298.3,309.5,1542,36.7,134,0,0,0,0,0,0,11.199999999999989,Medium,Medium,56591.4,0
L,298.3,309.4,1668,27.1,136,0,0,0,0,0,0,11.099999999999966,Medium,Low,45202.8,0
M,298.3,309.4,1816,22.6,138,0,0,0,0,0,0,11.099999999999966,Medium,Low,41041.600000000006,0
M,298.3,309.4,1509,34.2,141,0,0,0,0,0,0,11.099999999999966,Medium,Medium,51607.8,0
L,298.4,309.6,1479,37.8,144,0,0,0,0,0,0,11.200000000000045,Medium,Medium,55906.2,0
L,298.4,309.6,1655,30.2,146,0,0,0,0,0,0,11.200000000000045,Medium,Medium,49981.0,0
L,298.3,309.5,1711,30.3,148,0,0,0,0,0,0,11.199999999999989,Medium,Medium,51843.3,0
L,298.4,309.7,1581,34.6,150,0,0,0,0,0,0,11.300000000000011,Medium,Medium,54702.600000000006,0
H,298.6,309.8,1279,55.9,152,0,0,0,0,0,0,11.199999999999989,Medium,High,71496.09999999999,0
L,298.5,309.8,1468,40.9,157,0,0,0,0,0,0,11.300000000000011,Medium,Medium,60041.2,0
L,298.4,309.7,1419,41.3,159,0,0,0,0,0,0,11.300000000000011,Medium,Medium,58604.7,0
L,298.4,309.7,1530,38.6,161,0,0,0,0,0,0,11.300000000000011,Medium,Medium,59058.0,0
L,298.4,309.6,1710,27.3,163,1,0,0,0,0,0,11.200000000000045,Medium,Low,46683.0,0
L,298.4,309.7,1518,39.8,165,0,0,0,0,0,0,11.300000000000011,Medium,Medium,60416.399999999994,0
M,298.4,309.7,1679,33.3,167,0,0,0,0,0,0,11.300000000000011,Medium,Medium,55910.7,0
M,298.4,309.7,1870,22.5,170,0,0,0,0,0,0,11.300000000000011,High,Low,42075.0,0
L,298.3,309.7,1484,44.3,173,0,0,0,0,0,0,11.399999999999977,High,Medium,65741.2,0
L,298.4,309.7,1457,44.2,175,0,0,0,0,0,0,11.300000000000011,High,Medium,64399.4,0
H,298.3,309.6,1546,36.2,177,0,0,0,0,0,0,11.300000000000011,High,Medium,55965.200000000004,0
M,298.2,309.5,1478,36.5,182,0,0,0,0,0,0,11.300000000000011,High,Medium,53947.0,0
L,298.2,309.4,1447,47.1,185,0,0,0,0,0,0,11.199999999999989,High,Medium,68153.7,0
L,298.2,309.4,1443,45.4,187,0,0,0,0,0,0,11.199999999999989,High,Medium,65512.2,0
L,298.3,309.6,1527,30.9,189,0,0,0,0,0,0,11.300000000000011,High,Medium,47184.299999999996,0
M,298.3,309.6,1469,54.8,191,0,0,0,0,0,0,11.300000000000011,High,High,80501.2,0
M,298.3,309.6,1681,27.1,194,0,0,0,0,0,0,11.300000000000011,High,Low,45555.100000000006,0
L,298.3,309.6,1420,44.1,197,0,0,0,0,0,0,11.300000000000011,High,Medium,62622.0,0
M,298.3,309.5,1543,49.9,199,0,0,0,0,0,0,11.199999999999989,High,Medium,76995.7,0
L,298.4,309.5,1376,50.4,202,0,0,0,0,0,0,11.100000000000023,High,Medium,69350.4,1
H,298.3,309.4,1631,29.8,0,0,0,0,0,0,0,11.099999999999966,Low,Medium,48603.8,0
H,298.3,309.3,1529,41.7,5,0,0,0,0,0,0,11.0,Low,Medium,63759.3,0
L,298.3,309.4,1468,46.2,10,0,0,0,0,0,0,11.099999999999966,Low,Medium,67821.6,0
L,298.3,309.4,1378,52.3,12,0,0,0,0,0,0,11.099999999999966,Low,Medium,72069.4,0
L,298.3,309.3,1401,51.9,14,0,0,0,0,0,0,11.0,Low,Medium,72711.9,0
L,298.4,309.3,1531,37.4,16,0,0,0,0,0,0,10.900000000000034,Low,Medium,57259.4,0
L,298.4,309.3,1512,35.8,18,0,0,0,0,0,0,10.900000000000034,Low,Medium,54129.6,0
M,298.5,309.4,1522,47.4,20,0,0,0,0,0,0,10.899999999999977,Low,Medium,72142.8,0
M,298.5,309.3,1615,31.8,23,0,0,0,0,0,0,10.800000000000011,Low,Medium,51357.0,0
L,298.6,309.3,1449,46.5,26,0,0,0,0,0,0,10.699999999999989,Low,Medium,67378.5,0
L,298.6,309.4,1315,55.5,28,0,0,0,0,0,0,10.799999999999955,Low,High,72982.5,0
M,298.6,309.4,1465,41.1,30,0,0,0,0,0,0,10.799999999999955,Low,Medium,60211.5,0
M,298.6,309.5,1404,43.3,33,0,0,0,0,0,0,10.899999999999977,Low,Medium,60793.2,0
L,298.6,309.5,1547,44.8,36,0,0,0,0,0,0,10.899999999999977,Low,Medium,69305.59999999999,0
M,298.6,309.5,1426,45.4,38,0,0,0,0,0,0,10.899999999999977,Low,Medium,64740.4,0
L,298.6,309.5,1730,30.2,41,0,0,0,0,0,0,10.899999999999977,Low,Medium,52246.0,0
L,298.5,309.4,1548,37.7,43,0,0,0,0,0,0,10.899999999999977,Low,Medium,58359.600000000006,0
L,298.5,309.4,1517,40.2,45,0,0,0,0,0,0,10.899999999999977,Low,Medium,60983.4,0
L,298.6,309.5,1687,29.3,47,0,0,0,0,0,0,10.899999999999977,Low,Medium,49429.1,0
L,298.5,309.5,1738,25.2,49,0,0,0,0,0,0,11.0,Low,Low,43797.6,0
H,298.4,309.4,1512,35.3,51,0,0,0,0,0,0,11.0,Low,Medium,53373.6,0
M,298.5,309.4,1365,48.7,56,0,0,0,0,0,0,10.899999999999977,Low,Medium,66475.5,0
H,298.5,309.4,2011,21.0,59,0,0,0,0,0,0,10.899999999999977,Low,Low,42231.0,0
L,298.4,309.3,1806,27.6,64,0,0,0,0,0,0,10.900000000000034,Low,Low,49845.600000000006,0
L,298.4,309.3,1716,28.4,66,0,0,0,0,0,0,10.900000000000034,Low,Medium,48734.399999999994,0
M,298.4,309.4,1666,24.3,68,0,0,0,0,0,0,11.0,Low,Low,40483.8,0
L,298.5,309.4,1578,36.3,71,0,0,0,0,0,0,10.899999999999977,Low,Medium,57281.399999999994,0
L,298.3,309.3,1558,37.2,73,0,0,0,0,0,0,11.0,Low,Medium,57957.600000000006,0
L,298.3,309.2,1456,45.5,75,0,0,0,0,0,0,10.899999999999977,Low,Medium,66248.0,0
M,298.2,309.1,1457,49.0,77,0,0,0,0,0,0,10.900000000000034,Low,Medium,71393.0,0
L,298.2,309.1,1467,44.5,80,0,0,0,0,0,0,10.900000000000034,Low,Medium,65281.5,0
M,298.1,309.0,1661,38.2,82,0,0,0,0,0,0,10.899999999999977,Low,Medium,63450.200000000004,0
L,298.1,309.0,1592,33.9,85,0,0,0,0,0,0,10.899999999999977,Medium,Medium,53968.799999999996,0
L,298.2,309.0,1596,37.2,87,0,0,0,0,0,0,10.800000000000011,Medium,Medium,59371.200000000004,0
L,298.2,309.0,1489,40.6,89,0,0,0,0,0,0,10.800000000000011,Medium,Medium,60453.4,0
L,298.3,309.0,1471,48.3,91,0,0,0,0,0,0,10.699999999999989,Medium,Medium,71049.3,0
M,298.3,309.0,1505,41.3,93,0,0,0,0,0,0,10.699999999999989,Medium,Medium,62156.49999999999,0
L,298.3,309.0,1519,40.0,96,0,0,0,0,0,0,10.699999999999989,Medium,Medium,60760.0,0
L,298.3,309.0,1408,45.4,98,0,0,0,0,0,0,10.699999999999989,Medium,Medium,63923.2,0
L,298.2,308.9,1332,44.4,100,0,0,0,0,0,0,10.699999999999989,Medium,Medium,59140.799999999996,0
L,298.1,308.9,1351,52.4,102,0,0,0,0,0,0,10.799999999999955,Medium,High,70792.4,0
L,298.0,308.9,1500,36.7,104,0,0,0,0,0,0,10.899999999999977,Medium,Medium,55050.00000000001,0
M,298.0,308.7,1614,30.7,106,0,0,0,0,0,0,10.699999999999989,Medium,Medium,49549.799999999996,0
L,298.0,308.8,1489,36.5,109,0,0,0,0,0,0,10.800000000000011,Medium,Medium,54348.5,0
M,297.9,308.7,1751,26.6,111,0,0,0,0,0,0,10.800000000000011,Medium,Low,46576.600000000006,0
L,298.0,308.7,1511,45.8,114,0,0,0,0,0,0,10.699999999999989,Medium,Medium,69203.8,0
L,297.9,308.6,1691,29.6,116,0,0,0,0,0,0,10.700000000000045,Medium,Medium,50053.600000000006,0
L,297.9,308.6,1757,27.5,118,0,0,0,0,0,0,10.700000000000045,Medium,Low,48317.5,0
H,297.9,308.7,1545,35.9,120,0,0,0,0,0,0,10.800000000000011,Medium,Medium,55465.5,0
L,297.9,308.6,2262,15.7,125,0,0,0,0,0,0,10.700000000000045,Medium,Low,35513.4,0
M,297.7,308.5,1559,35.2,127,0,0,0,0,0,0,10.800000000000011,Medium,Medium,54876.8,0
L,297.6,308.4,1626,32.4,130,0,0,0,0,0,0,10.799999999999955,Medium,Medium,52682.399999999994,0
L,297.6,308.3,1424,53.9,132,0,0,0,0,0,0,10.699999999999989,Medium,High,76753.59999999999,0
M,297.6,308.3,1648,29.1,134,0,0,0,0,0,0,10.699999999999989,Medium,Medium,47956.8,0
L,297.6,308.3,1523,39.5,137,0,0,0,0,0,0,10.699999999999989,Medium,Medium,60158.5,0
L,297.6,308.3,1502,43.2,139,0,0,0,0,0,0,10.699999999999989,Medium,Medium,64886.4,0
L,297.5,308.2,1489,40.7,141,0,0,0,0,0,0,10.699999999999989,Medium,Medium,60602.3,0
M,297.4,308.1,1620,31.2,143,0,0,0,0,0,0,10.700000000000045,Medium,Medium,50544.0,0
L,297.5,308.1,1631,30.6,146,0,0,0,0,0,0,10.600000000000023,Medium,Medium,49908.600000000006,0
M,297.5,308.0,1429,45.8,148,0,0,0,0,0,0,10.5,Medium,Medium,65448.2,0
M,297.5,308.1,1334,72.0,151,1,0,0,1,0,0,10.600000000000023,Medium,High,96048.0,0
L,297.4,308.0,1423,38.0,154,0,0,0,0,0,0,10.600000000000023,Medium,Medium,54074.0,0
L,297.4,307.9,1390,47.7,156,0,0,0,0,0,0,10.5,Medium,Medium,66303.0,0
M,297.4,307.9,1338,48.5,158,0,0,0,0,0,0,10.5,Medium,Medium,64893.0,0
H,297.3,307.9,1461,37.5,161,0,0,0,0,0,0,10.599999999999966,Medium,Medium,54787.5,0
M,297.4,307.9,1627,34.3,166,0,0,0,0,0,0,10.5,Medium,Medium,55806.1,0
L,297.3,307.8,1385,44.4,169,0,0,0,0,0,0,10.5,High,Medium,61494.0,0
M,297.3,307.8,1538,48.0,171,0,0,0,0,0,0,10.5,High,Medium,73824.0,0
L,297.4,307.9,1557,35.5,174,0,0,0,0,0,0,10.5,High,Medium,55273.5,0
L,297.4,307.9,1606,33.4,176,0,0,0,0,0,0,10.5,High,Medium,53640.399999999994,0
M,297.5,308.0,1430,44.5,178,0,0,0,0,0,0,10.5,High,Medium,63635.0,0
M,297.4,308.0,1601,34.6,181,0,0,0,0,0,0,10.600000000000023,High,Medium,55394.600000000006,0
L,297.4,308.0,1356,51.9,184,0,0,0,0,0,0,10.600000000000023,High,Medium,70376.4,0
M,297.5,308.2,1624,30.9,186,0,0,0,0,0,0,10.699999999999989,High,Medium,50181.6,0
L,297.5,308.2,1327,56.5,189,0,0,0,0,0,0,10.699999999999989,High,High,74975.5,0
L,297.6,308.3,1410,47.0,191,0,0,0,0,0,0,10.699999999999989,High,Medium,66270.0,0
L,297.6,308.3,1478,42.3,193,0,0,0,0,0,0,10.699999999999989,High,Medium,62519.399999999994,0
L,297.6,308.4,1460,40.3,195,0,0,0,0,0,0,10.799999999999955,High,Medium,58837.99999999999,0
L,297.5,308.3,1435,40.3,197,0,0,0,0,0,0,10.800000000000011,High,Medium,57830.49999999999,0
H,297.4,308.2,1359,46.9,199,0,0,0,0,0,0,10.800000000000011,High,Medium,63737.1,0
L,297.4,308.1,1729,31.7,204,0,0,0,0,0,0,10.700000000000045,High,Medium,54809.299999999996,1
H,297.3,308.0,1384,49.1,206,0,0,0,0,0,0,10.699999999999989,High,Medium,67954.40000000001,1
L,297.4,308.2,1297,52.1,211,0,0,0,0,0,0,10.800000000000011,High,Medium,67573.7,1
L,297.5,308.4,1633,33.3,213,0,0,0,0,0,0,10.899999999999977,High,Medium,54378.899999999994,1
M,297.5,308.4,1505,37.2,215,0,0,0,0,0,0,10.899999999999977,High,Medium,55986.00000000001,1
L,297.5,308.4,1433,50.0,218,0,0,0,0,0,0,10.899999999999977,High,Medium,71650.0,1
L,297.4,308.4,1369,50.6,220,1,0,0,0,1,0,11.0,High,Medium,69271.40000000001,1
L,297.4,308.3,1475,40.5,222,1,1,0,0,0,0,10.900000000000034,High,Medium,59737.5,1
L,297.4,308.3,1561,38.3,0,0,0,0,0,0,0,10.900000000000034,Low,Medium,59786.299999999996,0
L,297.4,308.3,1472,45.5,2,0,0,0,0,0,0,10.900000000000034,Low,Medium,66976.0,0
L,297.5,308.4,1441,44.5,4,0,0,0,0,0,0,10.899999999999977,Low,Medium,64124.5,0
M,297.5,308.5,1401,50.5,6,0,0,0,0,0,0,11.0,Low,Medium,70750.5,0
L,297.5,308.5,1691,33.1,9,0,0,0,0,0,0,11.0,Low,Medium,55972.100000000006,0
L,297.6,308.6,1382,47.1,11,0,0,0,0,0,0,11.0,Low,Medium,65092.200000000004,0
L,297.6,308.6,1355,46.4,13,0,0,0,0,0,0,11.0,Low,Medium,62872.0,0
L,297.6,308.6,1529,45.3,15,0,0,0,0,0,0,11.0,Low,Medium,69263.7,0
L,297.7,308.7,1829,24.9,17,0,0,0,0,0,0,11.0,Low,Low,45542.1,0
H,297.6,308.6,1480,39.8,19,0,0,0,0,0,0,11.0,Low,Medium,58903.99999999999,0
L,297.6,308.5,1475,42.4,24,0,0,0,0,0,0,10.899999999999977,Low,Medium,62540.0,0
M,297.6,308.5,1431,52.6,26,0,0,0,0,0,0,10.899999999999977,Low,High,75270.6,0
L,297.5,308.3,1437,42.3,29,0,0,0,0,0,0,10.800000000000011,Low,Medium,60785.1,0
M,297.5,308.3,1476,45.6,31,0,0,0,0,0,0,10.800000000000011,Low,Medium,67305.6,0
H,297.5,308.4,1490,39.7,34,0,0,0,0,0,0,10.899999999999977,Low,Medium,59153.00000000001,0
L,297.4,308.3,1632,33.5,39,0,0,0,0,0,0,10.900000000000034,Low,Medium,54672.0,0
L,297.4,308.2,1402,49.7,41,0,0,0,0,0,0,10.800000000000011,Low,Medium,69679.40000000001,0
L,297.4,308.3,1347,45.8,43,0,0,0,0,0,0,10.900000000000034,Low,Medium,61692.6,0
L,297.5,308.4,1747,31.0,45,0,0,0,0,0,0,10.899999999999977,Low,Medium,54157.0,0
H,297.5,308.5,1557,39.1,47,0,0,0,0,0,0,11.0,Low,Medium,60878.700000000004,0
L,297.4,308.4,1371,57.4,52,0,0,0,0,0,0,11.0,Low,High,78695.4,0
H,297.3,308.3,1506,37.0,54,0,0,0,0,0,0,11.0,Low,Medium,55722.0,0
L,297.3,308.3,1590,35.5,59,0,0,0,0,0,0,11.0,Low,Medium,56445.0,0
L,297.4,308.3,1336,53.7,61,0,0,0,0,0,0,10.900000000000034,Low,High,71743.2,0
L,297.3,308.3,1411,43.2,63,0,0,0,0,0,0,11.0,Low,Medium,60955.200000000004,0
L,297.4,308.3,1704,27.3,65,0,0,0,0,0,0,10.900000000000034,Low,Low,46519.200000000004,0
L,297.5,308.4,1723,27.3,67,0,0,0,0,0,0,10.899999999999977,Low,Low,47037.9,0
L,297.5,308.5,1459,39.7,69,0,0,0,0,0,0,11.0,Low,Medium,57922.3,0
L,297.6,308.5,1572,35.9,71,0,0,0,0,0,0,10.899999999999977,Low,Medium,56434.799999999996,0
L,297.5,308.4,1384,56.0,73,0,0,0,0,0,0,10.899999999999977,Low,High,77504.0,0
L,297.6,308.6,1383,47.5,75,0,0,0,0,0,0,11.0,Low,Medium,65692.5,0
M,297.6,308.5,1360,48.6,77,0,0,0,0,0,0,10.899999999999977,Low,Medium,66096.0,0
M,297.5,308.4,1596,36.6,80,0,0,0,0,0,0,10.899999999999977,Low,Medium,58413.600000000006,0
L,297.5,308.5,1448,54.3,83,0,0,0,0,0,0,11.0,Low,High,78626.4,0
M,297.6,308.5,1443,38.2,85,0,0,0,0,0,0,10.899999999999977,Medium,Medium,55122.600000000006,0
M,297.6,308.6,1492,35.5,88,0,0,0,0,0,0,11.0,Medium,Medium,52966.0,0
L,297.5,308.6,1497,43.9,91,0,0,0,0,0,0,11.100000000000023,Medium,Medium,65718.3,0
L,297.5,308.5,1530,38.5,93,0,0,0,0,0,0,11.0,Medium,Medium,58905.0,0
M,297.4,308.4,1478,46.2,95,0,0,0,0,0,0,11.0,Medium,Medium,68283.6,0
L,297.4,308.4,1328,61.8,98,0,0,0,0,0,0,11.0,Medium,High,82070.4,0
H,297.4,308.3,1771,27.4,100,0,0,0,0,0,0,10.900000000000034,Medium,Low,48525.399999999994,0
M,297.4,308.4,1564,35.0,105,0,0,0,0,0,0,11.0,Medium,Medium,54740.0,0
H,297.3,308.3,1461,41.5,108,0,0,0,0,0,0,11.0,Medium,Medium,60631.5,0
M,297.4,308.3,1335,57.9,113,0,0,0,0,0,0,10.900000000000034,Medium,High,77296.5,0
M,297.4,308.4,1441,46.8,116,0,0,0,0,0,0,11.0,Medium,Medium,67438.8,0
L,297.3,308.3,1268,60.6,119,0,0,0,0,0,0,11.0,Medium,High,76840.8,0
M,297.3,308.3,1697,27.4,121,0,0,0,0,0,0,11.0,Medium,Low,46497.799999999996,0
L,297.4,308.4,1421,46.0,124,0,0,0,0,0,0,11.0,Medium,Medium,65366.0,0
L,297.4,308.5,1496,36.4,126,0,0,0,0,0,0,11.100000000000023,Medium,Medium,54454.4,0
L,297.5,308.5,1375,55.6,128,0,0,0,0,0,0,11.0,Medium,High,76450.0,0
L,297.4,308.5,1295,52.1,130,0,0,0,0,0,0,11.100000000000023,Medium,Medium,67469.5,0
L,297.4,308.5,1643,33.8,132,0,0,0,0,0,0,11.100000000000023,Medium,Medium,55533.399999999994,0
L,297.5,308.6,1514,36.9,134,0,0,0,0,0,0,11.100000000000023,Medium,Medium,55866.6,0
L,297.5,308.6,1671,29.4,136,0,0,0,0,0,0,11.100000000000023,Medium,Medium,49127.399999999994,0
H,297.5,308.6,1355,58.9,138,0,0,0,0,0,0,11.100000000000023,Medium,High,79809.5,0
L,297.6,308.7,1365,50.6,143,0,0,0,0,0,0,11.099999999999966,Medium,Medium,69069.0,0
L,297.5,308.7,1407,42.5,145,0,0,0,0,0,0,11.199999999999989,Medium,Medium,59797.5,0
M,297.5,308.8,1455,46.1,147,0,0,0,0,0,0,11.300000000000011,Medium,Medium,67075.5,0
L,297.5,308.8,1502,45.9,150,0,0,0,0,0,0,11.300000000000011,Medium,Medium,68941.8,0
M,297.5,308.8,1471,52.3,152,0,0,0,0,0,0,11.300000000000011,Medium,Medium,76933.3,0
L,297.5,308.9,1581,30.4,155,0,0,0,0,0,0,11.399999999999977,Medium,Medium,48062.399999999994,0
L,297.5,308.8,1530,37.8,157,0,0,0,0,0,0,11.300000000000011,Medium,Medium,57833.99999999999,0
L,297.5,308.8,1312,50.3,159,0,0,0,0,0,0,11.300000000000011,Medium,Medium,65993.59999999999,0
L,297.4,308.6,1494,42.6,161,0,0,0,0,0,0,11.200000000000045,Medium,Medium,63644.4,0
M,297.4,308.6,1528,29.1,163,0,0,0,0,0,0,11.200000000000045,Medium,Medium,44464.8,0
H,297.3,308.6,1688,29.4,166,0,0,0,0,0,0,11.300000000000011,Medium,Medium,49627.2,0
M,297.3,308.5,1520,42.4,171,0,0,0,0,0,0,11.199999999999989,High,Medium,64448.0,0
M,297.3,308.5,1664,28.9,174,0,0,0,0,0,0,11.199999999999989,High,Medium,48089.6,0
L,297.3,308.5,1514,44.5,177,0,0,0,0,0,0,11.199999999999989,High,Medium,67373.0,0
L,297.3,308.5,1456,54.2,179,0,0,0,0,0,0,11.199999999999989,High,High,78915.2,0
L,297.2,308.5,1494,39.6,181,0,0,0,0,0,0,11.300000000000011,High,Medium,59162.4,0
L,297.2,308.4,1605,30.0,183,0,0,0,0,0,0,11.199999999999989,High,Medium,48150.0,0
M,297.2,308.5,1353,46.5,185,0,0,0,0,0,0,11.300000000000011,High,Medium,62914.5,0
L,297.2,308.5,1447,47.9,188,0,0,0,0,0,0,11.300000000000011,High,Medium,69311.3,0
L,297.2,308.5,1588,40.4,190,0,0,0,0,0,0,11.300000000000011,High,Medium,64155.2,0
H,297.2,308.5,1524,41.4,192,0,0,0,0,0,0,11.300000000000011,High,Medium,63093.6,0
M,297.2,308.5,1611,31.6,197,0,0,0,0,0,0,11.300000000000011,High,Medium,50907.600000000006,0
M,297.2,308.5,1604,34.9,200,0,0,0,0,0,0,11.300000000000011,High,Medium,55979.6,1
L,297.1,308.5,1483,46.9,203,0,0,0,0,0,0,11.399999999999977,High,Medium,69552.7,1
L,297.1,308.4,1543,39.6,205,0,0,0,0,0,0,11.299999999999955,High,Medium,61102.8,1
L,297.1,308.5,1323,44.4,207,1,1,0,0,0,0,11.399999999999977,High,Medium,58741.2,1
L,297.1,308.5,1555,36.2,0,0,0,0,0,0,0,11.399999999999977,Low,Medium,56291.00000000001,0
L,297.1,308.4,1583,31.9,2,0,0,0,0,0,0,11.299999999999955,Low,Medium,50497.7,0
M,297.2,308.5,1584,40.0,4,0,0,0,0,0,0,11.300000000000011,Low,Medium,63360.0,0
L,297.2,308.5,1766,25.8,7,0,0,0,0,0,0,11.300000000000011,Low,Low,45562.8,0
M,297.2,308.6,1498,44.4,9,0,0,0,0,0,0,11.400000000000034,Low,Medium,66511.2,0
L,297.2,308.6,1413,49.8,12,0,0,0,0,0,0,11.400000000000034,Low,Medium,70367.4,0
L,297.3,308.6,1505,33.5,14,0,0,0,0,0,0,11.300000000000011,Low,Medium,50417.5,0
H,297.3,308.7,1438,46.2,16,0,0,0,0,0,0,11.399999999999977,Low,Medium,66435.6,0
M,297.3,308.7,1655,34.1,21,0,0,0,0,0,0,11.399999999999977,Low,Medium,56435.5,0
M,297.3,308.7,1451,43.8,24,0,0,0,0,0,0,11.399999999999977,Low,Medium,63553.799999999996,0
M,297.3,308.7,1466,38.4,27,0,0,0,0,0,0,11.399999999999977,Low,Medium,56294.4,0
L,297.2,308.6,1774,23.0,30,0,0,0,0,0,0,11.400000000000034,Low,Low,40802.0,0
M,297.2,308.6,1284,51.3,32,0,0,0,0,0,0,11.400000000000034,Low,Medium,65869.2,0
L,297.1,308.5,1425,40.0,35,0,0,0,0,0,0,11.399999999999977,Low,Medium,57000.0,0
L,297.2,308.6,1437,52.4,37,0,0,0,0,0,0,11.400000000000034,Low,High,75298.8,0
L,297.2,308.6,1335,53.0,39,0,0,0,0,0,0,11.400000000000034,Low,High,70755.0,0
L,297.2,308.5,1471,41.7,41,0,0,0,0,0,0,11.300000000000011,Low,Medium,61340.700000000004,0
M,297.2,308.5,1364,54.0,43,0,0,0,0,0,0,11.300000000000011,Low,High,73656.0,0
L,297.1,308.5,1578,35.6,46,0,0,0,0,0,0,11.399999999999977,Low,Medium,56176.8,0
L,297.1,308.5,1712,32.1,48,0,0,0,0,0,0,11.399999999999977,Low,Medium,54955.200000000004,0
L,297.1,308.5,1733,28.7,50,0,0,0,0,0,0,11.399999999999977,Low,Medium,49737.1,0
L,297.2,308.6,1652,32.1,52,0,0,0,0,0,0,11.400000000000034,Low,Medium,53029.200000000004,0
L,297.2,308.6,1917,24.1,54,0,0,0,0,0,0,11.400000000000034,Low,Low,46199.700000000004,0
M,297.2,308.6,1444,41.1,56,0,0,0,0,0,0,11.400000000000034,Low,Medium,59348.4,0
L,297.1,308.6,1442,37.1,59,0,0,0,0,0,0,11.5,Low,Medium,53498.200000000004,0
M,297.1,308.6,1717,31.3,61,0,0,0,0,0,0,11.5,Low,Medium,53742.1,0
L,297.1,308.7,1474,42.3,64,0,0,0,0,0,0,11.599999999999966,Low,Medium,62350.2,0
L,297.2,308.7,1509,39.3,66,0,0,0,0,0,0,11.5,Low,Medium,59303.7,0
L,297.2,308.8,1451,43.1,68,0,0,0,0,0,0,11.600000000000023,Low,Medium,62538.1,0
L,297.3,308.8,1554,36.1,70,0,0,0,0,0,0,11.5,Low,Medium,56099.4,0
L,297.2,308.7,1669,30.7,72,0,0,0,0,0,0,11.5,Low,Medium,51238.299999999996,0
L,297.2,308.6,1366,50.4,74,0,0,0,0,0,0,11.400000000000034,Low,Medium,68846.4,0
L,297.2,308.6,1578,34.4,76,0,0,0,0,0,0,11.400000000000034,Low,Medium,54283.2,0
M,297.2,308.6,1513,39.0,78,0,0,0,0,0,0,11.400000000000034,Low,Medium,59007.0,0
M,297.1,308.5,1515,42.1,81,0,0,0,0,0,0,11.399999999999977,Low,Medium,63781.5,0
L,297.2,308.6,1562,33.0,84,0,0,0,0,0,0,11.400000000000034,Low,Medium,51546.0,0
L,297.2,308.7,1501,38.5,86,0,0,0,0,0,0,11.5,Medium,Medium,57788.5,0
M,297.2,308.7,1398,38.1,88,0,0,0,0,0,0,11.5,Medium,Medium,53263.8,0
L,297.3,308.7,1352,53.8,91,0,0,0,0,0,0,11.399999999999977,Medium,High,72737.59999999999,0
H,297.3,308.7,1569,33.9,93,0,0,0,0,0,0,11.399999999999977,Medium,Medium,53189.1,0
H,297.2,308.6,1486,46.6,98,0,0,0,0,0,0,11.400000000000034,Medium,Medium,69247.6,0
L,297.2,308.6,1864,23.6,103,0,0,0,0,0,0,11.400000000000034,Medium,Low,43990.4,0
M,297.3,308.7,1447,44.5,105,0,0,0,0,0,0,11.399999999999977,Medium,Medium,64391.5,0
L,297.2,308.6,1392,41.5,108,0,0,0,0,0,0,11.400000000000034,Medium,Medium,57768.0,0
L,297.3,308.6,1358,47.6,110,0,0,0,0,0,0,11.300000000000011,Medium,Medium,64640.8,0
L,297.3,308.7,1491,40.2,112,0,0,0,0,0,0,11.399999999999977,Medium,Medium,59938.200000000004,0
L,297.3,308.7,1556,36.7,114,0,0,0,0,0,0,11.399999999999977,Medium,Medium,57105.200000000004,0
L,297.3,308.7,1531,36.7,116,0,0,0,0,0,0,11.399999999999977,Medium,Medium,56187.700000000004,0
H,297.4,308.7,1429,37.6,118,0,0,0,0,0,0,11.300000000000011,Medium,Medium,53730.4,0
M,297.4,308.8,1573,33.9,123,0,0,0,0,0,0,11.400000000000034,Medium,Medium,53324.7,0
L,297.4,308.8,1538,41.2,126,0,0,0,0,0,0,11.400000000000034,Medium,Medium,63365.600000000006,0
L,297.4,308.8,1467,39.0,128,0,0,0,0,0,0,11.400000000000034,Medium,Medium,57213.0,0
H,297.4,308.7,1323,51.1,130,0,0,0,0,0,0,11.300000000000011,Medium,Medium,67605.3,0
M,297.4,308.7,1798,23.0,135,0,0,0,0,0,0,11.300000000000011,Medium,Low,41354.0,0
L,297.4,308.6,1411,46.3,138,0,0,0,0,0,0,11.200000000000045,Medium,Medium,65329.299999999996,0
L,297.3,308.5,1528,44.5,140,0,0,0,0,0,0,11.199999999999989,Medium,Medium,67996.0,0
L,297.3,308.5,1504,42.0,142,0,0,0,0,0,0,11.199999999999989,Medium,Medium,63168.0,0
L,297.3,308.5,1384,39.6,144,0,0,0,0,0,0,11.199999999999989,Medium,Medium,54806.4,0
L,297.2,308.4,1677,26.4,146,0,0,0,0,0,0,11.199999999999989,Medium,Low,44272.799999999996,0
L,297.3,308.5,1764,30.8,148,0,0,0,0,0,0,11.199999999999989,Medium,Medium,54331.200000000004,0
M,297.4,308.5,1472,42.0,150,0,0,0,0,0,0,11.100000000000023,Medium,Medium,61824.0,0
M,297.4,308.5,1465,55.9,153,0,0,0,0,0,0,11.100000000000023,Medium,High,81893.5,0
M,297.4,308.6,1657,33.1,156,0,0,0,0,0,0,11.200000000000045,Medium,Medium,54846.700000000004,0
L,297.4,308.6,1635,30.5,159,0,0,0,0,0,0,11.200000000000045,Medium,Medium,49867.5,0
M,297.4,308.7,1582,31.9,161,0,0,0,0,0,0,11.300000000000011,Medium,Medium,50465.799999999996,0
L,297.5,308.7,1761,26.2,164,0,0,0,0,0,0,11.199999999999989,Medium,Low,46138.2,0
L,297.5,308.8,1587,34.9,166,0,0,0,0,0,0,11.300000000000011,Medium,Medium,55386.299999999996,0
M,297.5,308.7,1446,53.0,168,0,0,0,0,0,0,11.199999999999989,Medium,High,76638.0,0
M,297.5,308.7,1352,53.0,171,0,0,0,0,0,0,11.199999999999989,High,High,71656.0,0
M,297.4,308.7,1392,46.4,174,0,0,0,0,0,0,11.300000000000011,High,Medium,64588.799999999996,0
L,297.5,308.8,1417,49.8,177,0,0,0,0,0,0,11.300000000000011,High,Medium,70566.59999999999,0
H,297.5,308.8,1824,24.0,179,0,0,0,0,0,0,11.300000000000011,High,Low,43776.0,0
L,297.5,308.8,1603,36.7,184,0,0,0,0,0,0,11.300000000000011,High,Medium,58830.100000000006,0
L,297.4,308.8,1620,33.4,186,0,0,0,0,0,0,11.400000000000034,High,Medium,54108.0,0
L,297.4,308.8,1353,49.4,188,0,0,0,0,0,0,11.400000000000034,High,Medium,66838.2,0
L,297.5,308.8,1360,50.7,190,0,0,0,0,0,0,11.300000000000011,High,Medium,68952.0,0
L,297.5,308.6,1380,53.5,192,0,0,0,0,0,0,11.100000000000023,High,High,73830.0,0
M,297.5,308.7,1363,53.6,194,0,0,0,0,0,0,11.199999999999989,High,High,73056.8,0
M,297.4,308.6,1452,41.2,197,0,0,0,0,0,0,11.200000000000045,High,Medium,59822.4,0
L,297.4,308.6,1680,32.8,200,0,0,0,0,0,0,11.200000000000045,High,Medium,55103.99999999999,1
L,297.5,308.6,1536,39.0,202,0,0,0,0,0,0,11.100000000000023,High,Medium,59904.0,1
L,297.5,308.6,1621,28.9,0,0,0,0,0,0,0,11.100000000000023,Low,Medium,46846.899999999994,0
L,297.5,308.6,1585,37.6,2,0,0,0,0,0,0,11.100000000000023,Low,Medium,59596.0,0
M,297.6,308.7,1408,51.5,4,0,0,0,0,0,0,11.099999999999966,Low,Medium,72512.0,0
H,297.5,308.6,1536,38.7,7,0,0,0,0,0,0,11.100000000000023,Low,Medium,59443.200000000004,0
L,297.5,308.6,1352,52.6,12,0,0,0,0,0,0,11.100000000000023,Low,High,71115.2,0
H,297.5,308.6,1481,38.8,14,0,0,0,0,0,0,11.100000000000023,Low,Medium,57462.799999999996,0
L,297.5,308.7,1454,45.0,19,0,0,0,0,0,0,11.199999999999989,Low,Medium,65430.0,0
M,297.5,308.6,1349,51.5,21,0,0,0,0,0,0,11.100000000000023,Low,Medium,69473.5,0
M,297.5,308.6,1327,52.1,24,0,0,0,0,0,0,11.100000000000023,Low,Medium,69136.7,0
L,297.6,308.7,1552,42.3,27,0,0,0,0,0,0,11.099999999999966,Low,Medium,65649.59999999999,0
L,297.5,308.7,1456,44.7,29,0,0,0,0,0,0,11.199999999999989,Low,Medium,65083.200000000004,0
M,297.6,308.6,1254,45.8,31,0,0,0,0,0,0,11.0,Low,Medium,57433.2,0
L,297.5,308.6,1437,43.3,34,0,0,0,0,0,0,11.100000000000023,Low,Medium,62222.1,0
L,297.5,308.6,1694,27.1,36,0,0,0,0,0,0,11.100000000000023,Low,Low,45907.4,0
L,297.5,308.5,1306,50.7,38,0,0,0,0,0,0,11.0,Low,Medium,66214.2,0
M,297.5,308.5,1699,30.1,40,0,0,0,0,0,0,11.0,Low,Medium,51139.9,0
L,297.4,308.5,1369,53.2,43,0,0,0,0,0,0,11.100000000000023,Low,High,72830.8,0
L,297.4,308.5,1471,43.9,45,0,0,0,0,0,0,11.100000000000023,Low,Medium,64576.9,0
L,297.4,308.5,1410,43.9,47,0,0,0,0,0,0,11.100000000000023,Low,Medium,61899.0,0
M,297.4,308.5,1412,45.5,49,0,0,0,0,0,0,11.100000000000023,Low,Medium,64246.0,0
L,297.4,308.5,1418,51.2,52,0,0,0,0,0,0,11.100000000000023,Low,Medium,72601.6,0
L,297.4,308.5,1782,25.9,54,0,0,0,0,0,0,11.100000000000023,Low,Low,46153.799999999996,0
M,297.4,308.5,1497,36.4,56,0,0,0,0,0,0,11.100000000000023,Low,Medium,54490.799999999996,0
L,297.3,308.4,1459,39.4,59,0,0,0,0,0,0,11.099999999999966,Low,Medium,57484.6,0
L,297.2,308.3,1796,23.8,61,0,0,0,0,0,0,11.100000000000023,Low,Low,42744.8,0
L,297.2,308.3,1569,31.2,63,0,0,0,0,0,0,11.100000000000023,Low,Medium,48952.799999999996,0
L,297.3,308.4,1469,46.7,65,0,0,0,0,0,0,11.099999999999966,Low,Medium,68602.3,0
L,297.3,308.4,1472,41.3,67,0,0,0,0,0,0,11.099999999999966,Low,Medium,60793.6,0
L,297.4,308.5,1475,47.2,69,0,0,0,0,0,0,11.100000000000023,Low,Medium,69620.0,0
L,297.4,308.6,1488,36.4,71,0,0,0,0,0,0,11.200000000000045,Low,Medium,54163.2,0
L,297.4,308.6,1524,43.1,73,0,0,0,0,0,0,11.200000000000045,Low,Medium,65684.40000000001,0
L,297.4,308.5,1486,48.6,75,0,0,0,0,0,0,11.100000000000023,Low,Medium,72219.6,0
M,297.5,308.6,1255,60.7,77,0,0,0,0,0,0,11.100000000000023,Low,High,76178.5,0
M,297.4,308.6,1469,42.6,80,0,0,0,0,0,0,11.200000000000045,Low,Medium,62579.4,0
L,297.4,308.5,1692,34.3,83,0,0,0,0,0,0,11.100000000000023,Low,Medium,58035.6,0
M,297.4,308.6,1604,32.8,85,0,0,0,0,0,0,11.200000000000045,Medium,Medium,52611.2,0
L,297.4,308.6,1446,48.1,88,0,0,0,0,0,0,11.200000000000045,Medium,Medium,69552.6,0
L,297.3,308.5,1503,43.3,90,0,0,0,0,0,0,11.199999999999989,Medium,Medium,65079.899999999994,0
M,297.3,308.5,1625,32.8,92,0,0,0,0,0,0,11.199999999999989,Medium,Medium,53299.99999999999,0
L,297.2,308.5,1574,35.8,95,0,0,0,0,0,0,11.300000000000011,Medium,Medium,56349.2,0
M,297.2,308.4,1378,41.9,97,0,0,0,0,0,0,11.199999999999989,Medium,Medium,57738.2,0
L,297.1,308.4,1693,29.5,100,0,0,0,0,0,0,11.299999999999955,Medium,Medium,49943.5,0
L,297.2,308.4,1462,51.2,102,0,0,0,0,0,0,11.199999999999989,Medium,Medium,74854.40000000001,0
H,297.3,308.5,1435,55.0,104,0,0,0,0,0,0,11.199999999999989,Medium,High,78925.0,0
M,297.2,308.5,1425,45.8,109,0,0,0,0,0,0,11.300000000000011,Medium,Medium,65264.99999999999,0
H,297.3,308.6,1376,53.5,112,0,0,0,0,0,0,11.300000000000011,Medium,High,73616.0,0
M,297.4,308.7,1481,48.0,117,0,0,0,0,0,0,11.300000000000011,Medium,Medium,71088.0,0
H,297.4,308.7,1349,48.9,120,0,0,0,0,0,0,11.300000000000011,Medium,Medium,65966.09999999999,0
L,297.3,308.7,1551,40.0,125,0,0,0,0,0,0,11.399999999999977,Medium,Medium,62040.0,0
H,297.4,308.7,1623,33.8,127,0,0,0,0,0,0,11.300000000000011,Medium,Medium,54857.399999999994,0
L,297.4,308.8,1462,49.7,132,0,0,0,0,0,0,11.400000000000034,Medium,Medium,72661.40000000001,0
M,297.3,308.8,1447,57.4,134,0,0,0,0,0,0,11.5,Medium,High,83057.8,0
M,297.3,308.9,1799,24.5,137,0,0,0,0,0,0,11.599999999999966,Medium,Low,44075.5,0
M,297.3,308.8,1548,41.3,140,0,0,0,0,0,0,11.5,Medium,Medium,63932.399999999994,0
M,297.2,308.8,1485,47.9,143,0,0,0,0,0,0,11.600000000000023,Medium,Medium,71131.5,0
L,297.2,308.7,1463,49.9,146,0,0,0,0,0,0,11.5,Medium,Medium,73003.7,0
L,297.3,308.7,1587,35.8,148,0,0,0,0,0,0,11.399999999999977,Medium,Medium,56814.6,0
M,297.3,308.8,1469,44.1,150,0,0,0,0,0,0,11.5,Medium,Medium,64782.9,0
H,297.3,308.7,1430,42.8,153,0,0,0,0,0,0,11.399999999999977,Medium,Medium,61203.99999999999,0
H,297.4,308.7,1726,26.8,158,0,0,0,0,0,0,11.300000000000011,Medium,Low,46256.8,0
L,297.4,308.8,1651,34.1,163,0,0,0,0,0,0,11.400000000000034,Medium,Medium,56299.100000000006,0
L,297.4,308.8,1529,41.3,165,0,0,0,0,0,0,11.400000000000034,Medium,Medium,63147.7,0
L,297.4,308.8,1473,46.2,167,0,0,0,0,0,0,11.400000000000034,Medium,Medium,68052.6,0
H,297.4,308.8,1324,53.5,169,0,0,0,0,0,0,11.400000000000034,High,High,70834.0,0
L,297.4,308.9,1708,28.8,174,0,0,0,0,0,0,11.5,High,Medium,49190.4,0
M,297.5,309.1,1540,38.5,176,0,0,0,0,0,0,11.600000000000023,High,Medium,59290.0,0
L,297.5,309.0,1320,54.7,179,0,0,0,0,0,0,11.5,High,High,72204.0,0
M,297.4,308.9,1376,39.0,181,0,0,0,0,0,0,11.5,High,Medium,53664.0,0
M,297.3,308.7,1542,37.0,184,0,0,0,0,0,0,11.399999999999977,High,Medium,57054.0,0
L,297.3,308.7,1506,39.3,187,0,0,0,0,0,0,11.399999999999977,High,Medium,59185.799999999996,0
L,297.3,308.7,1492,43.6,189,0,0,0,0,0,0,11.399999999999977,High,Medium,65051.200000000004,0
H,297.3,308.8,1564,38.0,191,0,0,0,0,0,0,11.5,High,Medium,59432.0,0
H,297.4,308.9,1645,30.8,196,0,0,0,0,0,0,11.5,High,Medium,50666.0,0
M,297.4,308.9,1348,59.1,201,0,0,0,0,0,0,11.5,High,High,79666.8,1
M,297.4,308.8,1325,62.4,204,1,1,0,0,1,0,11.400000000000034,High,High,82680.0,1
L,297.5,308.9,1443,43.5,0,0,0,0,0,0,0,11.399999999999977,Low,Medium,62770.5,0
M,297.5,308.9,1436,44.8,2,0,0,0,0,0,0,11.399999999999977,Low,Medium,64332.799999999996,0
L,297.5,308.9,1596,30.7,5,0,0,0,0,0,0,11.399999999999977,Low,Medium,48997.2,0
L,297.6,309.0,1491,43.2,7,0,0,0,0,0,0,11.399999999999977,Low,Medium,64411.200000000004,0
M,297.7,308.9,1573,35.1,9,0,0,0,0,0,0,11.199999999999989,Low,Medium,55212.3,0
L,297.7,308.9,1575,39.9,12,0,0,0,0,0,0,11.199999999999989,Low,Medium,62842.5,0
L,297.7,308.9,1458,41.1,14,0,0,0,0,0,0,11.199999999999989,Low,Medium,59923.8,0
M,297.7,309.0,1433,41.8,16,0,0,0,0,0,0,11.300000000000011,Low,Medium,59899.399999999994,0
L,297.7,308.9,1662,28.1,19,0,0,0,0,0,0,11.199999999999989,Low,Medium,46702.200000000004,0
M,297.7,308.9,1327,63.7,21,0,0,0,0,0,0,11.199999999999989,Low,High,84529.90000000001,0
L,297.7,308.9,1742,26.3,24,0,0,0,0,0,0,11.199999999999989,Low,Low,45814.6,0
L,297.8,308.9,1506,33.5,26,0,0,0,0,0,0,11.099999999999966,Low,Medium,50451.0,0
L,297.9,309.1,1457,44.4,28,0,0,0,0,0,0,11.200000000000045,Low,Medium,64690.799999999996,0
M,297.9,309.1,1488,37.3,30,0,0,0,0,0,0,11.200000000000045,Low,Medium,55502.399999999994,0
L,297.9,309.1,1619,34.7,33,0,0,0,0,0,0,11.200000000000045,Low,Medium,56179.3,0
M,298.0,309.2,1558,41.7,35,0,0,0,0,0,0,11.199999999999989,Low,Medium,64968.600000000006,0
L,298.0,309.2,1731,28.7,38,0,0,0,0,0,0,11.199999999999989,Low,Medium,49679.7,0
M,298.0,309.1,1574,34.8,40,0,0,0,0,0,0,11.100000000000023,Low,Medium,54775.2,0
L,297.9,309.0,1290,49.8,43,0,0,0,0,0,0,11.100000000000023,Low,Medium,64241.99999999999,0
H,297.9,308.9,1416,39.6,45,0,0,0,0,0,0,11.0,Low,Medium,56073.6,0
L,297.9,308.9,1566,41.9,50,0,0,0,0,0,0,11.0,Low,Medium,65615.4,0
L,297.9,309.0,1456,46.5,52,0,0,0,0,0,0,11.100000000000023,Low,Medium,67704.0,0
L,297.9,309.0,1528,37.5,54,0,0,0,0,0,0,11.100000000000023,Low,Medium,57300.0,0
M,297.9,309.1,1338,49.6,56,0,0,0,0,0,0,11.200000000000045,Low,Medium,66364.8,0
M,297.9,309.1,1558,39.2,59,0,0,0,0,0,0,11.200000000000045,Low,Medium,61073.600000000006,0
M,297.9,309.1,1614,38.1,62,0,0,0,0,0,0,11.200000000000045,Low,Medium,61493.4,0
H,298.0,309.1,1557,36.4,65,0,0,0,0,0,0,11.100000000000023,Low,Medium,56674.799999999996,0
L,298.1,309.3,1443,45.3,70,0,0,0,0,0,0,11.199999999999989,Low,Medium,65367.899999999994,0
H,298.1,309.3,1332,51.0,72,0,0,0,0,0,0,11.199999999999989,Low,Medium,67932.0,0
M,298.1,309.3,1752,25.2,77,0,0,0,0,0,0,11.199999999999989,Low,Low,44150.4,0
M,298.1,309.2,1460,45.8,80,0,0,0,0,0,0,11.099999999999966,Low,Medium,66868.0,0
L,298.1,309.2,1802,26.9,83,0,0,0,0,0,0,11.099999999999966,Low,Low,48473.799999999996,0
L,298.0,309.2,1527,39.5,85,0,0,0,0,0,0,11.199999999999989,Medium,Medium,60316.5,0
L,298.0,309.2,1458,39.8,87,0,0,0,0,0,0,11.199999999999989,Medium,Medium,58028.399999999994,0
H,298.0,309.2,1520,37.9,89,0,0,0,0,0,0,11.199999999999989,Medium,Medium,57608.0,0
L,298.0,309.2,1378,49.7,94,0,0,0,0,0,0,11.199999999999989,Medium,Medium,68486.6,0
M,297.9,309.2,1529,38.1,96,0,0,0,0,0,0,11.300000000000011,Medium,Medium,58254.9,0
L,298.0,309.2,1527,32.4,99,0,0,0,0,0,0,11.199999999999989,Medium,Medium,49474.799999999996,0
M,298.0,309.2,1438,42.9,101,0,0,0,0,0,0,11.199999999999989,Medium,Medium,61690.2,0
L,297.9,309.0,1583,36.7,104,0,0,0,0,0,0,11.100000000000023,Medium,Medium,58096.100000000006,0
L,297.8,308.9,1530,37.6,106,0,0,0,0,0,0,11.099999999999966,Medium,Medium,57528.0,0
M,297.7,308.9,1530,39.1,108,0,0,0,0,0,0,11.199999999999989,Medium,Medium,59823.0,0
M,297.7,308.8,2089,19.1,111,0,0,0,0,0,0,11.100000000000023,Medium,Low,39899.9,0
L,297.7,308.8,1616,34.2,114,0,0,0,0,0,0,11.100000000000023,Medium,Medium,55267.200000000004,0
M,297.7,308.9,1681,28.3,116,0,0,0,0,0,0,11.199999999999989,Medium,Medium,47572.3,0
L,297.6,308.8,1475,43.0,119,0,0,0,0,0,0,11.199999999999989,Medium,Medium,63425.0,0
L,297.5,308.7,1371,46.5,121,0,0,0,0,0,0,11.199999999999989,Medium,Medium,63751.5,0
M,297.5,308.7,1546,38.0,123,0,0,0,0,0,0,11.199999999999989,Medium,Medium,58748.0,0
H,297.4,308.6,1461,40.1,126,0,0,0,0,0,0,11.200000000000045,Medium,Medium,58586.1,0
L,297.4,308.7,1638,31.9,131,0,0,0,0,0,0,11.300000000000011,Medium,Medium,52252.2,0
M,297.3,308.7,1577,35.6,133,0,0,0,0,0,0,11.399999999999977,Medium,Medium,56141.200000000004,0
L,297.4,308.6,1532,38.7,136,0,0,0,0,0,0,11.200000000000045,Medium,Medium,59288.4,0
M,297.3,308.5,1710,27.7,138,0,0,0,0,0,0,11.199999999999989,Medium,Low,47367.0,0
M,297.3,308.6,1584,29.4,141,0,0,0,0,0,0,11.300000000000011,Medium,Medium,46569.6,0
L,297.3,308.6,1446,50.1,144,0,0,0,0,0,0,11.300000000000011,Medium,Medium,72444.6,0
H,297.4,308.7,1522,46.3,146,0,0,0,0,0,0,11.300000000000011,Medium,Medium,70468.59999999999,0
M,297.4,308.7,1382,49.9,151,0,0,0,0,0,0,11.300000000000011,Medium,Medium,68961.8,0
L,297.4,308.7,1584,38.2,154,0,0,0,0,0,0,11.300000000000011,Medium,Medium,60508.8,0
L,297.3,308.6,1385,55.2,156,0,0,0,0,0,0,11.300000000000011,Medium,High,76452.0,0
L,297.3,308.7,1592,34.4,158,0,0,0,0,0,0,11.399999999999977,Medium,Medium,54764.799999999996,0
M,297.2,308.6,1404,43.7,160,0,0,0,0,0,0,11.400000000000034,Medium,Medium,61354.8,0
L,297.2,308.5,1518,44.3,163,0,0,0,0,0,0,11.300000000000011,Medium,Medium,67247.4,0
L,297.1,308.4,1529,40.4,165,0,0,0,0,0,0,11.299999999999955,Medium,Medium,61771.6,0
L,297.1,308.4,1550,37.0,167,0,0,0,0,0,0,11.299999999999955,Medium,Medium,57350.0,0
L,297.1,308.3,1773,23.8,169,0,0,0,0,0,0,11.199999999999989,High,Low,42197.4,0
L,297.2,308.5,1446,43.7,171,0,0,0,0,0,0,11.300000000000011,High,Medium,63190.200000000004,0
M,297.2,308.5,1487,46.9,173,0,0,0,0,0,0,11.300000000000011,High,Medium,69740.3,0
M,297.3,308.5,1524,49.3,176,0,0,0,0,0,0,11.199999999999989,High,Medium,75133.2,0
L,297.1,308.3,1403,54.1,179,0,0,0,0,0,0,11.199999999999989,High,High,75902.3,0
L,297.1,308.2,2267,15.7,181,0,0,0,0,0,0,11.099999999999966,High,Low,35591.9,0
M,297.1,308.2,1529,37.9,183,0,0,0,0,0,0,11.099999999999966,High,Medium,57949.1,0
L,297.1,308.2,1402,51.2,186,0,0,0,0,0,0,11.099999999999966,High,Medium,71782.40000000001,0
L,297.2,308.3,1693,28.0,188,0,0,0,0,0,0,11.100000000000023,High,Low,47404.0,0
L,297.1,308.3,1496,45.8,190,0,0,0,0,0,0,11.199999999999989,High,Medium,68516.8,0
L,297.1,308.1,1633,33.3,192,0,0,0,0,0,0,11.0,High,Medium,54378.899999999994,0
L,297.1,308.2,1399,42.6,194,0,0,0,0,0,0,11.099999999999966,High,Medium,59597.4,0
M,297.0,308.1,1363,45.3,196,0,0,0,0,0,0,11.100000000000023,High,Medium,61743.899999999994,0
H,297.1,308.2,1527,42.2,199,0,0,0,0,0,0,11.099999999999966,High,Medium,64439.4,0
M,297.2,308.2,1405,42.5,204,0,0,0,0,0,0,11.0,High,Medium,59712.5,1
M,297.3,308.3,1459,59.6,207,1,0,0,1,1,0,11.0,High,High,86956.40000000001,1
M,297.4,308.4,1789,25.0,210,0,0,0,0,0,0,11.0,High,Low,44725.0,1
L,297.4,308.4,1531,41.5,213,0,0,0,0,0,0,11.0,High,Medium,63536.5,1
M,297.4,308.4,1620,35.8,215,0,0,0,0,0,0,11.0,High,Medium,57995.99999999999,1
L,297.4,308.4,1571,39.4,0,0,0,0,0,0,0,11.0,Low,Medium,61897.399999999994,0
L,297.4,308.4,1434,39.9,2,0,0,0,0,0,0,11.0,Low,Medium,57216.6,0
L,297.4,308.4,1474,43.6,4,0,0,0,0,0,0,11.0,Low,Medium,64266.4,0
M,297.3,308.3,1544,41.7,6,0,0,0,0,0,0,11.0,Low,Medium,64384.8,0
L,297.3,308.2,1601,35.7,9,0,0,0,0,0,0,10.899999999999977,Low,Medium,57155.700000000004,0
L,297.4,308.3,1801,26.9,11,0,0,0,0,0,0,10.900000000000034,Low,Low,48446.899999999994,0
L,297.4,308.3,1465,42.0,13,0,0,0,0,0,0,10.900000000000034,Low,Medium,61530.0,0
M,297.4,308.4,1340,52.6,15,0,0,0,0,0,0,11.0,Low,High,70484.0,0
M,297.4,308.4,1517,41.0,18,0,0,0,0,0,0,11.0,Low,Medium,62197.0,0
M,297.3,308.4,1434,44.8,21,0,0,0,0,0,0,11.099999999999966,Low,Medium,64243.2,0
H,297.3,308.3,1935,19.3,24,0,0,0,0,0,0,11.0,Low,Low,37345.5,0
M,297.3,308.3,1595,32.2,29,0,0,0,0,0,0,11.0,Low,Medium,51359.00000000001,0
L,297.3,308.3,2188,17.0,32,0,0,0,0,0,0,11.0,Low,Low,37196.0,0
M,297.3,308.4,1449,44.4,34,0,0,0,0,0,0,11.099999999999966,Low,Medium,64335.6,0
L,297.3,308.3,1471,38.2,37,0,0,0,0,0,0,11.0,Low,Medium,56192.200000000004,0
L,297.4,308.2,1639,33.8,39,0,0,0,0,0,0,10.800000000000011,Low,Medium,55398.2,0
M,297.3,308.2,1846,24.5,41,0,0,0,0,0,0,10.899999999999977,Low,Low,45227.0,0
M,297.3,308.2,1452,38.2,44,0,0,0,0,0,0,10.899999999999977,Low,Medium,55466.4,0
M,297.4,308.3,1483,41.9,47,0,0,0,0,0,0,10.900000000000034,Low,Medium,62137.7,0
L,297.4,308.3,1284,60.3,50,0,0,0,0,0,0,10.900000000000034,Low,High,77425.2,0
L,297.4,308.2,1419,50.0,52,0,0,0,0,0,0,10.800000000000011,Low,Medium,70950.0,0
L,297.3,308.1,1763,28.4,54,0,0,0,0,0,0,10.800000000000011,Low,Medium,50069.2,0
M,297.2,308.0,1478,42.5,56,0,0,0,0,0,0,10.800000000000011,Low,Medium,62815.0,0
L,297.3,308.0,1518,36.0,59,0,0,0,0,0,0,10.699999999999989,Low,Medium,54648.0,0
L,297.3,308.0,1447,49.0,61,0,0,0,0,0,0,10.699999999999989,Low,Medium,70903.0,0
M,297.4,308.0,1355,55.1,63,0,0,0,0,0,0,10.600000000000023,Low,High,74660.5,0
L,297.4,308.1,1348,57.4,66,0,0,0,0,0,0,10.700000000000045,Low,High,77375.2,0
L,297.4,308.1,1348,53.7,68,0,0,0,0,0,0,10.700000000000045,Low,High,72387.6,0
M,297.4,308.1,1734,27.7,70,0,0,0,0,0,0,10.700000000000045,Low,Low,48031.799999999996,0
L,297.3,308.0,1420,46.5,73,0,0,0,0,0,0,10.699999999999989,Low,Medium,66030.0,0
L,297.3,307.9,1797,24.7,75,0,0,0,0,0,0,10.599999999999966,Low,Low,44385.9,0
M,297.3,308.0,1403,45.0,77,0,0,0,0,0,0,10.699999999999989,Low,Medium,63135.0,0
L,297.3,307.9,1628,30.2,80,0,0,0,0,0,0,10.599999999999966,Low,Medium,49165.6,0
M,297.2,307.9,1687,30.4,82,0,0,0,0,0,0,10.699999999999989,Low,Medium,51284.799999999996,0
M,297.2,307.9,1456,44.9,85,0,0,0,0,0,0,10.699999999999989,Medium,Medium,65374.4,0
L,297.1,307.9,1496,44.7,88,0,0,0,0,0,0,10.799999999999955,Medium,Medium,66871.2,0
L,297.1,307.8,1636,30.3,90,0,0,0,0,0,0,10.699999999999989,Medium,Medium,49570.8,0
L,297.1,307.8,1536,40.4,92,0,0,0,0,0,0,10.699999999999989,Medium,Medium,62054.399999999994,0
L,297.1,307.8,1454,50.6,94,0,0,0,0,0,0,10.699999999999989,Medium,Medium,73572.40000000001,0
L,297.0,307.8,1396,50.0,96,0,0,0,0,0,0,10.800000000000011,Medium,Medium,69800.0,0
L,297.0,307.6,1575,37.4,98,0,0,0,0,0,0,10.600000000000023,Medium,Medium,58905.0,0
L,296.9,307.6,1514,35.7,100,0,0,0,0,0,0,10.700000000000045,Medium,Medium,54049.8,0
M,296.8,307.4,1455,49.9,102,0,0,0,0,0,0,10.599999999999966,Medium,Medium,72604.5,0
L,296.8,307.4,1549,48.3,105,0,0,0,0,0,0,10.599999999999966,Medium,Medium,74816.7,0
L,296.8,307.5,1474,42.4,107,0,0,0,0,0,0,10.699999999999989,Medium,Medium,62497.6,0
H,296.7,307.4,1661,34.2,109,0,0,0,0,0,0,10.699999999999989,Medium,Medium,56806.200000000004,0
L,296.7,307.4,1535,34.6,114,0,0,0,0,0,0,10.699999999999989,Medium,Medium,53111.0,0
M,296.9,307.5,1556,31.2,116,0,0,0,0,0,0,10.600000000000023,Medium,Medium,48547.2,0
L,296.9,307.6,1435,45.0,119,0,0,0,0,0,0,10.700000000000045,Medium,Medium,64575.0,0
M,296.9,307.5,1332,51.1,121,0,0,0,0,0,0,10.600000000000023,Medium,Medium,68065.2,0
L,297.0,307.6,1513,42.4,124,0,0,0,0,0,0,10.600000000000023,Medium,Medium,64151.2,0
L,297.0,307.7,1502,39.4,126,0,0,0,0,0,0,10.699999999999989,Medium,Medium,59178.799999999996,0
L,297.0,307.7,1315,60.1,128,0,0,0,0,0,0,10.699999999999989,Medium,High,79031.5,0
M,297.0,307.7,1261,51.1,130,0,0,0,0,0,0,10.699999999999989,Medium,Medium,64437.1,0
L,297.1,307.8,1406,60.4,133,0,0,0,0,0,0,10.699999999999989,Medium,High,84922.4,0
L,297.1,307.8,1584,42.3,135,0,0,0,0,0,0,10.699999999999989,Medium,Medium,67003.2,0
M,297.1,307.8,1443,43.9,137,0,0,0,0,0,0,10.699999999999989,Medium,Medium,63347.7,0
L,297.2,307.9,1580,35.8,140,0,0,0,0,0,0,10.699999999999989,Medium,Medium,56563.99999999999,0
L,297.2,307.9,1825,24.6,142,0,0,0,0,0,0,10.699999999999989,Medium,Low,44895.0,0
L,297.2,307.9,1469,48.2,144,0,0,0,0,0,0,10.699999999999989,Medium,Medium,70805.8,0
L,297.2,307.9,1493,38.4,146,0,0,0,0,0,0,10.699999999999989,Medium,Medium,57331.2,0
M,297.3,308.0,1598,29.4,148,0,0,0,0,0,0,10.699999999999989,Medium,Medium,46981.2,0
H,297.2,307.9,1450,37.2,151,0,0,0,0,0,0,10.699999999999989,Medium,Medium,53940.00000000001,0
M,297.2,307.9,1632,37.5,156,0,0,0,0,0,0,10.699999999999989,Medium,Medium,61200.0,0
M,297.1,307.9,1980,20.3,159,0,0,0,0,0,0,10.799999999999955,Medium,Low,40194.0,0
L,297.2,308.0,1474,43.7,162,0,0,0,0,0,0,10.800000000000011,Medium,Medium,64413.8,0
L,297.2,307.9,1540,37.1,164,0,0,0,0,0,0,10.699999999999989,Medium,Medium,57134.0,0
M,297.1,307.9,1609,38.9,166,0,0,0,0,0,0,10.799999999999955,Medium,Medium,62590.1,0
L,297.1,308.0,1467,42.8,169,0,0,0,0,0,0,10.899999999999977,High,Medium,62787.6,0
L,297.1,307.9,1492,39.4,171,0,0,0,0,0,0,10.799999999999955,High,Medium,58784.799999999996,0
L,297.0,307.9,1493,46.1,173,0,0,0,0,0,0,10.899999999999977,High,Medium,68827.3,0
L,297.0,307.8,1500,39.9,175,0,0,0,0,0,0,10.800000000000011,High,Medium,59850.0,0
L,297.1,307.8,1477,36.6,177,0,0,0,0,0,0,10.699999999999989,High,Medium,54058.200000000004,0
L,297.1,307.9,1342,49.1,179,0,0,0,0,0,0,10.799999999999955,High,Medium,65892.2,0
M,297.1,307.8,1538,34.3,181,0,0,0,0,0,0,10.699999999999989,High,Medium,52753.399999999994,0
L,297.2,307.9,1337,58.1,184,0,0,0,0,0,0,10.699999999999989,High,High,77679.7,0
L,297.3,307.9,1417,41.8,186,0,0,0,0,0,0,10.599999999999966,High,Medium,59230.6,0
L,297.4,308.0,1383,46.2,188,0,0,0,0,0,0,10.600000000000023,High,Medium,63894.600000000006,0
M,297.4,308.0,1440,42.4,190,0,0,0,0,0,0,10.600000000000023,High,Medium,61056.0,0
L,297.3,307.9,1579,34.4,193,0,0,0,0,0,0,10.599999999999966,High,Medium,54317.6,0
L,297.2,307.9,1441,40.0,195,0,0,0,0,0,0,10.699999999999989,High,Medium,57640.0,0
M,297.2,307.9,1530,35.9,197,0,0,0,0,0,0,10.699999999999989,High,Medium,54927.0,0
L,297.2,308.0,1705,26.0,200,0,0,0,0,0,0,10.800000000000011,High,Low,44330.0,1
H,297.2,308.0,1435,43.0,202,0,0,0,0,0,0,10.800000000000011,High,Medium,61705.0,1
M,297.2,308.1,1340,61.3,207,1,0,0,0,1,0,10.900000000000034,High,High,82142.0,1
L,297.2,308.1,1431,49.7,210,1,0,0,0,0,0,10.900000000000034,High,Medium,71120.7,1
L,297.3,308.2,1396,52.7,212,1,0,0,0,1,0,10.899999999999977,High,High,73569.2,1
M,297.3,308.1,1369,52.0,214,0,0,0,0,0,0,10.800000000000011,High,Medium,71188.0,1
L,297.3,308.1,1615,35.4,217,1,1,0,0,0,0,10.800000000000011,High,Medium,57171.0,1
L,297.2,308.1,1662,31.3,0,0,0,0,0,0,0,10.900000000000034,Low,Medium,52020.6,0
L,297.3,308.2,1553,33.5,2,0,0,0,0,0,0,10.899999999999977,Low,Medium,52025.5,0
M,297.4,308.2,1536,34.6,4,0,0,0,0,0,0,10.800000000000011,Low,Medium,53145.600000000006,0
L,297.4,308.3,1548,46.6,7,0,0,0,0,0,0,10.900000000000034,Low,Medium,72136.8,0
L,297.4,308.3,1706,30.9,9,0,0,0,0,0,0,10.900000000000034,Low,Medium,52715.399999999994,0
L,297.4,308.3,1366,45.5,11,0,0,0,0,0,0,10.900000000000034,Low,Medium,62153.0,0
L,297.5,308.4,1440,35.9,13,0,0,0,0,0,0,10.899999999999977,Low,Medium,51696.0,0
M,297.5,308.4,1685,28.1,15,0,0,0,0,0,0,10.899999999999977,Low,Medium,47348.5,0
M,297.4,308.3,1444,44.0,18,0,0,0,0,0,0,10.900000000000034,Low,Medium,63536.0,0
L,297.4,308.3,1395,48.7,21,0,0,0,0,0,0,10.900000000000034,Low,Medium,67936.5,0
L,297.4,308.3,1483,38.8,23,0,0,0,0,0,0,10.900000000000034,Low,Medium,57540.399999999994,0
M,297.5,308.4,1403,44.3,25,0,0,0,0,0,0,10.899999999999977,Low,Medium,62152.899999999994,0
H,297.5,308.4,1793,23.9,28,0,0,0,0,0,0,10.899999999999977,Low,Low,42852.7,0
L,297.4,308.3,1723,28.8,33,0,0,0,0,0,0,10.900000000000034,Low,Medium,49622.4,0
L,297.4,308.2,1386,41.0,35,0,0,0,0,0,0,10.800000000000011,Low,Medium,56826.0,0
H,297.4,308.2,1585,46.2,37,0,0,0,0,0,0,10.800000000000011,Low,Medium,73227.0,0
M,297.3,308.1,1731,27.7,42,0,0,0,0,0,0,10.800000000000011,Low,Low,47948.7,0
L,297.3,308.3,1519,37.7,45,0,0,0,0,0,0,11.0,Low,Medium,57266.3,0
L,297.3,308.2,1896,24.4,47,0,0,0,0,0,0,10.899999999999977,Low,Low,46262.399999999994,0
L,297.3,308.3,2358,14.9,49,0,0,0,0,0,0,11.0,Low,Low,35134.200000000004,0
M,297.3,308.3,1341,51.9,51,0,0,0,0,0,0,11.0,Low,Medium,69597.9,0
L,297.3,308.3,1550,37.0,54,0,0,0,0,0,0,11.0,Low,Medium,57350.0,0
L,297.3,308.3,1309,61.5,56,0,0,0,0,0,0,11.0,Low,High,80503.5,0
M,297.3,308.4,1599,32.9,58,0,0,0,0,0,0,11.099999999999966,Low,Medium,52607.1,0
L,297.4,308.4,1343,40.0,61,0,0,0,0,0,0,11.0,Low,Medium,53720.0,0
L,297.4,308.4,1378,39.9,63,0,0,0,0,0,0,11.0,Low,Medium,54982.2,0
L,297.4,308.4,1603,34.6,65,0,0,0,0,0,0,11.0,Low,Medium,55463.8,0
L,297.4,308.4,1664,28.1,67,0,0,0,0,0,0,11.0,Low,Medium,46758.4,0
L,297.3,308.4,1488,37.4,69,0,0,0,0,0,0,11.099999999999966,Low,Medium,55651.2,0
M,297.3,308.4,1370,50.5,71,0,0,0,0,0,0,11.099999999999966,Low,Medium,69185.0,0
L,297.3,308.5,1545,34.3,74,0,0,0,0,0,0,11.199999999999989,Low,Medium,52993.49999999999,0
M,297.4,308.5,1566,31.4,76,0,0,0,0,0,0,11.100000000000023,Low,Medium,49172.399999999994,0
L,297.4,308.6,1820,24.6,79,0,0,0,0,0,0,11.200000000000045,Low,Low,44772.0,0
M,297.4,308.6,1901,22.1,81,0,0,0,0,0,0,11.200000000000045,Low,Low,42012.100000000006,0
M,297.4,308.5,1638,32.2,84,0,0,0,0,0,0,11.100000000000023,Low,Medium,52743.600000000006,0
M,297.3,308.4,1521,38.2,87,0,0,0,0,0,0,11.099999999999966,Medium,Medium,58102.200000000004,0
H,297.3,308.4,1864,23.1,90,0,0,0,0,0,0,11.099999999999966,Medium,Low,43058.4,0
L,297.3,308.3,1430,41.9,95,0,0,0,0,0,0,11.0,Medium,Medium,59917.0,0
M,297.3,308.4,1686,34.5,97,0,0,0,0,0,0,11.099999999999966,Medium,Medium,58167.0,0
M,297.2,308.3,1326,57.2,100,0,0,0,0,0,0,11.100000000000023,Medium,High,75847.2,0
L,297.2,308.3,1805,25.6,103,0,0,0,0,0,0,11.100000000000023,Medium,Low,46208.0,0
H,297.2,308.3,1453,45.8,105,0,0,0,0,0,0,11.100000000000023,Medium,Medium,66547.4,0
M,297.2,308.4,1863,26.0,110,0,0,0,0,0,0,11.199999999999989,Medium,Low,48438.0,0
L,297.2,308.3,1576,35.3,113,0,0,0,0,0,0,11.100000000000023,Medium,Medium,55632.799999999996,0
L,297.2,308.3,1419,39.7,115,0,0,0,0,0,0,11.100000000000023,Medium,Medium,56334.3,0
L,297.2,308.4,1833,25.2,117,0,0,0,0,0,0,11.199999999999989,Medium,Low,46191.6,0
H,297.2,308.4,2182,17.3,119,0,0,0,0,0,0,11.199999999999989,Medium,Low,37748.6,0
L,297.2,308.3,1656,30.3,124,0,0,0,0,0,0,11.100000000000023,Medium,Medium,50176.8,0
L,297.1,308.2,1351,56.6,126,0,0,0,0,0,0,11.099999999999966,Medium,High,76466.6,0
H,297.1,308.2,1790,30.3,128,0,0,0,0,0,0,11.099999999999966,Medium,Medium,54237.0,0
M,297.2,308.2,1678,28.1,133,0,0,0,0,0,0,11.0,Medium,Medium,47151.8,0
L,297.1,308.2,1427,45.2,136,0,0,0,0,0,0,11.099999999999966,Medium,Medium,64500.4,0
L,297.0,308.1,1429,54.0,138,0,0,0,0,0,0,11.100000000000023,Medium,High,77166.0,0
H,297.2,308.1,1770,27.2,140,0,0,0,0,0,0,10.900000000000034,Medium,Low,48144.0,0
L,297.2,308.1,1689,31.2,145,0,0,0,0,0,0,10.900000000000034,Medium,Medium,52696.799999999996,0
M,297.2,308.1,1554,41.3,147,0,0,0,0,0,0,10.900000000000034,Medium,Medium,64180.2,0
L,297.3,308.1,1506,36.0,150,0,0,0,0,0,0,10.800000000000011,Medium,Medium,54216.0,0
L,297.2,308.1,1474,44.3,152,0,0,0,0,0,0,10.900000000000034,Medium,Medium,65298.2,0
L,297.3,308.1,1762,26.1,154,0,0,0,0,0,0,10.800000000000011,Medium,Low,45988.200000000004,0
L,297.3,308.1,1566,35.7,156,0,0,0,0,0,0,10.800000000000011,Medium,Medium,55906.200000000004,0
H,297.3,308.1,1554,42.4,158,0,0,0,0,0,0,10.800000000000011,Medium,Medium,65889.59999999999,0
L,297.2,308.0,1869,25.4,163,0,0,0,0,0,0,10.800000000000011,Medium,Low,47472.6,0
L,297.3,308.0,1527,35.1,165,0,0,0,0,0,0,10.699999999999989,Medium,Medium,53597.700000000004,0
L,297.2,307.9,1309,49.6,167,0,0,0,0,0,0,10.699999999999989,Medium,Medium,64926.4,0
M,297.2,307.9,1541,35.7,169,0,0,0,0,0,0,10.699999999999989,High,Medium,55013.700000000004,0
L,297.2,307.9,1326,75.4,172,1,0,0,1,1,0,10.699999999999989,High,High,99980.40000000001,0
H,297.1,307.9,1365,54.0,174,0,0,0,0,0,0,10.799999999999955,High,High,73710.0,0
L,297.1,307.8,1428,43.7,179,0,0,0,0,0,0,10.699999999999989,High,Medium,62403.600000000006,0
L,297.1,307.8,1681,27.6,181,0,0,0,0,0,0,10.699999999999989,High,Low,46395.600000000006,0
M,297.1,307.9,1662,26.9,183,0,0,0,0,0,0,10.799999999999955,High,Low,44707.799999999996,0
L,297.2,307.9,1989,20.3,186,0,0,0,0,0,0,10.699999999999989,High,Low,40376.700000000004,0
M,297.2,307.9,1747,29.0,188,0,0,0,0,0,0,10.699999999999989,High,Medium,50663.0,0
M,297.2,308.0,1765,31.1,191,0,0,0,0,0,0,10.800000000000011,High,Medium,54891.5,0
L,297.3,308.1,1568,34.4,194,0,0,0,0,0,0,10.800000000000011,High,Medium,53939.2,0
M,297.3,308.1,1709,30.6,196,0,0,0,0,0,0,10.800000000000011,High,Medium,52295.4,0
M,297.3,308.1,1370,58.8,199,0,0,0,0,0,0,10.800000000000011,High,High,80556.0,0
L,297.3,308.1,1458,45.7,202,0,0,0,0,0,0,10.800000000000011,High,Medium,66630.6,1
L,297.2,308.1,1712,30.9,204,0,0,0,0,0,0,10.900000000000034,High,Medium,52900.799999999996,1
L,297.3,308.1,1642,36.9,206,0,0,0,0,0,0,10.800000000000011,High,Medium,60589.799999999996,1
L,297.3,308.1,1468,49.8,0,0,0,0,0,0,0,10.800000000000011,Low,Medium,73106.4,0
H,297.3,308.1,1477,52.3,2,0,0,0,0,0,0,10.800000000000011,Low,Medium,77247.09999999999,0
L,297.3,308.2,1446,53.5,7,0,0,0,0,0,0,10.899999999999977,Low,High,77361.0,0
H,297.3,308.2,1653,31.4,9,0,0,0,0,0,0,10.899999999999977,Low,Medium,51904.2,0
L,297.3,308.3,1494,38.2,14,0,0,0,0,0,0,11.0,Low,Medium,57070.8,0
L,297.3,308.2,1490,41.0,16,0,0,0,0,0,0,10.899999999999977,Low,Medium,61090.0,0
M,297.4,308.3,1550,47.8,18,0,0,0,0,0,0,10.900000000000034,Low,Medium,74090.0,0
M,297.3,308.2,1677,34.9,21,0,0,0,0,0,0,10.899999999999977,Low,Medium,58527.299999999996,0
L,297.4,308.3,1854,21.8,24,0,0,0,0,0,0,10.900000000000034,Low,Low,40417.200000000004,0
M,297.5,308.5,1662,30.3,26,0,0,0,0,0,0,11.0,Low,Medium,50358.6,0
M,297.5,308.6,1440,38.8,29,0,0,0,0,0,0,11.100000000000023,Low,Medium,55871.99999999999,0
L,297.5,308.6,1513,39.7,32,0,0,0,0,0,0,11.100000000000023,Low,Medium,60066.100000000006,0
M,297.6,308.6,1389,49.0,34,0,0,0,0,0,0,11.0,Low,Medium,68061.0,0
L,297.6,308.6,1351,51.0,37,0,0,0,0,0,0,11.0,Low,Medium,68901.0,0
M,297.6,308.6,1482,38.3,39,0,0,0,0,0,0,11.0,Low,Medium,56760.6,0
L,297.6,308.6,1744,28.5,42,0,0,0,0,0,0,11.0,Low,Medium,49704.0,0
L,297.6,308.7,1476,39.0,44,0,0,0,0,0,0,11.099999999999966,Low,Medium,57564.0,0
M,297.6,308.6,1444,48.2,46,0,0,0,0,0,0,11.0,Low,Medium,69600.8,0
H,297.6,308.7,1659,32.1,49,0,0,0,0,0,0,11.099999999999966,Low,Medium,53253.9,0
M,297.6,308.7,1475,46.6,54,0,0,0,0,0,0,11.099999999999966,Low,Medium,68735.0,0
L,297.6,308.6,1526,42.1,57,0,0,0,0,0,0,11.0,Low,Medium,64244.6,0
M,297.4,308.4,1675,29.5,59,0,0,0,0,0,0,11.0,Low,Medium,49412.5,0
L,297.4,308.4,1525,38.7,62,0,0,0,0,0,0,11.0,Low,Medium,59017.50000000001,0
L,297.3,308.3,1396,45.9,64,0,0,0,0,0,0,11.0,Low,Medium,64076.4,0
L,297.4,308.4,1580,41.2,66,0,0,0,0,0,0,11.0,Low,Medium,65096.00000000001,0
L,297.4,308.5,1462,42.8,68,0,0,0,0,0,0,11.100000000000023,Low,Medium,62573.6,0
L,297.4,308.4,1426,50.4,70,0,0,0,0,0,0,11.0,Low,Medium,71870.4,0
L,297.4,308.5,1569,34.2,72,0,0,0,0,0,0,11.100000000000023,Low,Medium,53659.8,0
L,297.4,308.5,1477,40.7,74,0,0,0,0,0,0,11.100000000000023,Low,Medium,60113.9,0
L,297.4,308.5,1761,27.2,76,0,0,0,0,0,0,11.100000000000023,Low,Low,47899.2,0
M,297.5,308.6,1486,45.9,78,0,0,0,0,0,0,11.100000000000023,Low,Medium,68207.4,0
L,297.6,308.6,1664,30.1,81,0,0,0,0,0,0,11.0,Low,Medium,50086.4,0
L,297.6,308.6,1576,32.7,83,0,0,0,0,0,0,11.0,Low,Medium,51535.200000000004,0
H,297.6,308.6,1463,46.7,85,0,0,0,0,0,0,11.0,Medium,Medium,68322.1,0
M,297.6,308.6,1585,42.0,90,0,0,0,0,0,0,11.0,Medium,Medium,66570.0,0
L,297.7,308.7,1479,45.7,93,0,0,0,0,0,0,11.0,Medium,Medium,67590.3,0
L,297.7,308.7,1449,40.2,95,0,0,0,0,0,0,11.0,Medium,Medium,58249.8,0
H,297.7,308.8,1404,50.3,97,0,0,0,0,0,0,11.100000000000023,Medium,Medium,70621.2,0
L,297.7,308.7,1694,29.1,102,0,0,0,0,0,0,11.0,Medium,Medium,49295.4,0
L,297.7,308.7,1731,28.4,104,0,0,0,0,0,0,11.0,Medium,Medium,49160.399999999994,0
L,297.6,308.6,1522,37.0,106,0,0,0,0,0,0,11.0,Medium,Medium,56314.0,0
L,297.5,308.5,1536,36.9,108,0,0,0,0,0,0,11.0,Medium,Medium,56678.399999999994,0
L,297.5,308.5,1373,39.9,110,0,0,0,0,0,0,11.0,Medium,Medium,54782.7,0
L,297.5,308.5,1597,36.4,112,0,0,0,0,0,0,11.0,Medium,Medium,58130.799999999996,0
L,297.6,308.5,1678,34.2,114,0,0,0,0,0,0,10.899999999999977,Medium,Medium,57387.600000000006,0
L,297.6,308.5,1452,42.6,116,0,0,0,0,0,0,10.899999999999977,Medium,Medium,61855.200000000004,0
M,297.5,308.5,1447,41.6,118,0,0,0,0,0,0,11.0,Medium,Medium,60195.200000000004,0
L,297.6,308.5,1574,37.1,121,0,0,0,0,0,0,10.899999999999977,Medium,Medium,58395.4,0
L,297.6,308.6,1528,40.0,123,0,0,0,0,0,0,11.0,Medium,Medium,61120.0,0
L,297.7,308.7,1688,27.2,125,0,0,0,0,0,0,11.0,Medium,Low,45913.6,0
L,297.6,308.6,1393,40.4,127,0,0,0,0,0,0,11.0,Medium,Medium,56277.2,0
M,297.5,308.6,1429,50.5,129,0,0,0,0,0,0,11.100000000000023,Medium,Medium,72164.5,0
M,297.5,308.6,1347,57.0,132,0,0,0,0,0,0,11.100000000000023,Medium,High,76779.0,0
L,297.6,308.6,1553,40.5,135,0,0,0,0,0,0,11.0,Medium,Medium,62896.5,0
L,297.5,308.6,1260,53.6,137,0,0,0,0,0,0,11.100000000000023,Medium,High,67536.0,0
L,297.5,308.6,1546,33.8,139,0,0,0,0,0,0,11.100000000000023,Medium,Medium,52254.799999999996,0
L,297.5,308.6,1596,36.0,141,0,0,0,0,0,0,11.100000000000023,Medium,Medium,57456.0,0
L,297.5,308.5,1340,57.4,143,0,0,0,0,0,0,11.0,Medium,High,76916.0,0
M,297.5,308.4,1369,54.8,145,0,0,0,0,0,0,10.899999999999977,Medium,High,75021.2,0
L,297.5,308.5,1462,52.3,148,0,0,0,0,0,0,11.0,Medium,Medium,76462.59999999999,0
H,297.4,308.4,1487,46.2,150,0,0,0,0,0,0,11.0,Medium,Medium,68699.40000000001,0
M,297.5,308.6,1510,35.5,155,0,0,0,0,0,0,11.100000000000023,Medium,Medium,53605.0,0
H,297.5,308.5,1671,28.0,158,0,0,0,0,0,0,11.0,Medium,Low,46788.0,0
M,297.5,308.5,1612,30.0,163,0,0,0,0,0,0,11.0,Medium,Medium,48360.0,0
M,297.6,308.6,1509,39.7,166,0,0,0,0,0,0,11.0,Medium,Medium,59907.3,0
L,297.6,308.6,1415,47.3,169,0,0,0,0,0,0,11.0,High,Medium,66929.5,0
L,297.6,308.6,2384,14.4,171,0,0,0,0,0,0,11.0,High,Low,34329.6,0
L,297.6,308.6,1326,62.4,173,0,0,0,0,0,0,11.0,High,High,82742.4,0
M,297.6,308.6,1390,53.4,175,0,0,0,0,0,0,11.0,High,High,74226.0,0
M,297.6,308.7,1392,41.2,178,0,0,0,0,0,0,11.099999999999966,High,Medium,57350.4,0
H,297.6,308.8,1385,44.4,181,0,0,0,0,0,0,11.199999999999989,High,Medium,61494.0,0
L,297.7,308.8,1896,24.5,186,0,0,0,0,0,0,11.100000000000023,High,Low,46452.0,0
L,297.7,308.7,1474,46.8,188,0,0,0,0,0,0,11.0,High,Medium,68983.2,0
M,297.7,308.8,1388,45.6,190,0,0,0,0,0,0,11.100000000000023,High,Medium,63292.8,0
L,297.7,308.9,1715,27.2,193,0,0,0,0,0,0,11.199999999999989,High,Low,46648.0,0
H,297.8,308.9,1650,32.2,195,0,0,0,0,0,0,11.099999999999966,High,Medium,53130.00000000001,0
L,297.8,308.9,1871,25.6,200,1,1,0,0,0,0,11.099999999999966,High,Low,47897.600000000006,1
L,297.8,309.0,1403,64.2,0,1,0,0,1,0,0,11.199999999999989,Low,High,90072.6,0
L,297.8,308.9,1518,40.4,2,0,0,0,0,0,0,11.099999999999966,Low,Medium,61327.2,0
L,297.9,309.1,1504,43.0,4,0,0,0,0,0,0,11.200000000000045,Low,Medium,64672.0,0
L,297.8,309.0,1340,56.9,6,0,0,0,0,0,0,11.199999999999989,Low,High,76246.0,0
H,297.9,309.1,1435,44.7,8,0,0,0,0,0,0,11.200000000000045,Low,Medium,64144.50000000001,0
L,297.9,309.1,1507,36.9,13,0,0,0,0,0,0,11.200000000000045,Low,Medium,55608.299999999996,0
L,297.9,309.1,1521,36.1,15,0,0,0,0,0,0,11.200000000000045,Low,Medium,54908.1,0
M,297.8,309.0,1576,45.0,17,0,0,0,0,0,0,11.199999999999989,Low,Medium,70920.0,0
L,297.9,309.1,1543,36.6,20,0,0,0,0,0,0,11.200000000000045,Low,Medium,56473.8,0
L,298.0,309.2,1665,36.6,22,0,0,0,0,0,0,11.199999999999989,Low,Medium,60939.0,0
L,297.9,309.1,1442,50.3,24,0,0,0,0,0,0,11.200000000000045,Low,Medium,72532.59999999999,0
L,297.9,309.0,1629,29.0,26,0,0,0,0,0,0,11.100000000000023,Low,Medium,47241.0,0
L,297.9,309.0,1379,47.3,28,0,0,0,0,0,0,11.100000000000023,Low,Medium,65226.7,0
L,297.9,309.0,1502,40.2,30,0,0,0,0,0,0,11.100000000000023,Low,Medium,60380.4,0
L,297.9,309.1,1595,32.0,32,0,0,0,0,0,0,11.200000000000045,Low,Medium,51040.0,0
M,298.0,309.0,1439,38.5,34,0,0,0,0,0,0,11.0,Low,Medium,55401.5,0
M,297.9,309.0,1970,21.6,37,0,0,0,0,0,0,11.100000000000023,Low,Low,42552.0,0
L,297.9,309.0,1562,35.8,40,0,0,0,0,0,0,11.100000000000023,Low,Medium,55919.6,0
M,297.9,309.0,1530,40.9,42,0,0,0,0,0,0,11.100000000000023,Low,Medium,62577.0,0
L,297.9,308.9,1393,40.6,45,0,0,0,0,0,0,11.0,Low,Medium,56555.8,0
L,297.9,309.0,1532,37.6,47,0,0,0,0,0,0,11.100000000000023,Low,Medium,57603.200000000004,0
L,298.0,308.9,1607,37.7,49,0,0,0,0,0,0,10.899999999999977,Low,Medium,60583.9,0
M,297.9,308.8,1469,49.0,51,0,0,0,0,0,0,10.900000000000034,Low,Medium,71981.0,0
M,297.9,308.8,1538,37.6,54,0,0,0,0,0,0,10.900000000000034,Low,Medium,57828.8,0
L,297.9,308.8,1613,31.4,57,0,0,0,0,0,0,10.900000000000034,Low,Medium,50648.2,0
M,297.9,308.8,1602,32.1,59,0,0,0,0,0,0,10.900000000000034,Low,Medium,51424.200000000004,0
L,297.8,308.7,1404,44.2,62,0,0,0,0,0,0,10.899999999999977,Low,Medium,62056.8,0
L,297.8,308.8,1548,36.9,64,0,0,0,0,0,0,11.0,Low,Medium,57121.2,0
L,297.8,308.8,1559,35.2,66,0,0,0,0,0,0,11.0,Low,Medium,54876.8,0
L,297.8,308.8,1621,36.1,68,0,0,0,0,0,0,11.0,Low,Medium,58518.100000000006,0
L,297.8,308.8,1579,32.9,70,0,0,0,0,0,0,11.0,Low,Medium,51949.1,0
M,297.9,308.9,1547,44.0,72,0,0,0,0,0,0,11.0,Low,Medium,68068.0,0
L,297.9,308.8,1386,48.6,75,0,0,0,0,0,0,10.900000000000034,Low,Medium,67359.6,0
L,298.0,308.9,1406,40.9,77,0,0,0,0,0,0,10.899999999999977,Low,Medium,57505.4,0
M,298.0,309.0,1393,55.9,79,0,0,0,0,0,0,11.0,Low,High,77868.7,0
M,297.9,309.0,2456,13.9,82,0,0,0,0,0,0,11.100000000000023,Low,Low,34138.4,0
M,298.0,309.0,1409,49.1,85,0,0,0,0,0,0,11.0,Medium,Medium,69181.90000000001,0
L,298.0,308.9,1390,53.9,88,0,0,0,0,0,0,10.899999999999977,Medium,High,74921.0,0
L,298.0,309.0,1679,32.4,90,0,0,0,0,0,0,11.0,Medium,Medium,54399.6,0
L,298.0,308.9,1508,37.1,92,0,0,0,0,0,0,10.899999999999977,Medium,Medium,55946.8,0
L,297.9,308.8,1681,31.7,94,0,0,0,0,0,0,10.900000000000034,Medium,Medium,53287.7,0
H,297.7,308.8,1469,43.7,96,0,0,0,0,0,0,11.100000000000023,Medium,Medium,64195.3,0
L,297.8,308.8,1421,49.6,101,0,0,0,0,0,0,11.0,Medium,Medium,70481.6,0
L,297.7,308.8,1354,50.2,103,0,0,0,0,0,0,11.100000000000023,Medium,Medium,67970.8,0
M,297.7,308.8,1350,57.0,105,0,0,0,0,0,0,11.100000000000023,Medium,High,76950.0,0
L,297.8,308.9,1282,58.1,108,0,0,0,0,0,0,11.099999999999966,Medium,High,74484.2,0
M,297.8,309.0,1675,30.0,110,0,0,0,0,0,0,11.199999999999989,Medium,Medium,50250.0,0
M,297.9,309.0,1525,38.5,113,0,0,0,0,0,0,11.100000000000023,Medium,Medium,58712.5,0
L,297.9,309.0,1382,43.9,116,0,0,0,0,0,0,11.100000000000023,Medium,Medium,60669.799999999996,0
L,297.9,309.0,1450,46.8,118,0,0,0,0,0,0,11.100000000000023,Medium,Medium,67860.0,0
L,298.0,309.1,1820,23.6,120,0,0,0,0,0,0,11.100000000000023,Medium,Low,42952.0,0
L,298.0,309.1,1822,23.5,122,0,0,0,0,0,0,11.100000000000023,Medium,Low,42817.0,0
L,298.0,309.1,1473,44.3,124,0,0,0,0,0,0,11.100000000000023,Medium,Medium,65253.899999999994,0
M,298.1,309.1,1572,37.5,126,0,0,0,0,0,0,11.0,Medium,Medium,58950.0,0
M,298.1,309.0,2042,17.8,129,0,0,0,0,0,0,10.899999999999977,Medium,Low,36347.6,0
L,298.2,309.2,1922,22.6,132,0,0,0,0,0,0,11.0,Medium,Low,43437.200000000004,0
L,298.2,309.1,1539,36.5,134,0,0,0,0,0,0,10.900000000000034,Medium,Medium,56173.5,0
L,298.2,309.1,1350,52.0,136,0,0,0,0,0,0,10.900000000000034,Medium,Medium,70200.0,0
L,298.3,309.1,1403,45.1,138,0,0,0,0,0,0,10.800000000000011,Medium,Medium,63275.3,0
L,298.3,309.1,1904,20.3,140,0,0,0,0,0,0,10.800000000000011,Medium,Low,38651.200000000004,0
M,298.2,308.9,1592,35.2,142,0,0,0,0,0,0,10.699999999999989,Medium,Medium,56038.4,0
L,298.1,308.7,1556,31.6,145,0,0,0,0,0,0,10.599999999999966,Medium,Medium,49169.600000000006,0
M,298.1,308.8,1811,25.4,147,0,0,0,0,0,0,10.699999999999989,Medium,Low,45999.399999999994,0
M,298.2,308.8,1456,41.2,150,0,0,0,0,0,0,10.600000000000023,Medium,Medium,59987.200000000004,0
H,298.2,308.8,1436,51.9,153,0,0,0,0,0,0,10.600000000000023,Medium,Medium,74528.4,0
M,298.1,308.7,1362,49.6,158,0,0,0,0,0,0,10.599999999999966,Medium,Medium,67555.2,0
L,298.1,308.7,1683,29.1,161,0,0,0,0,0,0,10.599999999999966,Medium,Medium,48975.3,0
M,298.2,308.7,1269,60.9,163,0,0,0,0,0,0,10.5,Medium,High,77282.09999999999,0
L,298.3,308.8,1454,49.0,166,0,0,0,0,0,0,10.5,Medium,Medium,71246.0,0
L,298.3,308.8,1767,27.3,168,0,0,0,0,0,0,10.5,Medium,Low,48239.1,0
L,298.3,308.9,1708,27.3,170,0,0,0,0,0,0,10.599999999999966,High,Low,46628.4,0
L,298.3,308.9,1862,27.0,172,0,0,0,0,0,0,10.599999999999966,High,Low,50274.0,0
L,298.3,308.9,1695,30.7,174,0,0,0,0,0,0,10.599999999999966,High,Medium,52036.5,0
M,298.3,309.1,1488,40.6,176,0,0,0,0,0,0,10.800000000000011,High,Medium,60412.8,0
L,298.3,309.0,1657,32.2,179,0,0,0,0,0,0,10.699999999999989,High,Medium,53355.4,0
H,298.3,309.0,1823,25.9,181,0,0,0,0,0,0,10.699999999999989,High,Low,47215.7,0
M,298.2,309.1,1651,28.8,186,0,0,0,0,0,0,10.900000000000034,High,Medium,47548.8,0
M,298.1,309.0,1533,36.1,189,0,0,0,0,0,0,10.899999999999977,High,Medium,55341.3,0
M,298.2,309.0,1508,40.5,192,0,0,0,0,0,0,10.800000000000011,High,Medium,61074.0,0
L,298.3,309.1,1616,31.1,195,0,0,0,0,0,0,10.800000000000011,High,Medium,50257.600000000006,0
L,298.2,309.0,1651,31.5,197,0,0,0,0,0,0,10.800000000000011,High,Medium,52006.5,0
L,298.2,309.1,1569,35.2,199,0,0,0,0,0,0,10.900000000000034,High,Medium,55228.8,0
M,298.3,309.1,1296,58.7,201,0,0,0,0,0,0,10.800000000000011,High,High,76075.2,1
H,298.3,309.0,1379,43.2,0,0,0,0,0,0,0,10.699999999999989,Low,Medium,59572.8,0
M,298.2,309.0,1694,28.0,5,0,0,0,0,0,0,10.800000000000011,Low,Low,47432.0,0
L,298.2,309.0,1377,57.8,8,0,0,0,0,0,0,10.800000000000011,Low,High,79590.59999999999,0
H,298.3,309.0,1470,38.4,10,0,0,0,0,0,0,10.699999999999989,Low,Medium,56448.0,0
M,298.3,309.1,1404,47.0,15,0,0,0,0,0,0,10.800000000000011,Low,Medium,65988.0,0
L,298.3,309.1,1593,40.1,18,0,0,0,0,0,0,10.800000000000011,Low,Medium,63879.3,0
M,298.3,309.0,1526,36.9,20,0,0,0,0,0,0,10.699999999999989,Low,Medium,56309.4,0
M,298.3,308.9,1390,49.7,23,0,0,0,0,0,0,10.599999999999966,Low,Medium,69083.0,0
L,298.2,308.9,1737,25.5,26,0,0,0,0,0,0,10.699999999999989,Low,Low,44293.5,0
L,298.2,308.8,1362,57.3,28,0,0,0,0,0,0,10.600000000000023,Low,High,78042.59999999999,0
L,298.2,308.8,1666,31.5,30,0,0,0,0,0,0,10.600000000000023,Low,Medium,52479.0,0
L,298.2,308.8,1354,60.9,32,0,0,0,0,0,0,10.600000000000023,Low,High,82458.59999999999,0
L,298.2,308.8,1302,60.4,34,0,0,0,0,0,0,10.600000000000023,Low,High,78640.8,0
L,298.2,308.7,1991,20.5,36,0,0,0,0,0,0,10.5,Low,Low,40815.5,0
L,298.2,308.6,1353,54.1,38,0,0,0,0,0,0,10.400000000000034,Low,High,73197.3,0
H,298.2,308.7,1520,35.7,40,0,0,0,0,0,0,10.5,Low,Medium,54264.00000000001,0
L,298.2,308.7,1428,54.9,45,0,0,0,0,0,0,10.5,Low,High,78397.2,0
L,298.2,308.7,1605,29.4,47,0,0,0,0,0,0,10.5,Low,Medium,47187.0,0
L,298.1,308.7,1691,30.3,49,0,0,0,0,0,0,10.599999999999966,Low,Medium,51237.3,0
L,298.2,308.7,1447,48.4,51,0,0,0,0,0,0,10.5,Low,Medium,70034.8,0
H,298.2,308.8,1606,39.9,53,0,0,0,0,0,0,10.600000000000023,Low,Medium,64079.399999999994,0
M,298.2,308.8,1645,28.2,58,0,0,0,0,0,0,10.600000000000023,Low,Medium,46389.0,0
H,298.2,308.8,1470,43.3,61,0,0,0,0,0,0,10.600000000000023,Low,Medium,63650.99999999999,0
L,298.2,308.9,1336,45.0,66,0,0,0,0,0,0,10.699999999999989,Low,Medium,60120.0,0
M,298.2,308.9,1414,44.3,68,0,0,0,0,0,0,10.699999999999989,Low,Medium,62640.2,0
M,298.3,309.0,1802,27.5,71,0,0,0,0,0,0,10.699999999999989,Low,Low,49555.0,0
L,298.2,308.9,1683,31.7,74,0,0,0,0,0,0,10.699999999999989,Low,Medium,53351.1,0
M,298.2,309.0,1410,47.6,76,0,0,0,0,0,0,10.800000000000011,Low,Medium,67116.0,0
L,298.2,308.9,1605,32.0,79,0,0,0,0,0,0,10.699999999999989,Low,Medium,51360.0,0
L,298.2,308.9,1709,28.1,81,0,0,0,0,0,0,10.699999999999989,Low,Medium,48022.9,0
L,298.2,308.9,1444,53.1,83,0,0,0,0,0,0,10.699999999999989,Low,High,76676.40000000001,0
L,298.2,308.9,1367,45.0,85,0,0,0,0,0,0,10.699999999999989,Medium,Medium,61515.0,0
L,298.2,309.0,1418,44.2,87,0,0,0,0,0,0,10.800000000000011,Medium,Medium,62675.600000000006,0
L,298.2,309.0,1353,57.8,89,0,0,0,0,0,0,10.800000000000011,Medium,High,78203.4,0
L,298.2,309.0,1643,34.1,91,0,0,0,0,0,0,10.800000000000011,Medium,Medium,56026.3,0
L,298.3,309.1,1437,38.0,93,0,0,0,0,0,0,10.800000000000011,Medium,Medium,54606.0,0
L,298.1,309.0,1437,36.2,95,0,0,0,0,0,0,10.899999999999977,Medium,Medium,52019.4,0
M,298.2,309.0,1413,47.9,97,0,0,0,0,0,0,10.800000000000011,Medium,Medium,67682.7,0
H,298.2,309.0,1524,39.1,100,0,0,0,0,0,0,10.800000000000011,Medium,Medium,59588.4,0
M,298.1,308.9,1479,43.4,105,0,0,0,0,0,0,10.799999999999955,Medium,Medium,64188.6,0
L,298.1,308.9,1313,50.6,108,0,0,0,0,0,0,10.799999999999955,Medium,Medium,66437.8,0
M,298.1,308.9,1335,50.4,110,0,0,0,0,0,0,10.799999999999955,Medium,Medium,67284.0,0
L,298.1,308.9,1367,41.9,113,0,0,0,0,0,0,10.799999999999955,Medium,Medium,57277.299999999996,0
M,298.1,308.9,1459,50.3,115,0,0,0,0,0,0,10.799999999999955,Medium,Medium,73387.7,0
M,298.1,308.9,1804,25.1,118,0,0,0,0,0,0,10.799999999999955,Medium,Low,45280.4,0
L,298.2,309.0,1491,38.3,121,0,0,0,0,0,0,10.800000000000011,Medium,Medium,57105.299999999996,0
L,298.3,309.1,1537,43.0,123,0,0,0,0,0,0,10.800000000000011,Medium,Medium,66091.0,0
H,298.3,309.1,1646,30.2,125,0,0,0,0,0,0,10.800000000000011,Medium,Medium,49709.2,0
M,298.3,309.2,1783,28.3,130,0,0,0,0,0,0,10.899999999999977,Medium,Medium,50458.9,0
L,298.3,309.1,1395,49.8,133,0,0,0,0,0,0,10.800000000000011,Medium,Medium,69471.0,0
L,298.4,309.1,1423,48.0,135,0,0,0,0,0,0,10.700000000000045,Medium,Medium,68304.0,0
L,298.3,309.2,1562,37.6,137,0,0,0,0,0,0,10.899999999999977,Medium,Medium,58731.200000000004,0
L,298.4,309.3,1549,40.8,139,0,0,0,0,0,0,10.900000000000034,Medium,Medium,63199.2,0
L,298.4,309.4,1540,43.2,141,0,0,0,0,0,0,11.0,Medium,Medium,66528.0,0
H,298.5,309.4,1573,33.6,143,0,0,0,0,0,0,10.899999999999977,Medium,Medium,52852.8,0
L,298.5,309.4,1418,45.1,148,0,0,0,0,0,0,10.899999999999977,Medium,Medium,63951.8,0
M,298.5,309.4,1565,33.7,150,0,0,0,0,0,0,10.899999999999977,Medium,Medium,52740.50000000001,0
L,298.5,309.5,1569,41.0,153,0,0,0,0,0,0,11.0,Medium,Medium,64329.0,0
H,298.5,309.4,1417,41.2,155,0,0,0,0,0,0,10.899999999999977,Medium,Medium,58380.4,0
L,298.5,309.5,1480,38.1,160,0,0,0,0,0,0,11.0,Medium,Medium,56388.0,0
L,298.5,309.4,1364,44.5,162,0,0,0,0,0,0,10.899999999999977,Medium,Medium,60698.0,0
L,298.5,309.4,1911,21.5,164,0,0,0,0,0,0,10.899999999999977,Medium,Low,41086.5,0
L,298.4,309.3,1409,43.1,166,0,0,0,0,0,0,10.900000000000034,Medium,Medium,60727.9,0
L,298.4,309.2,1335,53.5,168,0,0,0,0,0,0,10.800000000000011,Medium,High,71422.5,0
M,298.5,309.3,1512,38.1,170,0,0,0,0,0,0,10.800000000000011,High,Medium,57607.200000000004,0
L,298.6,309.4,1447,40.2,173,0,0,0,0,0,0,10.799999999999955,High,Medium,58169.4,0
L,298.6,309.3,1537,37.6,175,0,0,0,0,0,0,10.699999999999989,High,Medium,57791.200000000004,0
M,298.6,309.3,1510,40.8,177,0,0,0,0,0,0,10.699999999999989,High,Medium,61607.99999999999,0
L,298.6,309.3,1677,31.2,180,0,0,0,0,0,0,10.699999999999989,High,Medium,52322.4,0
L,298.5,309.2,1504,33.7,182,0,0,0,0,0,0,10.699999999999989,High,Medium,50684.8,0
H,298.5,309.1,2051,19.0,184,0,0,0,0,0,0,10.600000000000023,High,Low,38969.0,0
L,298.5,309.1,1474,41.3,189,0,0,0,0,0,0,10.600000000000023,High,Medium,60876.2,0
M,298.4,309.0,1507,36.1,191,0,0,0,0,0,0,10.600000000000023,High,Medium,54402.700000000004,0
L,298.4,308.9,1496,37.9,194,0,0,0,0,0,0,10.5,High,Medium,56698.4,0
M,298.5,309.0,1921,22.0,196,0,0,0,0,0,0,10.5,High,Low,42262.0,0
L,298.5,309.0,1450,40.5,199,0,0,0,0,0,0,10.5,High,Medium,58725.0,0
L,298.4,308.9,1402,44.8,201,0,0,0,0,0,0,10.5,High,Medium,62809.6,1
L,298.4,308.9,1501,50.0,203,0,0,0,0,0,0,10.5,High,Medium,75050.0,1
L,298.5,308.9,1725,31.9,205,0,0,0,0,0,0,10.399999999999977,High,Medium,55027.5,1
H,298.5,308.9,1500,40.3,207,0,0,0,0,0,0,10.399999999999977,High,Medium,60449.99999999999,1
H,298.5,309.0,1531,30.8,212,0,0,0,0,0,0,10.5,High,Medium,47154.8,1
L,298.5,309.0,1458,44.8,217,0,0,0,0,0,0,10.5,High,Medium,65318.399999999994,1
H,298.4,308.9,1577,37.1,0,0,0,0,0,0,0,10.5,Low,Medium,58506.700000000004,0
M,298.3,308.9,1363,46.1,5,0,0,0,0,0,0,10.599999999999966,Low,Medium,62834.3,0
H,298.3,308.9,1706,31.8,8,0,0,0,0,0,0,10.599999999999966,Low,Medium,54250.8,0
M,298.3,308.8,1391,50.4,13,0,0,0,0,0,0,10.5,Low,Medium,70106.4,0
L,298.2,308.8,1616,33.7,16,0,0,0,0,0,0,10.600000000000023,Low,Medium,54459.200000000004,0
L,298.2,308.8,1442,47.0,18,0,0,0,0,0,0,10.600000000000023,Low,Medium,67774.0,0
M,298.2,308.8,1626,40.4,20,0,0,0,0,0,0,10.600000000000023,Low,Medium,65690.4,0
M,298.2,308.7,1426,42.6,23,0,0,0,0,0,0,10.5,Low,Medium,60747.6,0
L,298.2,308.7,1436,49.1,26,0,0,0,0,0,0,10.5,Low,Medium,70507.6,0
M,298.2,308.7,1599,36.2,28,0,0,0,0,0,0,10.5,Low,Medium,57883.8,0
L,298.2,308.7,2186,17.8,31,0,0,0,0,0,0,10.5,Low,Low,38910.8,0
L,298.3,308.8,1645,30.4,33,0,0,0,0,0,0,10.5,Low,Medium,50008.0,0
L,298.2,308.7,1780,27.9,35,0,0,0,0,0,0,10.5,Low,Low,49662.0,0
L,298.2,308.8,1345,44.3,37,0,0,0,0,0,0,10.600000000000023,Low,Medium,59583.49999999999,0
M,298.2,308.8,1607,31.9,39,0,0,0,0,0,0,10.600000000000023,Low,Medium,51263.299999999996,0
L,298.3,308.9,1708,28.0,42,0,0,0,0,0,0,10.599999999999966,Low,Low,47824.0,0
L,298.3,308.9,1270,52.7,44,0,0,0,0,0,0,10.599999999999966,Low,High,66929.0,0
M,298.3,308.9,1646,25.4,46,0,0,0,0,0,0,10.599999999999966,Low,Low,41808.399999999994,0
L,298.2,308.7,1407,45.1,49,0,0,0,0,0,0,10.5,Low,Medium,63455.700000000004,0
M,298.1,308.7,1581,47.4,51,0,0,0,0,0,0,10.599999999999966,Low,Medium,74939.4,0
L,298.0,308.6,1532,42.6,54,0,0,0,0,0,0,10.600000000000023,Low,Medium,65263.200000000004,0
L,298.0,308.6,1610,33.1,56,0,0,0,0,0,0,10.600000000000023,Low,Medium,53291.0,0
M,298.0,308.5,1682,33.0,58,0,0,0,0,0,0,10.5,Low,Medium,55506.0,0
L,297.9,308.5,1519,34.3,61,0,0,0,0,0,0,10.600000000000023,Low,Medium,52101.7,0
L,297.9,308.5,1683,28.5,63,0,0,0,0,0,0,10.600000000000023,Low,Medium,47965.5,0
M,298.0,308.6,1254,55.8,65,0,0,0,0,0,0,10.600000000000023,Low,High,69973.2,0
L,298.0,308.5,1461,48.0,68,0,0,0,0,0,0,10.5,Low,Medium,70128.0,0
L,297.9,308.5,1472,45.1,70,0,0,0,0,0,0,10.600000000000023,Low,Medium,66387.2,0
L,297.7,308.4,1510,38.6,72,0,0,0,0,0,0,10.699999999999989,Low,Medium,58286.0,0
M,297.7,308.3,1547,36.8,74,0,0,0,0,0,0,10.600000000000023,Low,Medium,56929.6,0
H,297.7,308.4,1418,51.9,77,0,0,0,0,0,0,10.699999999999989,Low,Medium,73594.2,0
L,297.7,308.4,1289,51.3,82,0,0,0,0,0,0,10.699999999999989,Low,Medium,66125.7,0
L,297.7,308.4,1487,41.4,84,0,0,0,0,0,0,10.699999999999989,Low,Medium,61561.799999999996,0
L,297.7,308.5,1453,45.5,86,0,0,0,0,0,0,10.800000000000011,Medium,Medium,66111.5,0
M,297.8,308.5,1466,44.7,88,0,0,0,0,0,0,10.699999999999989,Medium,Medium,65530.200000000004,0
H,297.7,308.4,1288,49.5,91,0,0,0,0,0,0,10.699999999999989,Medium,Medium,63756.0,0
H,297.7,308.4,1738,27.7,96,0,0,0,0,0,0,10.699999999999989,Medium,Low,48142.6,0
H,297.7,308.3,1488,41.0,101,0,0,0,0,0,0,10.600000000000023,Medium,Medium,61008.0,0
L,297.6,308.3,1816,28.8,106,0,0,0,0,0,0,10.699999999999989,Medium,Medium,52300.8,0
L,297.5,308.2,1419,48.5,108,0,0,0,0,0,0,10.699999999999989,Medium,Medium,68821.5,0
L,297.4,308.1,1435,45.7,110,0,0,0,0,0,0,10.700000000000045,Medium,Medium,65579.5,0
M,297.5,308.1,1480,42.4,112,0,0,0,0,0,0,10.600000000000023,Medium,Medium,62752.0,0
L,297.5,308.2,1610,33.6,115,0,0,0,0,0,0,10.699999999999989,Medium,Medium,54096.0,0
H,297.5,308.1,1548,38.2,117,0,0,0,0,0,0,10.600000000000023,Medium,Medium,59133.600000000006,0
M,297.6,308.1,1379,57.4,122,0,0,0,0,0,0,10.5,Medium,High,79154.59999999999,0
M,297.5,308.1,1907,23.5,125,0,0,0,0,0,0,10.600000000000023,Medium,Low,44814.5,0
M,297.5,308.0,2033,16.7,128,0,0,0,0,0,0,10.5,Medium,Low,33951.1,0
H,297.4,307.9,1390,52.0,131,0,0,0,0,0,0,10.5,Medium,Medium,72280.0,0
M,297.5,307.9,1544,37.9,136,0,0,0,0,0,0,10.399999999999977,Medium,Medium,58517.6,0
L,297.6,308.0,1258,57.4,139,0,0,0,0,0,0,10.399999999999977,Medium,High,72209.2,0
M,297.5,308.0,1560,39.0,141,0,0,0,0,0,0,10.5,Medium,Medium,60840.0,0
H,297.6,308.2,2071,18.5,144,0,0,0,0,0,0,10.599999999999966,Medium,Low,38313.5,0
L,297.6,308.1,1437,46.3,149,0,0,0,0,0,0,10.5,Medium,Medium,66533.09999999999,0
H,297.7,308.2,1489,43.0,151,0,0,0,0,0,0,10.5,Medium,Medium,64027.0,0
L,297.7,308.2,1334,53.0,156,0,0,0,0,0,0,10.5,Medium,High,70702.0,0
L,297.7,308.2,1500,39.9,158,0,0,0,0,0,0,10.5,Medium,Medium,59850.0,0
L,297.8,308.3,1498,47.3,160,0,0,0,0,0,0,10.5,Medium,Medium,70855.4,0
M,297.7,308.2,1370,53.4,162,0,0,0,0,0,0,10.5,Medium,High,73158.0,0
H,297.7,308.2,1526,40.1,165,0,0,0,0,0,0,10.5,Medium,Medium,61192.6,0
L,297.8,308.3,1477,44.8,170,0,0,0,0,0,0,10.5,High,Medium,66169.59999999999,0
L,297.7,308.2,1446,43.9,172,0,0,0,0,0,0,10.5,High,Medium,63479.4,0
M,297.7,308.2,1720,25.6,174,0,0,0,0,0,0,10.5,High,Low,44032.0,0
L,297.7,308.1,1734,30.7,177,0,0,0,0,0,0,10.400000000000034,High,Medium,53233.799999999996,0
L,297.7,308.1,1697,29.1,179,0,0,0,0,0,0,10.400000000000034,High,Medium,49382.700000000004,0
L,297.7,308.2,2007,19.3,181,0,0,0,0,0,0,10.5,High,Low,38735.1,0
M,297.7,308.1,1469,48.8,183,0,0,0,0,0,0,10.400000000000034,High,Medium,71687.2,0
M,297.7,308.1,2189,15.6,186,0,0,0,0,0,0,10.400000000000034,High,Low,34148.4,0
L,297.8,308.3,1435,50.1,189,0,0,0,0,0,0,10.5,High,Medium,71893.5,0
H,297.9,308.4,1637,34.5,191,0,0,0,0,0,0,10.5,High,Medium,56476.5,0
L,298.0,308.5,1664,28.3,196,0,0,0,0,0,0,10.5,High,Medium,47091.200000000004,0
M,298.0,308.5,1666,31.0,198,0,0,0,0,0,0,10.5,High,Medium,51646.0,0
L,298.0,308.5,1404,46.6,201,0,0,0,0,0,0,10.5,High,Medium,65426.4,1
L,298.0,308.5,1702,26.7,203,0,0,0,0,0,0,10.5,High,Low,45443.4,1
L,298.1,308.6,1439,44.9,205,0,0,0,0,0,0,10.5,High,Medium,64611.1,1
L,298.1,308.6,1354,53.9,207,1,0,0,0,1,0,10.5,High,High,72980.59999999999,1
M,298.2,308.7,1361,44.2,0,0,0,0,0,0,0,10.5,Low,Medium,60156.200000000004,0
M,298.1,308.5,1463,45.9,3,0,0,0,0,0,0,10.399999999999977,Low,Medium,67151.7,0
H,298.1,308.4,1515,43.8,6,0,0,0,0,0,0,10.299999999999955,Low,Medium,66357.0,0
L,298.0,308.4,1432,46.2,11,0,0,0,0,0,0,10.399999999999977,Low,Medium,66158.40000000001,0
L,298.0,308.4,1911,22.0,13,0,0,0,0,0,0,10.399999999999977,Low,Low,42042.0,0
L,298.0,308.4,1472,42.0,15,0,0,0,0,0,0,10.399999999999977,Low,Medium,61824.0,0
M,298.1,308.5,1382,54.5,17,0,0,0,0,0,0,10.399999999999977,Low,High,75319.0,0
L,298.1,308.5,1665,29.6,20,0,0,0,0,0,0,10.399999999999977,Low,Medium,49284.0,0
L,298.1,308.5,1676,30.5,22,0,0,0,0,0,0,10.399999999999977,Low,Medium,51118.0,0
M,298.0,308.5,1585,33.0,24,0,0,0,0,0,0,10.5,Low,Medium,52305.0,0
M,298.1,308.6,1415,46.3,27,0,0,0,0,0,0,10.5,Low,Medium,65514.49999999999,0
L,298.1,308.7,1341,55.7,30,0,0,0,0,0,0,10.599999999999966,Low,High,74693.7,0
L,298.2,308.8,1540,34.8,32,0,0,0,0,0,0,10.600000000000023,Low,Medium,53591.99999999999,0
H,298.2,308.8,1837,28.4,34,0,0,0,0,0,0,10.600000000000023,Low,Medium,52170.799999999996,0
L,298.2,308.8,1498,36.0,39,0,0,0,0,0,0,10.600000000000023,Low,Medium,53928.0,0
L,298.1,308.7,1671,28.8,41,0,0,0,0,0,0,10.599999999999966,Low,Medium,48124.8,0
L,298.0,308.6,1430,57.0,43,0,0,0,0,0,0,10.600000000000023,Low,High,81510.0,0
L,298.0,308.7,1619,40.1,45,0,0,0,0,0,0,10.699999999999989,Low,Medium,64921.9,0
M,298.0,308.7,1430,51.9,47,0,0,0,0,0,0,10.699999999999989,Low,Medium,74217.0,0
L,298.0,308.6,1626,33.3,50,0,0,0,0,0,0,10.600000000000023,Low,Medium,54145.799999999996,0
L,298.0,308.7,1443,49.3,52,0,0,0,0,0,0,10.699999999999989,Low,Medium,71139.9,0
L,298.0,308.6,1481,42.5,54,0,0,0,0,0,0,10.600000000000023,Low,Medium,62942.5,0
M,298.1,308.7,1527,43.0,56,0,0,0,0,0,0,10.599999999999966,Low,Medium,65661.0,0
M,298.1,308.7,1315,56.8,59,0,0,0,0,0,0,10.599999999999966,Low,High,74692.0,0
M,298.1,308.8,1433,48.2,62,0,0,0,0,0,0,10.699999999999989,Low,Medium,69070.6,0
M,298.1,308.8,1378,53.5,65,0,0,0,0,0,0,10.699999999999989,Low,High,73723.0,0
L,298.1,308.8,1432,43.4,68,0,0,0,0,0,0,10.699999999999989,Low,Medium,62148.799999999996,0
M,298.1,308.8,1394,47.9,70,0,0,0,0,0,0,10.699999999999989,Low,Medium,66772.59999999999,0
H,298.0,308.8,1411,53.8,73,0,0,0,0,0,0,10.800000000000011,Low,High,75911.8,0
L,298.1,308.9,2136,15.9,78,0,0,0,0,0,0,10.799999999999955,Low,Low,33962.4,0
M,298.2,309.0,1446,45.8,80,0,0,0,0,0,0,10.800000000000011,Low,Medium,66226.8,0
H,298.1,308.9,1388,53.5,83,0,0,0,0,0,0,10.799999999999955,Low,High,74258.0,0
M,298.1,308.9,1323,51.7,88,0,0,0,0,0,0,10.799999999999955,Medium,Medium,68399.1,0
L,298.2,309.0,1780,29.3,91,0,0,0,0,0,0,10.800000000000011,Medium,Medium,52154.0,0
M,298.1,308.8,1434,41.8,93,0,0,0,0,0,0,10.699999999999989,Medium,Medium,59941.2,0
M,298.0,308.7,1494,42.6,96,0,0,0,0,0,0,10.699999999999989,Medium,Medium,63644.4,0
H,298.0,308.7,1536,39.6,99,0,0,0,0,0,0,10.699999999999989,Medium,Medium,60825.600000000006,0
M,298.0,308.7,1392,53.4,104,0,0,0,0,0,0,10.699999999999989,Medium,High,74332.8,0
H,298.2,309.0,1360,56.8,107,0,0,0,0,0,0,10.800000000000011,Medium,High,77248.0,0
L,298.4,309.2,1583,35.4,112,0,0,0,0,0,0,10.800000000000011,Medium,Medium,56038.2,0
L,298.5,309.2,1983,20.2,114,0,0,0,0,0,0,10.699999999999989,Medium,Low,40056.6,0
L,298.5,309.3,1630,33.3,116,0,0,0,0,0,0,10.800000000000011,Medium,Medium,54278.99999999999,0
M,298.5,309.3,1692,26.7,118,0,0,0,0,0,0,10.800000000000011,Medium,Low,45176.4,0
L,298.4,309.1,1417,40.6,121,0,0,0,0,0,0,10.700000000000045,Medium,Medium,57530.200000000004,0
L,298.4,309.1,1579,36.1,123,0,0,0,0,0,0,10.700000000000045,Medium,Medium,57001.9,0
M,298.4,309.2,1399,45.2,125,0,0,0,0,0,0,10.800000000000011,Medium,Medium,63234.8,0
M,298.4,309.2,1414,46.4,128,0,0,0,0,0,0,10.800000000000011,Medium,Medium,65609.59999999999,0
L,298.5,309.3,1570,40.1,131,0,0,0,0,0,0,10.800000000000011,Medium,Medium,62957.0,0
M,298.5,309.3,1552,36.8,133,0,0,0,0,0,0,10.800000000000011,Medium,Medium,57113.6,0
L,298.6,309.4,1440,48.2,136,0,0,0,0,0,0,10.799999999999955,Medium,Medium,69408.0,0
M,298.6,309.4,1460,43.8,138,0,0,0,0,0,0,10.799999999999955,Medium,Medium,63947.99999999999,0
L,298.6,309.4,1471,48.0,141,0,0,0,0,0,0,10.799999999999955,Medium,Medium,70608.0,0
L,298.6,309.3,1702,27.6,143,0,0,0,0,0,0,10.699999999999989,Medium,Low,46975.200000000004,0
L,298.6,309.4,1375,55.4,145,0,0,0,0,0,0,10.799999999999955,Medium,High,76175.0,0
L,298.6,309.4,1698,33.2,147,0,0,0,0,0,0,10.799999999999955,Medium,Medium,56373.600000000006,0
H,298.6,309.4,1439,47.1,149,0,0,0,0,0,0,10.799999999999955,Medium,Medium,67776.90000000001,0
M,298.6,309.4,1774,27.5,154,0,0,0,0,0,0,10.799999999999955,Medium,Low,48785.0,0
M,298.7,309.4,1375,48.3,157,0,0,0,0,0,0,10.699999999999989,Medium,Medium,66412.5,0
L,298.7,309.5,1446,40.0,160,0,0,0,0,0,0,10.800000000000011,Medium,Medium,57840.0,0
M,298.7,309.6,1455,46.8,162,0,0,0,0,0,0,10.900000000000034,Medium,Medium,68094.0,0
L,298.8,309.6,1523,41.9,165,0,0,0,0,0,0,10.800000000000011,Medium,Medium,63813.7,0
M,298.8,309.6,1692,31.9,167,0,0,0,0,0,0,10.800000000000011,Medium,Medium,53974.799999999996,0
M,298.8,309.6,1693,33.3,170,0,0,0,0,0,0,10.800000000000011,High,Medium,56376.899999999994,0
L,298.8,309.6,1890,24.0,173,0,0,0,0,0,0,10.800000000000011,High,Low,45360.0,0
H,298.9,309.6,1600,33.5,175,0,0,0,0,0,0,10.700000000000045,High,Medium,53600.0,0
M,298.9,309.6,1434,43.8,180,0,0,0,0,0,0,10.700000000000045,High,Medium,62809.2,0
L,298.9,309.6,1365,50.9,183,0,0,0,0,0,0,10.700000000000045,High,Medium,69478.5,0
H,298.8,309.6,1309,57.4,185,0,0,0,0,0,0,10.800000000000011,High,High,75136.59999999999,0
H,298.9,309.6,1546,35.3,190,0,0,0,0,0,0,10.700000000000045,High,Medium,54573.799999999996,0
L,298.9,309.6,1663,33.7,195,0,0,0,0,0,0,10.700000000000045,High,Medium,56043.100000000006,0
L,298.9,309.6,1589,34.2,197,0,0,0,0,0,0,10.700000000000045,High,Medium,54343.8,0
M,298.9,309.6,1472,46.0,199,0,0,0,0,0,0,10.700000000000045,High,Medium,67712.0,0
L,298.9,309.6,1583,39.8,202,0,0,0,0,0,0,10.700000000000045,High,Medium,63003.399999999994,1
M,298.9,309.6,1567,34.5,204,0,0,0,0,0,0,10.700000000000045,High,Medium,54061.5,1
L,298.9,309.7,1407,41.9,207,0,0,0,0,0,0,10.800000000000011,High,Medium,58953.299999999996,1
M,299.0,309.7,1418,44.7,209,0,0,0,0,0,0,10.699999999999989,High,Medium,63384.600000000006,1
M,299.0,309.7,1489,40.7,212,0,0,0,0,0,0,10.699999999999989,High,Medium,60602.3,1
L,299.1,309.9,1586,36.6,215,0,0,0,0,0,0,10.799999999999955,High,Medium,58047.600000000006,1
L,299.1,309.8,1398,55.4,217,1,0,0,0,1,0,10.699999999999989,High,High,77449.2,1
L,299.2,309.9,1516,41.4,219,0,0,0,0,0,0,10.699999999999989,High,Medium,62762.4,1
H,299.3,310.0,1373,44.8,221,0,0,0,0,0,0,10.699999999999989,High,Medium,61510.399999999994,1
M,299.2,310.0,1349,50.4,226,0,0,0,0,0,0,10.800000000000011,High,Medium,67989.59999999999,1
H,299.1,309.9,1443,40.3,0,0,0,0,0,0,0,10.799999999999955,Low,Medium,58152.899999999994,0
H,299.2,310.1,1542,36.1,5,0,0,0,0,0,0,10.900000000000034,Low,Medium,55666.200000000004,0
L,299.2,310.1,1534,37.7,10,0,0,0,0,0,0,10.900000000000034,Low,Medium,57831.8,0
L,299.2,310.2,1697,30.6,12,0,0,0,0,0,0,11.0,Low,Medium,51928.200000000004,0
L,299.3,310.3,1396,47.4,14,0,0,0,0,0,0,11.0,Low,Medium,66170.4,0
L,299.3,310.2,1495,49.2,16,0,0,0,0,0,0,10.899999999999977,Low,Medium,73554.0,0
M,299.2,310.3,1551,44.8,18,0,0,0,0,0,0,11.100000000000023,Low,Medium,69484.79999999999,0
L,299.2,310.3,1440,47.0,21,0,0,0,0,0,0,11.100000000000023,Low,Medium,67680.0,0
L,299.2,310.3,1429,40.1,23,0,0,0,0,0,0,11.100000000000023,Low,Medium,57302.9,0
H,299.3,310.4,1548,41.6,25,0,0,0,0,0,0,11.099999999999966,Low,Medium,64396.8,0
L,299.3,310.5,1505,38.8,30,0,0,0,0,0,0,11.199999999999989,Low,Medium,58393.99999999999,0
L,299.2,310.4,1611,36.4,32,0,0,0,0,0,0,11.199999999999989,Low,Medium,58640.399999999994,0
M,299.2,310.4,1502,39.8,34,0,0,0,0,0,0,11.199999999999989,Low,Medium,59779.6,0
M,299.2,310.4,1504,43.3,37,0,0,0,0,0,0,11.199999999999989,Low,Medium,65123.2,0
L,299.1,310.3,1449,40.7,40,0,0,0,0,0,0,11.199999999999989,Low,Medium,58974.3,0
L,299.0,310.2,1575,37.8,42,0,0,0,0,0,0,11.199999999999989,Low,Medium,59534.99999999999,0
M,299.0,310.2,1598,33.4,44,0,0,0,0,0,0,11.199999999999989,Low,Medium,53373.2,0
L,299.0,310.1,1416,45.9,47,0,0,0,0,0,0,11.100000000000023,Low,Medium,64994.4,0
L,299.0,310.2,1682,28.8,49,0,0,0,0,0,0,11.199999999999989,Low,Medium,48441.6,0
L,298.9,310.1,1341,54.5,51,0,0,0,0,0,0,11.200000000000045,Low,High,73084.5,0
L,298.9,310.1,1523,39.1,53,0,0,0,0,0,0,11.200000000000045,Low,Medium,59549.3,0
L,299.0,310.1,1580,41.9,55,0,0,0,0,0,0,11.100000000000023,Low,Medium,66202.0,0
L,299.0,310.1,1531,36.0,57,0,0,0,0,0,0,11.100000000000023,Low,Medium,55116.0,0
L,299.0,310.1,1375,48.9,59,0,0,0,0,0,0,11.100000000000023,Low,Medium,67237.5,0
M,298.9,310.1,1484,40.4,61,0,0,0,0,0,0,11.200000000000045,Low,Medium,59953.6,0
M,299.0,310.2,1657,32.3,64,0,0,0,0,0,0,11.199999999999989,Low,Medium,53521.1,0
L,299.0,310.2,1494,40.6,67,0,0,0,0,0,0,11.199999999999989,Low,Medium,60656.4,0
H,299.0,310.3,1658,27.6,69,0,0,0,0,0,0,11.300000000000011,Low,Low,45760.8,0
L,299.1,310.3,1411,42.1,74,0,0,0,0,0,0,11.199999999999989,Low,Medium,59403.1,0
M,299.2,310.4,1395,55.4,76,0,0,0,0,0,0,11.199999999999989,Low,High,77283.0,0
L,299.1,310.4,1550,43.9,79,0,0,0,0,0,0,11.299999999999955,Low,Medium,68045.0,0
M,299.1,310.3,1233,59.0,81,0,0,0,0,0,0,11.199999999999989,Low,High,72747.0,0
L,299.1,310.3,1459,46.7,84,0,0,0,0,0,0,11.199999999999989,Low,Medium,68135.3,0
H,299.1,310.4,1405,53.6,86,0,0,0,0,0,0,11.299999999999955,Medium,High,75308.0,0
L,299.2,310.5,1458,44.1,91,0,0,0,0,0,0,11.300000000000011,Medium,Medium,64297.8,0
L,299.2,310.5,1384,48.7,93,0,0,0,0,0,0,11.300000000000011,Medium,Medium,67400.8,0
L,299.2,310.5,1705,29.5,95,0,0,0,0,0,0,11.300000000000011,Medium,Medium,50297.5,0
L,299.3,310.6,1443,45.7,97,0,0,0,0,0,0,11.300000000000011,Medium,Medium,65945.1,0
M,299.3,310.6,1609,31.4,99,0,0,0,0,0,0,11.300000000000011,Medium,Medium,50522.6,0
L,299.3,310.5,1818,26.0,102,0,0,0,0,0,0,11.199999999999989,Medium,Low,47268.0,0
M,299.3,310.6,1457,42.1,104,0,0,0,0,0,0,11.300000000000011,Medium,Medium,61339.700000000004,0
L,299.3,310.6,1480,45.1,107,0,0,0,0,0,0,11.300000000000011,Medium,Medium,66748.0,0
L,299.4,310.8,1424,47.7,109,0,0,0,0,0,0,11.400000000000034,Medium,Medium,67924.8,0
M,299.4,310.8,1628,40.2,111,0,0,0,0,0,0,11.400000000000034,Medium,Medium,65445.600000000006,0
M,299.5,310.8,1754,31.3,114,0,0,0,0,0,0,11.300000000000011,Medium,Medium,54900.200000000004,0
L,299.6,310.9,1716,28.5,117,0,0,0,0,0,0,11.299999999999955,Medium,Medium,48906.0,0
M,299.5,310.9,1378,48.7,119,0,0,0,0,0,0,11.399999999999977,Medium,Medium,67108.6,0
L,299.6,311.0,1708,31.0,122,0,0,0,0,0,0,11.399999999999977,Medium,Medium,52948.0,0
L,299.6,311.0,1430,38.3,124,0,0,0,0,0,0,11.399999999999977,Medium,Medium,54768.99999999999,0
M,299.7,311.2,1560,43.9,126,0,0,0,0,0,0,11.5,Medium,Medium,68484.0,0
L,299.6,311.1,1679,30.7,129,0,0,0,0,0,0,11.5,Medium,Medium,51545.299999999996,0
L,299.6,311.1,1521,37.2,131,0,0,0,0,0,0,11.5,Medium,Medium,56581.200000000004,0
M,299.6,311.1,1649,33.8,133,0,0,0,0,0,0,11.5,Medium,Medium,55736.2,0
M,299.5,311.0,1451,43.3,136,0,0,0,0,0,0,11.5,Medium,Medium,62828.299999999996,0
L,299.4,310.8,1391,48.9,139,0,0,0,0,0,0,11.400000000000034,Medium,Medium,68019.9,0
M,299.3,310.8,1523,40.9,141,0,0,0,0,0,0,11.5,Medium,Medium,62290.7,0
L,299.3,310.7,1495,39.2,144,0,0,0,0,0,0,11.399999999999977,Medium,Medium,58604.00000000001,0
M,299.3,310.7,1440,45.5,146,0,0,0,0,0,0,11.399999999999977,Medium,Medium,65520.0,0
H,299.4,310.8,1585,31.4,149,0,0,0,0,0,0,11.400000000000034,Medium,Medium,49769.0,0
L,299.5,310.8,1374,48.3,154,0,0,0,0,0,0,11.300000000000011,Medium,Medium,66364.2,0
M,299.5,310.8,1507,40.2,156,0,0,0,0,0,0,11.300000000000011,Medium,Medium,60581.4,0
M,299.5,310.9,1577,34.6,159,0,0,0,0,0,0,11.399999999999977,Medium,Medium,54564.200000000004,0
L,299.5,310.9,1496,38.5,162,0,0,0,0,0,0,11.399999999999977,Medium,Medium,57596.0,0
L,299.6,310.9,1487,42.5,164,0,0,0,0,0,0,11.299999999999955,Medium,Medium,63197.5,0
L,299.6,310.9,1853,26.3,166,0,0,0,0,0,0,11.299999999999955,Medium,Low,48733.9,0
M,299.7,311.0,1435,50.1,168,0,0,0,0,0,0,11.300000000000011,Medium,Medium,71893.5,0
M,299.8,311.1,1763,25.5,171,0,0,0,0,0,0,11.300000000000011,High,Low,44956.5,0
L,299.8,311.1,1820,24.9,174,0,0,0,0,0,0,11.300000000000011,High,Low,45318.0,0
M,299.8,311.1,1498,38.1,176,0,0,0,0,0,0,11.300000000000011,High,Medium,57073.8,0
L,299.8,311.1,1603,35.1,179,0,0,0,0,0,0,11.300000000000011,High,Medium,56265.3,0
L,299.8,311.1,1412,42.5,181,0,0,0,0,0,0,11.300000000000011,High,Medium,60010.0,0
L,299.8,311.1,1588,38.0,183,0,0,0,0,0,0,11.300000000000011,High,Medium,60344.0,0
M,299.8,311.0,1948,20.0,185,0,0,0,0,0,0,11.199999999999989,High,Low,38960.0,0
L,299.7,310.9,1384,48.2,188,0,0,0,0,0,0,11.199999999999989,High,Medium,66708.8,0
L,299.7,310.8,1589,36.0,190,0,0,0,0,0,0,11.100000000000023,High,Medium,57204.0,0
M,299.7,310.8,1405,47.6,192,0,0,0,0,0,0,11.100000000000023,High,Medium,66878.0,0
L,299.7,310.9,1491,40.1,195,0,0,0,0,0,0,11.199999999999989,High,Medium,59789.1,0
H,299.7,310.8,1418,46.6,197,0,0,0,0,0,0,11.100000000000023,High,Medium,66078.8,0
M,299.6,310.8,1603,35.4,202,0,0,0,0,0,0,11.199999999999989,High,Medium,56746.2,1
L,299.6,310.7,1922,23.3,205,1,1,0,0,0,0,11.099999999999966,High,Low,44782.6,1
M,299.5,310.7,1364,49.5,0,0,0,0,0,0,0,11.199999999999989,Low,Medium,67518.0,0
L,299.4,310.7,1551,41.2,3,0,0,0,0,0,0,11.300000000000011,Low,Medium,63901.200000000004,0
L,299.5,310.7,1589,33.5,5,0,0,0,0,0,0,11.199999999999989,Low,Medium,53231.5,0
M,299.5,310.7,1423,56.5,7,0,0,0,0,0,0,11.199999999999989,Low,High,80399.5,0
L,299.4,310.6,1418,53.1,10,0,0,0,0,0,0,11.200000000000045,Low,High,75295.8,0
M,299.3,310.5,1404,47.5,12,0,0,0,0,0,0,11.199999999999989,Low,Medium,66690.0,0
L,299.3,310.5,1281,59.8,15,0,0,0,0,0,0,11.199999999999989,Low,High,76603.8,0
L,299.3,310.5,1529,41.3,17,0,0,0,0,0,0,11.199999999999989,Low,Medium,63147.7,0
M,299.3,310.5,1563,42.1,19,0,0,0,0,0,0,11.199999999999989,Low,Medium,65802.3,0
L,299.4,310.6,1348,54.5,22,0,0,0,0,0,0,11.200000000000045,Low,High,73466.0,0
M,299.3,310.5,1462,40.5,24,0,0,0,0,0,0,11.199999999999989,Low,Medium,59211.0,0
H,299.3,310.4,1510,45.5,27,0,0,0,0,0,0,11.099999999999966,Low,Medium,68705.0,0
L,299.2,310.4,1472,43.3,32,0,0,0,0,0,0,11.199999999999989,Low,Medium,63737.6,0
M,299.2,310.4,1325,52.0,34,0,0,0,0,0,0,11.199999999999989,Low,Medium,68900.0,0
L,299.2,310.4,1570,37.3,37,0,0,0,0,0,0,11.199999999999989,Low,Medium,58560.99999999999,0
L,299.2,310.4,1379,46.8,39,0,0,0,0,0,0,11.199999999999989,Low,Medium,64537.2,0
L,299.1,310.2,1352,52.8,41,0,0,0,0,0,0,11.099999999999966,Low,High,71385.59999999999,0
L,299.1,310.3,1727,28.7,43,0,0,0,0,0,0,11.199999999999989,Low,Medium,49564.9,0
H,299.0,310.1,1432,50.0,45,0,0,0,0,0,0,11.100000000000023,Low,Medium,71600.0,0
L,298.9,310.1,1466,43.4,50,0,0,0,0,0,0,11.200000000000045,Low,Medium,63624.4,0
L,298.9,310.1,1510,38.0,52,0,0,0,0,0,0,11.200000000000045,Low,Medium,57380.0,0
L,299.0,310.2,1490,41.1,54,0,0,0,0,0,0,11.199999999999989,Low,Medium,61239.0,0
L,299.0,310.1,1463,37.4,56,0,0,0,0,0,0,11.100000000000023,Low,Medium,54716.2,0
M,298.9,310.0,1561,45.3,58,0,0,0,0,0,0,11.100000000000023,Low,Medium,70713.29999999999,0
L,298.9,310.1,2109,18.0,61,0,0,0,0,0,0,11.200000000000045,Low,Low,37962.0,0
L,298.9,310.2,1705,32.5,63,0,0,0,0,0,0,11.300000000000011,Low,Medium,55412.5,0
M,298.9,310.1,1549,40.2,65,0,0,0,0,0,0,11.200000000000045,Low,Medium,62269.8,0
H,299.0,310.2,1637,38.0,68,0,0,0,0,0,0,11.199999999999989,Low,Medium,62206.0,0
M,298.9,310.1,1484,37.9,73,0,0,0,0,0,0,11.200000000000045,Low,Medium,56243.6,0
L,298.9,310.1,1401,44.4,76,0,0,0,0,0,0,11.200000000000045,Low,Medium,62204.4,0
L,298.9,310.1,1571,36.8,78,0,0,0,0,0,0,11.200000000000045,Low,Medium,57812.799999999996,0
M,298.9,310.1,1513,41.5,80,0,0,0,0,0,0,11.200000000000045,Low,Medium,62789.5,0
L,299.0,310.1,1470,40.3,83,0,0,0,0,0,0,11.100000000000023,Low,Medium,59240.99999999999,0
L,299.0,310.1,1505,41.3,85,0,0,0,0,0,0,11.100000000000023,Medium,Medium,62156.49999999999,0
L,299.0,310.2,1432,42.2,87,0,0,0,0,0,0,11.199999999999989,Medium,Medium,60430.4,0
M,299.0,310.2,1625,31.8,89,0,0,0,0,0,0,11.199999999999989,Medium,Medium,51675.0,0
L,299.0,310.2,1377,62.5,92,1,0,0,1,0,0,11.199999999999989,Medium,High,86062.5,0
M,299.1,310.3,1441,43.9,94,0,0,0,0,0,0,11.199999999999989,Medium,Medium,63259.9,0
M,299.0,310.2,1564,39.9,97,0,0,0,0,0,0,11.199999999999989,Medium,Medium,62403.6,0
L,298.9,310.1,1580,37.3,100,0,0,0,0,0,0,11.200000000000045,Medium,Medium,58933.99999999999,0
L,299.0,310.2,1516,35.3,102,0,0,0,0,0,0,11.199999999999989,Medium,Medium,53514.799999999996,0
L,299.0,310.1,1447,42.8,104,0,0,0,0,0,0,11.100000000000023,Medium,Medium,61931.6,0
M,298.9,310.0,1323,52.9,106,0,0,0,0,0,0,11.100000000000023,Medium,High,69986.7,0
L,298.9,310.0,1470,45.9,109,0,0,0,0,0,0,11.100000000000023,Medium,Medium,67473.0,0
M,299.0,310.0,2049,19.5,111,0,0,0,0,0,0,11.0,Medium,Low,39955.5,0
L,298.9,310.0,1794,27.2,114,0,0,0,0,0,0,11.100000000000023,Medium,Low,48796.799999999996,0
L,298.9,310.1,1356,47.8,116,0,0,0,0,0,0,11.200000000000045,Medium,Medium,64816.799999999996,0
H,299.0,310.1,1555,38.6,118,0,0,0,0,0,0,11.100000000000023,Medium,Medium,60023.0,0
M,299.0,310.1,1487,47.5,123,0,0,0,0,0,0,11.100000000000023,Medium,Medium,70632.5,0
M,299.0,310.0,1341,58.9,126,0,0,0,0,0,0,11.0,Medium,High,78984.9,0
M,298.9,310.0,1487,36.6,129,0,0,0,0,0,0,11.100000000000023,Medium,Medium,54424.200000000004,0
H,299.0,310.0,1569,34.3,132,0,0,0,0,0,0,11.0,Medium,Medium,53816.7,0
H,299.0,310.1,2053,19.7,137,0,0,0,0,0,0,11.100000000000023,Medium,Low,40444.1,0
L,299.0,310.1,1583,35.8,142,0,0,0,0,0,0,11.100000000000023,Medium,Medium,56671.399999999994,0
L,299.0,310.0,1672,33.2,144,0,0,0,0,0,0,11.0,Medium,Medium,55510.4,0
M,299.0,310.0,1337,57.4,146,0,0,0,0,0,0,11.0,Medium,High,76743.8,0
H,299.1,310.1,1421,41.2,149,0,0,0,0,0,0,11.0,Medium,Medium,58545.200000000004,0
L,299.1,310.2,1425,52.7,154,0,0,0,0,0,0,11.099999999999966,Medium,High,75097.5,0
L,299.2,310.2,1609,33.2,156,0,0,0,0,0,0,11.0,Medium,Medium,53418.8,0
L,299.2,310.3,1507,41.3,158,0,0,0,0,0,0,11.100000000000023,Medium,Medium,62239.1,0
L,299.2,310.3,1463,38.9,160,0,0,0,0,0,0,11.100000000000023,Medium,Medium,56910.7,0
H,299.3,310.4,1393,44.9,162,0,0,0,0,0,0,11.099999999999966,Medium,Medium,62545.7,0
L,299.3,310.4,1725,26.8,167,0,0,0,0,0,0,11.099999999999966,Medium,Low,46230.0,0
L,299.4,310.5,1514,36.1,169,0,0,0,0,0,0,11.100000000000023,High,Medium,54655.4,0
L,299.3,310.4,1365,53.9,171,0,0,0,0,0,0,11.099999999999966,High,High,73573.5,0
L,299.4,310.5,1372,46.3,173,0,0,0,0,0,0,11.100000000000023,High,Medium,63523.6,0
L,299.4,310.4,1509,40.6,175,0,0,0,0,0,0,11.0,High,Medium,61265.4,0
L,299.3,310.4,1629,32.6,177,0,0,0,0,0,0,11.099999999999966,High,Medium,53105.4,0
L,299.4,310.5,1749,28.1,179,0,0,0,0,0,0,11.100000000000023,High,Medium,49146.9,0
L,299.4,310.4,1582,31.7,181,0,0,0,0,0,0,11.0,High,Medium,50149.4,0
L,299.2,310.2,1458,47.0,183,0,0,0,0,0,0,11.0,High,Medium,68526.0,0
L,299.1,310.1,1416,41.2,185,0,0,0,0,0,0,11.0,High,Medium,58339.200000000004,0
H,299.1,310.0,1657,33.1,187,0,0,0,0,0,0,10.899999999999977,High,Medium,54846.700000000004,0
M,299.1,310.0,1437,41.1,192,0,0,0,0,0,0,10.899999999999977,High,Medium,59060.700000000004,0
M,299.1,310.0,1580,36.0,195,0,0,0,0,0,0,10.899999999999977,High,Medium,56880.0,0
M,299.0,310.0,1488,46.3,198,0,0,0,0,0,0,11.0,High,Medium,68894.4,0
L,299.0,309.9,1373,55.7,201,1,0,0,0,1,0,10.899999999999977,High,High,76476.1,1
L,299.1,310.0,1367,56.3,203,1,0,0,0,1,0,10.899999999999977,High,High,76962.09999999999,1
H,299.1,310.0,1431,49.5,205,0,0,0,0,0,0,10.899999999999977,High,Medium,70834.5,1
L,299.0,310.1,1623,33.0,210,0,0,0,0,0,0,11.100000000000023,High,Medium,53559.0,1
L,299.0,310.0,1484,39.6,212,0,0,0,0,0,0,11.0,High,Medium,58766.4,1
L,299.0,309.9,1548,34.5,214,0,0,0,0,0,0,10.899999999999977,High,Medium,53406.0,1
L,298.9,309.8,1287,61.9,216,1,0,0,0,1,0,10.900000000000034,High,High,79665.3,1
M,298.9,309.8,1392,43.1,218,0,0,0,0,0,0,10.900000000000034,High,Medium,59995.200000000004,1
H,299.0,310.0,1458,44.9,221,0,0,0,0,0,0,11.0,High,Medium,65464.2,1
M,299.1,310.1,1570,30.9,226,0,0,0,0,0,0,11.0,High,Medium,48513.0,1
L,299.1,310.1,1435,48.8,229,1,0,0,0,1,0,11.0,High,Medium,70028.0,1
L,299.1,310.2,1317,54.8,231,1,0,0,0,1,0,11.099999999999966,High,High,72171.59999999999,1
L,299.2,310.3,1610,33.3,233,0,0,0,0,0,0,11.100000000000023,High,Medium,53612.99999999999,1
M,299.1,310.3,1838,24.0,235,0,0,0,0,0,0,11.199999999999989,High,Low,44112.0,1
L,299.2,310.3,1352,48.9,238,1,0,0,0,1,0,11.100000000000023,High,Medium,66112.8,1
L,299.1,310.3,1619,35.2,240,0,0,0,0,0,0,11.199999999999989,High,Medium,56988.8,1
L,299.1,310.3,1619,31.1,242,0,0,0,0,0,0,11.199999999999989,High,Medium,50350.9,1
L,299.0,310.2,1690,30.7,244,0,0,0,0,0,0,11.199999999999989,High,Medium,51883.0,1
L,299.0,310.2,1412,44.1,246,0,0,0,0,0,0,11.199999999999989,High,Medium,62269.200000000004,1
H,299.0,310.2,1744,31.5,0,0,0,0,0,0,0,11.199999999999989,Low,Medium,54936.0,0
M,299.0,310.1,1593,35.4,5,0,0,0,0,0,0,11.100000000000023,Low,Medium,56392.2,0
L,299.1,310.2,1695,29.6,8,0,0,0,0,0,0,11.099999999999966,Low,Medium,50172.0,0
M,299.0,310.2,1298,57.2,10,0,0,0,0,0,0,11.199999999999989,Low,High,74245.6,0
L,299.0,310.1,1886,21.2,13,0,0,0,0,0,0,11.100000000000023,Low,Low,39983.2,0
L,299.0,310.1,2033,19.3,15,0,0,0,0,0,0,11.100000000000023,Low,Low,39236.9,0
M,299.1,310.2,1711,28.1,17,0,0,0,0,0,0,11.099999999999966,Low,Medium,48079.100000000006,0
L,299.1,310.2,1598,33.4,20,0,0,0,0,0,0,11.099999999999966,Low,Medium,53373.2,0
L,299.1,310.1,1894,24.2,22,0,0,0,0,0,0,11.0,Low,Low,45834.799999999996,0
M,299.1,310.1,1412,44.4,24,0,0,0,0,0,0,11.0,Low,Medium,62692.799999999996,0
L,299.1,310.0,1394,46.6,27,0,0,0,0,0,0,10.899999999999977,Low,Medium,64960.4,0
M,299.0,310.0,1338,56.4,29,0,0,0,0,0,0,11.0,Low,High,75463.2,0
H,298.9,309.9,1376,51.0,32,0,0,0,0,0,0,11.0,Low,Medium,70176.0,0
L,299.0,310.0,1360,48.1,37,0,0,0,0,0,0,11.0,Low,Medium,65416.0,0
L,299.1,310.1,1486,40.7,39,0,0,0,0,0,0,11.0,Low,Medium,60480.200000000004,0
M,299.1,310.1,1649,31.6,41,0,0,0,0,0,0,11.0,Low,Medium,52108.4,0
L,299.1,310.1,1367,45.6,44,0,0,0,0,0,0,11.0,Low,Medium,62335.200000000004,0
L,299.0,310.1,1362,59.5,46,0,0,0,0,0,0,11.100000000000023,Low,High,81039.0,0
M,298.9,310.0,1520,35.6,48,0,0,0,0,0,0,11.100000000000023,Low,Medium,54112.0,0
L,299.0,310.0,1582,31.9,51,0,0,0,0,0,0,11.0,Low,Medium,50465.799999999996,0
M,299.0,310.0,1667,30.0,53,0,0,0,0,0,0,11.0,Low,Medium,50010.0,0
L,298.9,310.0,1693,28.8,56,0,0,0,0,0,0,11.100000000000023,Low,Medium,48758.4,0
L,298.9,310.0,1559,33.4,58,0,0,0,0,0,0,11.100000000000023,Low,Medium,52070.6,0
L,298.9,309.9,1592,32.0,60,0,0,0,0,0,0,11.0,Low,Medium,50944.0,0
L,298.9,309.9,1404,39.8,62,0,0,0,0,0,0,11.0,Low,Medium,55879.2,0
M,298.8,309.8,1413,45.5,64,0,0,0,0,0,0,11.0,Low,Medium,64291.5,0
L,298.8,309.8,1663,28.2,67,0,0,0,0,0,0,11.0,Low,Medium,46896.6,0
L,298.8,309.8,1508,36.3,69,0,0,0,0,0,0,11.0,Low,Medium,54740.399999999994,0
M,298.9,309.8,1353,53.7,71,0,0,0,0,0,0,10.900000000000034,Low,High,72656.1,0
L,298.8,309.8,1485,42.4,74,0,0,0,0,0,0,11.0,Low,Medium,62964.0,0
L,298.9,310.0,1633,31.2,76,0,0,0,0,0,0,11.100000000000023,Low,Medium,50949.6,0
L,298.9,310.0,1422,43.6,78,0,0,0,0,0,0,11.100000000000023,Low,Medium,61999.200000000004,0
L,298.9,310.1,1577,41.4,80,0,0,0,0,0,0,11.200000000000045,Low,Medium,65287.799999999996,0
L,298.9,310.0,1482,41.1,82,0,0,0,0,0,0,11.100000000000023,Low,Medium,60910.200000000004,0
M,299.0,310.1,1705,30.1,84,0,0,0,0,0,0,11.100000000000023,Low,Medium,51320.5,0
L,299.0,310.1,1699,32.9,87,0,0,0,0,0,0,11.100000000000023,Medium,Medium,55897.1,0
L,299.0,310.1,1664,29.7,89,0,0,0,0,0,0,11.100000000000023,Medium,Medium,49420.799999999996,0
M,299.0,310.0,1486,34.6,91,0,0,0,0,0,0,11.0,Medium,Medium,51415.6,0
L,299.1,310.1,1336,61.3,94,0,0,0,0,0,0,11.0,Medium,High,81896.8,0
H,299.1,310.1,1429,42.9,96,0,0,0,0,0,0,11.0,Medium,Medium,61304.1,0
M,299.1,310.2,1456,48.4,101,0,0,0,0,0,0,11.099999999999966,Medium,Medium,70470.4,0
L,299.1,310.2,1496,45.0,104,0,0,0,0,0,0,11.099999999999966,Medium,Medium,67320.0,0
L,299.1,310.1,1894,20.1,106,0,0,0,0,0,0,11.0,Medium,Low,38069.4,0
L,299.1,310.1,1373,55.6,108,0,0,0,0,0,0,11.0,Medium,High,76338.8,0
H,299.0,310.0,1387,45.2,110,0,0,0,0,0,0,11.0,Medium,Medium,62692.4,0
L,298.9,309.9,1500,44.2,115,0,0,0,0,0,0,11.0,Medium,Medium,66300.0,0
L,298.9,309.9,1517,36.6,117,0,0,0,0,0,0,11.0,Medium,Medium,55522.200000000004,0
L,298.9,309.9,1309,56.2,119,0,0,0,0,0,0,11.0,Medium,High,73565.8,0
M,298.9,309.9,1357,54.5,121,0,0,0,0,0,0,11.0,Medium,High,73956.5,0
L,298.8,309.8,1490,40.6,124,0,0,0,0,0,0,11.0,Medium,Medium,60494.0,0
H,298.8,309.8,1911,21.6,126,0,0,0,0,0,0,11.0,Medium,Low,41277.600000000006,0
L,298.8,309.8,1599,33.6,131,0,0,0,0,0,0,11.0,Medium,Medium,53726.4,0
M,298.8,309.7,2098,19.0,133,0,0,0,0,0,0,10.899999999999977,Medium,Low,39862.0,0
M,298.7,309.7,1629,27.9,136,0,0,0,0,0,0,11.0,Medium,Low,45449.1,0
L,298.8,309.8,1557,37.2,139,0,0,0,0,0,0,11.0,Medium,Medium,57920.4,0
L,298.8,309.8,1461,39.4,141,0,0,0,0,0,0,11.0,Medium,Medium,57563.4,0
L,298.8,309.8,1563,33.7,143,0,0,0,0,0,0,11.0,Medium,Medium,52673.100000000006,0
L,298.7,309.8,1695,29.0,145,0,0,0,0,0,0,11.100000000000023,Medium,Medium,49155.0,0
L,298.8,310.0,1528,36.7,147,0,0,0,0,0,0,11.199999999999989,Medium,Medium,56077.600000000006,0
L,298.8,310.0,1389,49.6,149,0,0,0,0,0,0,11.199999999999989,Medium,Medium,68894.40000000001,0
L,298.9,310.0,2231,17.4,151,0,0,0,0,0,0,11.100000000000023,Medium,Low,38819.399999999994,0
M,298.9,310.1,1442,42.9,153,0,0,0,0,0,0,11.200000000000045,Medium,Medium,61861.799999999996,0
H,298.9,310.1,1458,44.3,156,0,0,0,0,0,0,11.200000000000045,Medium,Medium,64589.399999999994,0
L,299.0,310.1,1444,47.7,161,0,0,0,0,0,0,11.100000000000023,Medium,Medium,68878.8,0
M,298.9,310.0,1348,58.2,163,0,0,0,0,0,0,11.100000000000023,Medium,High,78453.6,0
L,298.9,310.0,1791,27.6,166,0,0,0,0,0,0,11.100000000000023,Medium,Low,49431.600000000006,0
L,299.0,310.0,1509,38.0,168,0,0,0,0,0,0,11.0,Medium,Medium,57342.0,0
L,298.9,310.0,1515,42.9,170,0,0,0,0,0,0,11.100000000000023,High,Medium,64993.5,0
M,298.9,310.1,1655,31.5,172,0,0,0,0,0,0,11.200000000000045,High,Medium,52132.5,0
L,298.9,310.1,1495,42.9,175,0,0,0,0,0,0,11.200000000000045,High,Medium,64135.5,0
L,298.9,310.2,1623,37.2,177,0,0,0,0,0,0,11.300000000000011,High,Medium,60375.600000000006,0
L,298.9,310.2,1562,42.5,179,0,0,0,0,0,0,11.300000000000011,High,Medium,66385.0,0
L,298.8,310.1,1574,36.2,181,0,0,0,0,0,0,11.300000000000011,High,Medium,56978.8,0
L,298.8,310.0,1611,32.4,183,0,0,0,0,0,0,11.199999999999989,High,Medium,52196.399999999994,0
L,298.8,310.0,1403,45.6,185,0,0,0,0,0,0,11.199999999999989,High,Medium,63976.8,0
L,298.8,310.1,1481,47.4,187,0,0,0,0,0,0,11.300000000000011,High,Medium,70199.4,0
M,298.9,310.1,1441,41.2,189,0,0,0,0,0,0,11.200000000000045,High,Medium,59369.200000000004,0
H,298.8,310.1,1483,45.4,192,0,0,0,0,0,0,11.300000000000011,High,Medium,67328.2,0
L,298.7,310.0,1555,32.6,197,0,0,0,0,0,0,11.300000000000011,High,Medium,50693.0,0
L,298.6,309.9,1615,28.8,199,0,0,0,0,0,0,11.299999999999955,High,Medium,46512.0,0
L,298.6,309.8,1561,32.6,201,0,0,0,0,0,0,11.199999999999989,High,Medium,50888.600000000006,1
L,298.5,309.8,1593,35.1,203,0,0,0,0,0,0,11.300000000000011,High,Medium,55914.3,1
M,298.5,309.7,1552,34.0,205,0,0,0,0,0,0,11.199999999999989,High,Medium,52768.0,1
H,298.5,309.7,1561,35.3,208,0,0,0,0,0,0,11.199999999999989,High,Medium,55103.299999999996,1
L,298.6,309.8,1597,35.9,213,0,0,0,0,0,0,11.199999999999989,High,Medium,57332.299999999996,1
M,298.6,309.9,1517,34.0,215,0,0,0,0,0,0,11.299999999999955,High,Medium,51578.0,1
L,298.6,309.8,2271,16.2,218,1,1,0,0,0,0,11.199999999999989,High,Low,36790.2,1
L,298.5,309.7,1613,36.7,0,0,0,0,0,0,0,11.199999999999989,Low,Medium,59197.100000000006,0
M,298.5,309.6,1509,47.3,2,0,0,0,0,0,0,11.100000000000023,Low,Medium,71375.7,0
L,298.6,309.7,1703,26.1,5,0,0,0,0,0,0,11.099999999999966,Low,Low,44448.3,0
L,298.6,309.7,1925,22.1,7,0,0,0,0,0,0,11.099999999999966,Low,Low,42542.5,0
M,298.6,309.6,1635,29.7,9,0,0,0,0,0,0,11.0,Low,Medium,48559.5,0
L,298.5,309.5,1294,66.7,12,1,0,0,1,0,0,11.0,Low,High,86309.8,0
L,298.6,309.6,1472,39.1,14,0,0,0,0,0,0,11.0,Low,Medium,57555.200000000004,0
H,298.6,309.6,1449,42.5,16,0,0,0,0,0,0,11.0,Low,Medium,61582.5,0
L,298.6,309.6,1563,35.0,21,0,0,0,0,0,0,11.0,Low,Medium,54705.0,0
L,298.6,309.6,1611,35.7,23,0,0,0,0,0,0,11.0,Low,Medium,57512.700000000004,0
L,298.6,309.6,1386,48.6,25,0,0,0,0,0,0,11.0,Low,Medium,67359.6,0
H,298.6,309.5,1584,31.8,27,0,0,0,0,0,0,10.899999999999977,Low,Medium,50371.200000000004,0
M,298.7,309.6,1424,50.4,32,0,0,0,0,0,0,10.900000000000034,Low,Medium,71769.59999999999,0
L,298.5,309.5,1561,34.8,35,0,0,0,0,0,0,11.0,Low,Medium,54322.799999999996,0
L,298.5,309.4,1560,37.9,37,0,0,0,0,0,0,10.899999999999977,Low,Medium,59124.0,0
H,298.6,309.5,1375,41.0,39,0,0,0,0,0,0,10.899999999999977,Low,Medium,56375.0,0
M,298.6,309.5,1684,27.8,44,0,0,0,0,0,0,10.899999999999977,Low,Low,46815.200000000004,0
M,298.6,309.6,1397,54.1,47,0,0,0,0,0,0,11.0,Low,High,75577.7,0
L,298.6,309.6,1387,57.6,50,0,0,0,0,0,0,11.0,Low,High,79891.2,0
H,298.7,309.7,1311,54.5,52,0,0,0,0,0,0,11.0,Low,High,71449.5,0
L,298.8,309.8,1509,36.2,57,0,0,0,0,0,0,11.0,Low,Medium,54625.8,0
M,298.8,309.8,1477,46.7,59,0,0,0,0,0,0,11.0,Low,Medium,68975.90000000001,0
L,298.8,309.9,1441,41.6,62,0,0,0,0,0,0,11.099999999999966,Low,Medium,59945.6,0
L,298.7,309.9,1404,47.1,64,0,0,0,0,0,0,11.199999999999989,Low,Medium,66128.40000000001,0
H,298.8,309.9,1466,44.6,66,0,0,0,0,0,0,11.099999999999966,Low,Medium,65383.6,0
M,298.7,309.8,1435,48.8,71,0,0,0,0,0,0,11.100000000000023,Low,Medium,70028.0,0
H,298.7,309.7,1697,29.8,74,0,0,0,0,0,0,11.0,Low,Medium,50570.6,0
M,298.7,309.6,1738,27.3,79,0,0,0,0,0,0,10.900000000000034,Low,Low,47447.4,0
H,298.6,309.5,1420,50.4,82,0,0,0,0,0,0,10.899999999999977,Low,Medium,71568.0,0
M,298.5,309.5,1535,39.8,87,0,0,0,0,0,0,11.0,Medium,Medium,61092.99999999999,0
L,298.6,309.6,1715,28.4,90,0,0,0,0,0,0,11.0,Medium,Medium,48706.0,0
L,298.6,309.5,1483,43.2,92,0,0,0,0,0,0,10.899999999999977,Medium,Medium,64065.600000000006,0
M,298.5,309.4,1521,37.5,94,0,0,0,0,0,0,10.899999999999977,Medium,Medium,57037.5,0
H,298.5,309.4,1573,36.0,97,0,0,0,0,0,0,10.899999999999977,Medium,Medium,56628.0,0
H,298.5,309.4,1414,46.7,102,0,0,0,0,0,0,10.899999999999977,Medium,Medium,66033.8,0
L,298.5,309.3,1590,33.9,107,0,0,0,0,0,0,10.800000000000011,Medium,Medium,53901.0,0
L,298.5,309.3,1623,33.1,109,0,0,0,0,0,0,10.800000000000011,Medium,Medium,53721.3,0
H,298.4,309.3,1694,30.9,111,0,0,0,0,0,0,10.900000000000034,Medium,Medium,52344.6,0
M,298.4,309.2,1597,33.5,116,0,0,0,0,0,0,10.800000000000011,Medium,Medium,53499.5,0
L,298.5,309.3,1471,44.7,119,0,0,0,0,0,0,10.800000000000011,Medium,Medium,65753.7,0
M,298.5,309.3,1551,34.7,121,0,0,0,0,0,0,10.800000000000011,Medium,Medium,53819.700000000004,0
H,298.5,309.3,1421,50.3,124,0,0,0,0,0,0,10.800000000000011,Medium,Medium,71476.3,0
M,298.4,309.3,1496,45.6,129,0,0,0,0,0,0,10.900000000000034,Medium,Medium,68217.6,0
H,298.4,309.3,1984,19.2,132,0,0,0,0,0,0,10.900000000000034,Medium,Low,38092.799999999996,0
L,298.4,309.2,1692,29.8,137,0,0,0,0,0,0,10.800000000000011,Medium,Medium,50421.6,0
L,298.4,309.1,1467,42.5,139,0,0,0,0,0,0,10.700000000000045,Medium,Medium,62347.5,0
L,298.4,309.2,1651,28.5,141,0,0,0,0,0,0,10.800000000000011,Medium,Medium,47053.5,0
L,298.3,309.1,1417,60.5,143,0,0,0,0,0,0,10.800000000000011,Medium,High,85728.5,0
L,298.2,309.0,1413,55.0,145,0,0,0,0,0,0,10.800000000000011,Medium,High,77715.0,0
M,298.2,309.0,1441,44.2,147,0,0,0,0,0,0,10.800000000000011,Medium,Medium,63692.200000000004,0
M,298.2,309.0,1353,50.3,150,0,0,0,0,0,0,10.800000000000011,Medium,Medium,68055.9,0
L,298.1,309.0,1502,40.9,153,0,0,0,0,0,0,10.899999999999977,Medium,Medium,61431.799999999996,0
L,298.2,309.0,1610,31.7,155,0,0,0,0,0,0,10.800000000000011,Medium,Medium,51037.0,0
M,298.2,309.1,1411,45.8,157,0,0,0,0,0,0,10.900000000000034,Medium,Medium,64623.799999999996,0
L,298.3,309.1,1387,52.3,160,0,0,0,0,0,0,10.800000000000011,Medium,Medium,72540.09999999999,0
H,298.3,309.1,1430,40.9,162,0,0,0,0,0,0,10.800000000000011,Medium,Medium,58487.0,0
M,298.4,309.1,1576,38.8,167,0,0,0,0,0,0,10.700000000000045,Medium,Medium,61148.799999999996,0
M,298.5,309.2,1721,29.4,170,0,0,0,0,0,0,10.699999999999989,High,Medium,50597.399999999994,0
M,298.5,309.3,1465,42.4,173,0,0,0,0,0,0,10.800000000000011,High,Medium,62116.0,0
M,298.6,309.4,1407,45.1,176,0,0,0,0,0,0,10.799999999999955,High,Medium,63455.700000000004,0
M,298.6,309.4,1464,36.9,179,0,0,0,0,0,0,10.799999999999955,High,Medium,54021.6,0
M,298.6,309.5,1568,36.7,182,0,0,0,0,0,0,10.899999999999977,High,Medium,57545.600000000006,0
L,298.6,309.4,1667,35.6,185,0,0,0,0,0,0,10.799999999999955,High,Medium,59345.200000000004,0
L,298.5,309.4,1360,60.9,187,1,0,0,0,1,0,10.899999999999977,High,High,82824.0,0
M,298.5,309.3,1488,43.7,189,0,0,0,0,0,0,10.800000000000011,High,Medium,65025.600000000006,0
L,298.4,309.3,1504,39.3,192,0,0,0,0,0,0,10.900000000000034,High,Medium,59107.2,0
L,298.4,309.2,1610,32.4,194,0,0,0,0,0,0,10.800000000000011,High,Medium,52164.0,0
L,298.4,309.2,1345,52.7,196,0,0,0,0,0,0,10.800000000000011,High,High,70881.5,0
M,298.3,309.3,1376,57.0,198,0,0,0,0,0,0,11.0,High,High,78432.0,0
L,298.4,309.4,1385,50.0,201,0,0,0,0,0,0,11.0,High,Medium,69250.0,1
M,298.4,309.4,1429,41.8,203,0,0,0,0,0,0,11.0,High,Medium,59732.2,1
L,298.3,309.3,1337,56.1,206,1,0,0,0,1,0,11.0,High,High,75005.7,1
L,298.4,309.3,1542,35.4,208,0,0,0,0,0,0,10.900000000000034,High,Medium,54586.799999999996,1
L,298.4,309.2,2118,17.7,210,0,0,0,0,0,0,10.800000000000011,High,Low,37488.6,1
L,298.3,309.1,1386,45.3,212,0,0,0,0,0,0,10.800000000000011,High,Medium,62785.799999999996,1
M,298.3,309.1,1632,32.7,0,0,0,0,0,0,0,10.800000000000011,Low,Medium,53366.4,0
L,298.4,309.3,1545,36.9,3,0,0,0,0,0,0,10.900000000000034,Low,Medium,57010.5,0
M,298.4,309.3,1390,53.6,5,0,0,0,0,0,0,10.900000000000034,Low,High,74504.0,0
M,298.4,309.3,1355,50.6,8,0,0,0,0,0,0,10.900000000000034,Low,Medium,68563.0,0
L,298.4,309.2,1425,45.5,11,0,0,0,0,0,0,10.800000000000011,Low,Medium,64837.5,0
M,298.4,309.2,1491,51.2,13,0,0,0,0,0,0,10.800000000000011,Low,Medium,76339.2,0
H,298.3,309.2,1486,42.4,16,0,0,0,0,0,0,10.899999999999977,Low,Medium,63006.4,0
M,298.3,309.2,1359,51.4,21,0,0,0,0,0,0,10.899999999999977,Low,Medium,69852.59999999999,0
L,298.4,309.3,1395,47.6,24,0,0,0,0,0,0,10.900000000000034,Low,Medium,66402.0,0
L,298.3,309.2,1383,52.1,26,0,0,0,0,0,0,10.899999999999977,Low,Medium,72054.3,0
H,298.3,309.1,1484,37.0,28,0,0,0,0,0,0,10.800000000000011,Low,Medium,54908.0,0
L,298.3,309.1,1421,47.4,33,0,0,0,0,0,0,10.800000000000011,Low,Medium,67355.4,0
L,298.3,309.0,1339,58.8,35,0,0,0,0,0,0,10.699999999999989,Low,High,78733.2,0
L,298.4,309.1,1362,46.1,37,0,0,0,0,0,0,10.700000000000045,Low,Medium,62788.200000000004,0
H,298.5,309.2,1568,40.6,39,0,0,0,0,0,0,10.699999999999989,Low,Medium,63660.8,0
L,298.6,309.4,2312,15.5,44,0,0,0,0,0,0,10.799999999999955,Low,Low,35836.0,0
M,298.5,309.3,1498,34.6,46,0,0,0,0,0,0,10.800000000000011,Low,Medium,51830.8,0
M,298.5,309.3,1761,27.2,49,0,0,0,0,0,0,10.800000000000011,Low,Low,47899.2,0
L,298.6,309.4,1316,51.4,52,0,0,0,0,0,0,10.799999999999955,Low,Medium,67642.4,0
L,298.6,309.4,1525,37.8,54,0,0,0,0,0,0,10.799999999999955,Low,Medium,57644.99999999999,0
H,298.6,309.4,1362,45.3,56,0,0,0,0,0,0,10.799999999999955,Low,Medium,61698.6,0
L,298.7,309.6,1516,38.5,61,0,0,0,0,0,0,10.900000000000034,Low,Medium,58366.0,0
L,298.6,309.5,1450,44.2,63,0,0,0,0,0,0,10.899999999999977,Low,Medium,64090.00000000001,0
M,298.6,309.5,1366,55.0,65,0,0,0,0,0,0,10.899999999999977,Low,High,75130.0,0
L,298.5,309.5,1547,33.1,68,0,0,0,0,0,0,11.0,Low,Medium,51205.700000000004,0
M,298.6,309.5,1580,33.9,70,0,0,0,0,0,0,10.899999999999977,Low,Medium,53562.0,0
H,298.7,309.6,1755,26.9,73,0,0,0,0,0,0,10.900000000000034,Low,Low,47209.5,0
M,298.7,309.6,1800,24.8,78,0,0,0,0,0,0,10.900000000000034,Low,Low,44640.0,0
M,298.8,309.7,1439,45.8,81,0,0,0,0,0,0,10.899999999999977,Low,Medium,65906.2,0
L,298.9,309.8,1411,56.3,84,0,0,0,0,0,0,10.900000000000034,Low,High,79439.3,0
M,298.9,309.9,1645,31.4,86,0,0,0,0,0,0,11.0,Medium,Medium,51653.0,0
M,298.9,309.8,2450,13.9,89,0,0,0,0,0,0,10.900000000000034,Medium,Low,34055.0,0
L,299.0,309.9,1630,34.0,92,0,0,0,0,0,0,10.899999999999977,Medium,Medium,55420.0,0
L,299.0,309.9,1411,44.7,94,0,0,0,0,0,0,10.899999999999977,Medium,Medium,63071.700000000004,0
L,298.9,309.9,1526,35.4,96,0,0,0,0,0,0,11.0,Medium,Medium,54020.4,0
L,298.9,309.9,1590,31.3,98,0,0,0,0,0,0,11.0,Medium,Medium,49767.0,0
H,299.0,309.9,1884,25.6,100,0,0,0,0,0,0,10.899999999999977,Medium,Low,48230.4,0
M,298.9,309.8,1947,21.7,105,0,0,0,0,0,0,10.900000000000034,Medium,Low,42249.9,0
L,298.9,309.9,1373,52.1,108,0,0,0,0,0,0,11.0,Medium,Medium,71533.3,0
L,298.9,309.8,1616,36.5,110,0,0,0,0,0,0,10.900000000000034,Medium,Medium,58984.0,0
M,298.9,309.9,1449,44.1,112,0,0,0,0,0,0,11.0,Medium,Medium,63900.9,0
M,298.9,309.8,1363,50.6,115,0,0,0,0,0,0,10.900000000000034,Medium,Medium,68967.8,0
H,298.8,309.7,1461,55.1,118,0,0,0,0,0,0,10.899999999999977,Medium,High,80501.1,0
L,298.8,309.7,1374,58.6,123,0,0,0,0,0,0,10.899999999999977,Medium,High,80516.40000000001,0
L,298.7,309.7,1293,59.1,125,0,0,0,0,0,0,11.0,Medium,High,76416.3,0
M,298.8,309.8,1490,38.6,127,0,0,0,0,0,0,11.0,Medium,Medium,57514.0,0
L,298.8,309.8,1753,27.5,130,0,0,0,0,0,0,11.0,Medium,Low,48207.5,0
L,298.8,309.8,1493,38.5,132,0,0,0,0,0,0,11.0,Medium,Medium,57480.5,0
L,298.8,309.8,1895,22.0,134,0,0,0,0,0,0,11.0,Medium,Low,41690.0,0
H,298.7,309.6,1654,34.3,136,0,0,0,0,0,0,10.900000000000034,Medium,Medium,56732.2,0
L,298.7,309.5,1673,30.8,141,0,0,0,0,0,0,10.800000000000011,Medium,Medium,51528.4,0
L,298.8,309.6,1613,27.7,143,0,0,0,0,0,0,10.800000000000011,Medium,Low,44680.1,0
L,298.8,309.6,1903,22.3,145,0,0,0,0,0,0,10.800000000000011,Medium,Low,42436.9,0
L,298.8,309.5,1368,44.7,147,0,0,0,0,0,0,10.699999999999989,Medium,Medium,61149.600000000006,0
M,298.8,309.6,1575,34.4,149,0,0,0,0,0,0,10.800000000000011,Medium,Medium,54180.0,0
H,298.8,309.6,1516,40.2,152,0,0,0,0,0,0,10.800000000000011,Medium,Medium,60943.200000000004,0
L,298.8,309.5,1645,32.8,157,0,0,0,0,0,0,10.699999999999989,Medium,Medium,53955.99999999999,0
L,298.8,309.5,1374,48.1,159,0,0,0,0,0,0,10.699999999999989,Medium,Medium,66089.40000000001,0
H,298.9,309.7,1407,48.6,161,0,0,0,0,0,0,10.800000000000011,Medium,Medium,68380.2,0
M,298.9,309.6,1284,55.3,166,0,0,0,0,0,0,10.700000000000045,Medium,High,71005.2,0
L,298.9,309.5,1645,31.1,169,0,0,0,0,0,0,10.600000000000023,High,Medium,51159.5,0
L,298.8,309.4,1387,54.1,171,0,0,0,0,0,0,10.599999999999966,High,High,75036.7,0
M,298.8,309.3,1618,35.1,173,0,0,0,0,0,0,10.5,High,Medium,56791.8,0
L,298.8,309.3,1357,47.1,176,0,0,0,0,0,0,10.5,High,Medium,63914.700000000004,0
L,298.7,309.2,1396,44.8,178,0,0,0,0,0,0,10.5,High,Medium,62540.799999999996,0
L,298.7,309.2,1586,31.4,180,0,0,0,0,0,0,10.5,High,Medium,49800.399999999994,0
H,298.7,309.2,1449,42.3,182,0,0,0,0,0,0,10.5,High,Medium,61292.7,0
M,298.7,309.2,1423,48.9,187,0,0,0,0,0,0,10.5,High,Medium,69584.7,0
H,298.7,309.3,1402,45.3,190,0,0,0,0,0,0,10.600000000000023,High,Medium,63510.6,0
M,298.7,309.2,1437,45.7,195,0,0,0,0,0,0,10.5,High,Medium,65670.90000000001,0
L,298.6,309.1,1537,35.7,198,0,0,0,0,0,0,10.5,High,Medium,54870.9,0
M,298.7,309.1,1423,49.5,200,0,0,0,0,0,0,10.400000000000034,High,Medium,70438.5,1
M,298.6,309.1,1587,37.3,203,0,0,0,0,0,0,10.5,High,Medium,59195.1,1
M,298.6,309.1,1487,43.2,206,0,0,0,0,0,0,10.5,High,Medium,64238.4,1
L,298.6,309.0,1456,47.7,0,0,0,0,0,0,0,10.399999999999977,Low,Medium,69451.2,0
L,298.7,309.1,1607,32.7,2,0,0,0,0,0,0,10.400000000000034,Low,Medium,52548.9,0
L,298.6,309.0,1469,46.0,4,0,0,0,0,0,0,10.399999999999977,Low,Medium,67574.0,0
M,298.6,309.0,1481,40.8,6,0,0,0,0,0,0,10.399999999999977,Low,Medium,60424.799999999996,0
L,298.6,308.9,1327,58.8,9,0,0,0,0,0,0,10.299999999999955,Low,High,78027.59999999999,0
L,298.5,308.8,1589,30.6,11,0,0,0,0,0,0,10.300000000000011,Low,Medium,48623.4,0
L,298.5,308.8,1670,29.6,13,0,0,0,0,0,0,10.300000000000011,Low,Medium,49432.0,0
M,298.5,308.7,1662,28.3,15,0,0,0,0,0,0,10.199999999999989,Low,Medium,47034.6,0
M,298.5,308.8,1553,34.9,18,0,0,0,0,0,0,10.300000000000011,Low,Medium,54199.7,0
M,298.5,308.8,1557,36.0,21,0,0,0,0,0,0,10.300000000000011,Low,Medium,56052.0,0
L,298.4,308.8,1352,56.7,24,0,0,0,0,0,0,10.400000000000034,Low,High,76658.40000000001,0
L,298.5,308.8,1305,58.7,26,0,0,0,0,0,0,10.300000000000011,Low,High,76603.5,0
H,298.5,308.7,1450,43.9,28,0,0,0,0,0,0,10.199999999999989,Low,Medium,63655.0,0
M,298.5,308.7,1347,48.5,33,0,0,0,0,0,0,10.199999999999989,Low,Medium,65329.5,0
H,298.6,308.8,1566,39.1,36,0,0,0,0,0,0,10.199999999999989,Low,Medium,61230.600000000006,0
M,298.5,308.7,1615,33.3,41,0,0,0,0,0,0,10.199999999999989,Low,Medium,53779.49999999999,0
M,298.5,308.6,1384,54.4,44,0,0,0,0,0,0,10.100000000000023,Low,High,75289.59999999999,0
M,298.5,308.7,1367,47.3,47,0,0,0,0,0,0,10.199999999999989,Low,Medium,64659.1,0
M,298.5,308.6,1897,20.2,50,0,0,0,0,0,0,10.100000000000023,Low,Low,38319.4,0
L,298.5,308.6,1522,36.9,53,0,0,0,0,0,0,10.100000000000023,Low,Medium,56161.799999999996,0
M,298.4,308.5,1576,27.4,55,0,0,0,0,0,0,10.100000000000023,Low,Low,43182.399999999994,0
H,298.4,308.4,1479,39.2,58,0,0,0,0,0,0,10.0,Low,Medium,57976.8,0
L,298.3,308.3,1452,45.5,63,0,0,0,0,0,0,10.0,Low,Medium,66066.0,0
L,298.3,308.3,1432,46.9,65,0,0,0,0,0,0,10.0,Low,Medium,67160.8,0
L,298.3,308.2,1663,28.4,67,0,0,0,0,0,0,9.899999999999977,Low,Medium,47229.2,0
L,298.3,308.3,1597,32.4,69,0,0,0,0,0,0,10.0,Low,Medium,51742.799999999996,0
L,298.3,308.2,1472,44.3,71,0,0,0,0,0,0,9.899999999999977,Low,Medium,65209.6,0
L,298.4,308.3,1452,48.5,73,0,0,0,0,0,0,9.900000000000034,Low,Medium,70422.0,0
H,298.3,308.2,1534,33.2,75,0,0,0,0,0,0,9.899999999999977,Low,Medium,50928.8,0
L,298.3,308.1,1505,46.1,80,0,0,0,0,0,0,9.800000000000011,Low,Medium,69380.5,0
L,298.3,308.1,1528,33.9,82,0,0,0,0,0,0,9.800000000000011,Low,Medium,51799.2,0
H,298.3,308.1,2636,12.8,84,0,0,0,0,0,0,9.800000000000011,Low,Low,33740.8,0
M,298.3,308.1,1722,28.6,89,0,0,0,0,0,0,9.800000000000011,Medium,Medium,49249.200000000004,0
L,298.4,308.1,1395,44.0,92,0,0,0,0,0,0,9.700000000000045,Medium,Medium,61380.0,0
L,298.4,308.1,1375,50.8,94,0,0,0,0,0,0,9.700000000000045,Medium,Medium,69850.0,0
M,298.3,308.0,1766,26.0,96,0,0,0,0,0,0,9.699999999999989,Medium,Low,45916.0,0
L,298.3,307.9,1399,47.8,99,0,0,0,0,0,0,9.599999999999966,Medium,Medium,66872.2,0
L,298.3,308.0,1578,37.8,101,0,0,0,0,0,0,9.699999999999989,Medium,Medium,59648.399999999994,0
L,298.3,307.9,1502,42.0,103,0,0,0,0,0,0,9.599999999999966,Medium,Medium,63084.0,0
M,298.2,307.9,1529,36.6,105,0,0,0,0,0,0,9.699999999999989,Medium,Medium,55961.4,0
L,298.2,307.8,1804,25.1,108,0,0,0,0,0,0,9.600000000000023,Medium,Low,45280.4,0
M,298.2,307.8,1411,53.4,110,0,0,0,0,0,0,9.600000000000023,Medium,High,75347.4,0
L,298.1,307.8,1413,54.1,113,0,0,0,0,0,0,9.699999999999989,Medium,High,76443.3,0
L,298.2,307.8,1355,59.4,115,0,0,0,0,0,0,9.600000000000023,Medium,High,80487.0,0
L,298.2,307.8,1429,46.9,117,0,0,0,0,0,0,9.600000000000023,Medium,Medium,67020.09999999999,0
L,298.1,307.8,1565,35.3,119,0,0,0,0,0,0,9.699999999999989,Medium,Medium,55244.49999999999,0
M,298.1,307.9,1446,42.8,121,0,0,0,0,0,0,9.799999999999955,Medium,Medium,61888.799999999996,0
M,298.2,307.9,1462,38.8,124,0,0,0,0,0,0,9.699999999999989,Medium,Medium,56725.6,0
M,298.2,307.8,1578,34.5,127,0,0,0,0,0,0,9.600000000000023,Medium,Medium,54441.0,0
L,298.1,307.8,1606,33.0,130,0,0,0,0,0,0,9.699999999999989,Medium,Medium,52998.0,0
M,298.1,307.8,1525,35.9,132,0,0,0,0,0,0,9.699999999999989,Medium,Medium,54747.5,0
L,298.1,307.8,1379,49.1,135,0,0,0,0,0,0,9.699999999999989,Medium,Medium,67708.90000000001,0
L,298.2,307.8,1575,35.0,137,0,0,0,0,0,0,9.600000000000023,Medium,Medium,55125.0,0
L,298.2,307.9,1399,54.9,139,0,0,0,0,0,0,9.699999999999989,Medium,High,76805.09999999999,0
L,298.2,307.9,1429,49.4,141,0,0,0,0,0,0,9.699999999999989,Medium,Medium,70592.59999999999,0
L,298.3,307.9,1435,39.9,143,0,0,0,0,0,0,9.599999999999966,Medium,Medium,57256.5,0
L,298.3,307.9,1766,26.5,145,0,0,0,0,0,0,9.599999999999966,Medium,Low,46799.0,0
L,298.3,307.9,1703,28.9,147,0,0,0,0,0,0,9.599999999999966,Medium,Medium,49216.7,0
L,298.3,307.9,1507,41.2,149,0,0,0,0,0,0,9.599999999999966,Medium,Medium,62088.4,0
M,298.3,307.9,1609,32.4,151,0,0,0,0,0,0,9.599999999999966,Medium,Medium,52131.6,0
L,298.4,308.0,1605,32.4,154,0,0,0,0,0,0,9.600000000000023,Medium,Medium,52002.0,0
L,298.4,308.1,1491,50.0,156,0,0,0,0,0,0,9.700000000000045,Medium,Medium,74550.0,0
H,298.4,308.1,1891,24.7,158,0,0,0,0,0,0,9.700000000000045,Medium,Low,46707.7,0
H,298.5,308.2,1563,44.6,163,0,0,0,0,0,0,9.699999999999989,Medium,Medium,69709.8,0
L,298.6,308.2,1390,51.4,168,0,0,0,0,0,0,9.599999999999966,Medium,Medium,71446.0,0
L,298.5,308.2,1444,40.5,170,0,0,0,0,0,0,9.699999999999989,High,Medium,58482.0,0
L,298.6,308.2,1361,68.2,172,1,0,0,1,1,0,9.599999999999966,High,High,92820.2,0
M,298.6,308.3,1589,34.1,174,0,0,0,0,0,0,9.699999999999989,High,Medium,54184.9,0
L,298.6,308.2,1705,26.3,177,0,0,0,0,0,0,9.599999999999966,High,Low,44841.5,0
L,298.6,308.3,1422,40.4,179,0,0,0,0,0,0,9.699999999999989,High,Medium,57448.799999999996,0
H,298.6,308.3,1377,52.1,181,0,0,0,0,0,0,9.699999999999989,High,Medium,71741.7,0
L,298.5,308.3,1334,49.8,186,0,0,0,0,0,0,9.800000000000011,High,Medium,66433.2,0
L,298.6,308.4,1559,36.6,188,0,0,0,0,0,0,9.799999999999955,High,Medium,57059.4,0
L,298.7,308.5,1353,47.0,190,0,0,0,0,0,0,9.800000000000011,High,Medium,63591.0,0
M,298.7,308.4,1507,45.7,192,0,0,0,0,0,0,9.699999999999989,High,Medium,68869.90000000001,0
L,298.7,308.4,1694,28.7,195,0,0,0,0,0,0,9.699999999999989,High,Medium,48617.799999999996,0
H,298.7,308.4,1432,42.8,197,0,0,0,0,0,0,9.699999999999989,High,Medium,61289.6,0
H,298.7,308.5,1572,35.6,202,0,0,0,0,0,0,9.800000000000011,High,Medium,55963.200000000004,1
M,298.8,308.6,1507,42.3,207,0,0,0,0,0,0,9.800000000000011,High,Medium,63746.1,1
M,298.8,308.6,1500,37.1,210,0,0,0,0,0,0,9.800000000000011,High,Medium,55650.0,1
L,298.9,308.6,1771,24.1,213,0,0,0,0,0,0,9.700000000000045,High,Low,42681.100000000006,1
M,298.8,308.5,1577,33.2,0,0,0,0,0,0,0,9.699999999999989,Low,Medium,52356.4,0
L,298.8,308.5,1527,36.2,3,0,0,0,0,0,0,9.699999999999989,Low,Medium,55277.4,0
M,298.9,308.4,1827,26.1,5,0,0,0,0,0,0,9.5,Low,Low,47684.700000000004,0
L,298.8,308.4,1484,39.2,8,0,0,0,0,0,0,9.599999999999966,Low,Medium,58172.8,0
L,298.8,308.4,1401,47.3,10,0,0,0,0,0,0,9.599999999999966,Low,Medium,66267.3,0
L,298.8,308.3,1634,27.9,12,0,0,0,0,0,0,9.5,Low,Low,45588.6,0
M,298.8,308.4,1604,29.5,14,0,0,0,0,0,0,9.599999999999966,Low,Medium,47318.0,0
H,298.9,308.4,1632,31.8,17,0,0,0,0,0,0,9.5,Low,Medium,51897.6,0
M,299.0,308.6,1645,33.4,22,0,0,0,0,0,0,9.600000000000023,Low,Medium,54943.0,0
H,299.0,308.7,1408,48.5,25,0,0,0,0,0,0,9.699999999999989,Low,Medium,68288.0,0
M,299.0,308.7,1500,40.2,30,0,0,0,0,0,0,9.699999999999989,Low,Medium,60300.00000000001,0
